step,heading_rad,heading_deg
1,-1.455492377281189,-83.39357033167504
2,-1.6930763721466064,-97.00613051732128
3,-1.7454097270965576,-100.00461088371355
4,-3.076894760131836,-176.293083761472
5,-2.5283186435699463,-144.86198754079902
6,-1.1534518003463745,-66.08792003161372
7,-1.9473881721496582,-111.57712333787121
8,-2.2975127696990967,-131.63778508117053
9,-0.7047821283340454,-40.381041429788354
10,-2.4178972244262695,-138.53530625602127
11,-1.835927963256836,-105.19092378466597
12,0.2751094102859497,15.762608113717876
13,-0.7882409691810608,-45.16288077337638
14,-1.3244452476501465,-75.8851228865125
15,-2.1020233631134033,-120.43706714429334
16,-1.2397723197937012,-71.03372148132249
17,-2.077310800552368,-119.02114160859301
18,-0.8181275129318237,-46.87525359452818
19,-1.2748969793319702,-73.04621622969924
20,-1.4649245738983154,-83.93399538937395
21,-1.2661011219024658,-72.54225072178984
22,-1.0814093351364136,-61.9601908293649
23,-1.1448655128479004,-65.59596199626522
24,1.979901909828186,113.44002328304634
25,1.4317725896835327,82.03452661138257
26,1.0398684740066528,59.58007480929056
27,0.5895476341247559,33.77859125727134
28,-2.0806140899658203,-119.21040615049407
29,0.15023741126060486,8.607969590203888
30,0.0828765332698822,4.748475577039803
31,0.11103277653455734,6.361709483049339
32,0.05056481435894966,2.897150454630319
33,0.11027546972036362,6.31831899879954
34,-0.07498183101415634,-4.2961424572743
35,0.80355304479599,46.04019808169701
36,1.1680426597595215,66.92391469545578
37,1.7832636833190918,102.17348281313774
38,1.648055911064148,94.42664810556343
39,0.7254946231842041,41.5677799678889
40,0.3093850612640381,17.726458254825793
41,1.115030288696289,63.88652957155111
42,0.9980106949806213,57.18180073130773
43,0.680870532989502,39.01100793512135
44,1.2501710653305054,71.62952571281187
45,1.6555533409118652,94.85621919303304
46,1.055977463722229,60.50305193221272
47,1.61431086063385,92.49319913645124
48,1.8104557991027832,103.73147628357434
49,1.1847268342971802,67.87984748112325
50,1.2946772575378418,74.17954268849029
51,1.6392422914505005,93.92166489946771
52,1.3393194675445557,76.73735291001168
53,1.7929902076721191,102.73077160789742
54,1.4735630750656128,84.42894504757892
55,1.5666555166244507,89.76274905346861
56,1.742046594619751,99.81191758684915
57,1.7103042602539062,97.99321579579318
58,2.0075876712799072,115.02630056683596
59,1.8565067052841187,106.36999885051777
60,1.5158014297485352,86.84902450448702
61,1.8179054260253906,104.15830846518676
62,2.0629630088806152,118.19907370046862
63,2.1593329906463623,123.72066692739863
64,2.0230138301849365,115.91015436619229
65,1.7358148097991943,99.45486261779757
66,1.1167552471160889,63.98536240884119
67,0.790251612663269,45.2780821590124
68,0.9525556564331055,54.57741886493061
69,0.014505565166473389,0.8311076634909066
70,1.861345648765564,106.64724988930692
71,2.000640630722046,114.62826446276429
72,2.2575769424438477,129.34963072808122
73,1.9147236347198486,109.70558320339603
74,1.2827262878417969,73.49480256381817
75,1.805554986000061,103.45068037660593
76,1.3943737745285034,79.8917323442095
77,0.7644845247268677,43.80173676991414
78,1.064070224761963,60.966732984397375
79,1.0606273412704468,60.76947029097824
80,0.24607235193252563,14.098907220591586
81,-0.21438923478126526,-12.283598326005814
82,-0.23926083743572235,-13.70863618783258
83,-1.8181425333023071,-104.17189371144592
84,-2.0138885974884033,-115.38731704560615
85,-1.890650987625122,-108.32632212316032
86,-0.8415975570678711,-48.21998806850946
87,-0.1419881284236908,-8.135320499639006
88,0.1769721359014511,10.139756478568783
89,0.15685710310935974,8.987249994814695
90,-0.4307222366333008,-24.678566301523272
91,-0.16640405356884003,-9.534249963363397
92,-0.5394266843795776,-30.906872371685328
93,-0.3785197138786316,-21.687582067745083
94,-0.9230740666389465,-52.88824819638934
95,-1.4321620464324951,-82.056840839401
96,-1.2333950996398926,-70.66833368148349
97,-1.2333353757858276,-70.66491175670932
98,-0.7032832503318787,-40.2951620462592
99,-0.26616454124450684,-15.25010486934597
100,0.31862473487854004,18.255852557015142
101,0.0698850080370903,4.004116011763112
102,-1.1505903005599976,-65.92396817077675
103,-1.2371749877929688,-70.88490531968625
104,-1.655170202255249,-94.83426696504063
105,-1.193673014640808,-68.39242585757603
106,-0.6735478639602661,-38.59144990497497
107,-1.4361484050750732,-82.28524236524623
108,-1.2462059259414673,-71.40233996063891
109,-1.624385118484497,-93.07041159301986
110,-1.5984294414520264,-91.58326084465463
111,-1.1145838499069214,-63.86095051310941
112,-0.9039978981018066,-51.79526424993097
113,-0.8132013082504272,-46.59300285726657
114,-0.7108036279678345,-40.72604794514404
115,-0.4720231890678406,-27.044936565892964
116,-0.3549988865852356,-20.339937933177378
117,-0.314598947763443,-18.025191946101934
118,1.3546422719955444,77.61528493535761
119,1.0336878299713135,59.22594999139291
120,2.3186452388763428,132.84858637571702
121,2.2200844287872314,127.20146793222052
122,1.803961157798767,103.35936074740286
123,1.8388489484786987,105.3582839098988
124,0.6362355947494507,36.45361435513932
125,0.4297369122505188,24.62211137293853
126,1.0002981424331665,57.31286181619652
127,0.5988861918449402,34.31365120137721
128,0.40133267641067505,22.99466853902125
129,1.0674711465835571,61.16159145122867
130,0.7912439107894897,45.33493665366358
131,0.8810939192771912,50.4829629292235
132,1.1193450689315796,64.13374826855971
133,1.0653903484344482,61.0423704992661
134,1.097520351409912,62.883284065502956
135,1.0698844194412231,61.29986180078641
136,0.9970839023590088,57.12869942560547
137,1.2556657791137695,71.94434962222527
138,1.9779601097106934,113.32876633165601
139,2.03534197807312,116.61650520939833
140,2.334289073944092,133.7449121004978
141,2.312446355819702,132.49341653887637
142,2.1109304428100586,120.94740521869835
143,2.680056095123291,153.55590310887646
144,2.2783656120300293,130.54073375706142
145,2.4193196296691895,138.61680407319787
146,2.4339914321899414,139.45743643548636
147,2.6989166736602783,154.63653465822085
148,2.698962926864624,154.63918477161883
149,2.1181368827819824,121.36030381440396
150,2.2390706539154053,128.2892985009501
151,0.6849137544631958,39.24266746120067
152,1.0721046924591064,61.42707407407789
153,0.17766058444976807,10.179201674799254
154,0.3330744504928589,19.083760276879897
155,0.6606758236885071,37.853936323680756
156,0.23573163151741028,13.506427583680708
157,0.3124943673610687,17.90460837139994
158,0.3542563021183014,20.297390977290075
159,0.05673125386238098,3.2504614127996807
160,0.6028268337249756,34.53943334967574
161,0.5580531358718872,31.97408942949982
162,-0.27223455905914307,-15.597891271693848
163,-0.22450591623783112,-12.8632414761453
164,-0.6648972630500793,-38.09580698256924
165,-0.7226455211639404,-41.404538446725596
166,-0.8724702596664429,-49.98886362957019
167,-0.9787724614143372,-56.079531142672735
168,-0.8779088854789734,-50.300473934979095
169,-0.7854676246643066,-45.00397983743061
170,-0.8782376646995544,-50.319311596709994
171,-0.7388087511062622,-42.33062330572012
172,-0.47722485661506653,-27.342970162779178
173,-0.5164289474487305,-29.58919910719564
174,-0.7215774655342102,-41.343343366856864
175,-0.6809293627738953,-39.01437863347675
176,-0.955015242099762,-54.718342742980894
177,-0.5425921678543091,-31.088241214905846
178,-0.33297014236450195,-19.077783861356135
179,-0.19182416796684265,-10.990715233108686
180,-0.09481029212474823,-5.4322295931505
181,0.39866387844085693,22.841757678977594
182,0.16319799423217773,9.350556294504136
183,0.14768031239509583,8.461458617412529
184,0.0957283079624176,5.484828026175122
185,-0.014063790440559387,-0.8057958362004856
186,-0.04401666671037674,-2.521969230738576
187,0.4379841983318329,25.094646057834815
188,-0.19626447558403015,-11.245126119313321
189,-0.4097256362438202,-23.475549715083293
190,-0.70114666223526,-40.172744565765065
191,-0.7611825466156006,-43.612547360093956
192,-0.5403956770896912,-30.962391564353776
193,-0.5517722964286804,-31.614223837604776
194,-0.500432550907135,-28.672673097944553
195,-0.42462044954299927,-24.328959653761583
196,-0.511703610420227,-29.318457238685504
197,-0.9365522861480713,-53.66049328961308
198,-0.959057092666626,-54.949923721884765
199,-0.4933208227157593,-28.265201087534518
200,-0.07142007350921631,-4.09206878459219
201,-0.07104722410440445,-4.070706087302505
202,0.08216986060142517,4.707986215639966
203,0.14692166447639465,8.417991293534568
204,0.044683393090963364,2.560169838436223
205,0.14995655417442322,8.591877664519338
206,0.010069772601127625,0.5769554707010859
207,0.016572020947933197,0.949506858318962
208,-0.009909138083457947,-0.5677517907944937
209,-0.04224441200494766,-2.420426515895289
210,0.3289535641670227,18.847650882556312
211,-0.47817426919937134,-27.397367496876452
212,-0.5692548751831055,-32.61590181523841
213,-0.8108302354812622,-46.45715039467502
214,-0.7332374453544617,-42.01141099976498
215,-0.6169379949569702,-35.34794333229766
216,-0.5495311617851257,-31.485816281208535
217,-0.7470093369483948,-42.80048226400905
218,-0.9053901433944702,-51.87503402924755
219,0.12731102108955383,7.29438419393245
220,0.4383085072040558,25.113227587471837
221,0.1771363765001297,10.149166771697768
222,-1.0120052099227905,-57.9836273738268
223,0.20364543795585632,11.66802411196383
224,0.32759013772010803,18.769532301471582
225,-0.08906195312738419,-5.102874029391077
226,0.1774522364139557,10.167264211677363
227,-0.256985068321228,-14.724159812687478
228,-0.03727687895298004,-2.1358078374258036
229,-0.5060932040214539,-28.997004630682607
230,0.21495291590690613,12.31589487549622
231,0.09727884829044342,5.5736674429358315
232,-0.40980979800224304,-23.48037182863732
233,-0.2013944685459137,-11.539053064961065
234,0.17203107476234436,9.856654528981863
235,0.011656790971755981,0.6678849253478193
236,0.08622463792562485,4.940307843181957
237,0.1574563980102539,9.021587063319641
238,0.2788892686367035,15.979178044373349
239,0.009979248046875,0.5717687958001074
240,-0.13608206808567047,-7.796928168720832
241,-0.5118173360824585,-29.324973239153696
242,-1.7861989736557007,-102.34166256107096
243,-1.833816647529602,-105.06995430427588
244,-2.0650665760040283,-118.31959921856267
245,-2.3526270389556885,-134.79560010052086
246,-3.0303237438201904,-173.6247610791798
247,-1.7739800214767456,-101.64156817114466
248,-1.479720115661621,-84.78171748802092
249,-2.6044740676879883,-149.22537192979163
250,-3.025515079498291,-173.34924490843983
251,-1.8835315704345703,-107.91840956554883
252,-1.417866587638855,-81.23777138432224
253,-1.3789986371994019,-79.01080186581792
254,-3.0659871101379395,-175.66812145241582
255,-2.35638427734375,-135.01087400278132
256,-1.1455326080322266,-65.63418373486061
257,-1.4677201509475708,-84.09417015559993
258,-1.0575237274169922,-60.591646315936956
259,-0.941085159778595,-53.920207817708224
260,-1.613110065460205,-92.4243986409417
261,-0.8536562919616699,-48.91090268419127
262,-0.5776160955429077,-33.09496445343393
263,-1.6839430332183838,-96.48282874387158
264,-0.9151914715766907,-52.43660876771142
265,-0.5370025634765625,-30.76798047491312
266,-0.36647769808769226,-20.997625386094366
267,-1.24481201171875,-71.32247455867395
268,-0.6592130661010742,-37.77012648747011
269,-1.1683019399642944,-66.93877035690055
270,-1.1749693155288696,-67.32078283717937
271,0.4118536114692688,23.597473714409897
272,0.3554733991622925,20.367125501168612
273,0.09554966539144516,5.474592560817035
274,0.06968396157026291,3.9925968977278856
275,0.1017284244298935,5.828609376348435
276,0.21411380171775818,12.2678171739285
277,-0.4912801682949066,-28.148280201774945
278,0.24818141758441925,14.219747781161097
279,0.7104268670082092,40.704461132272215
280,0.46779635548591614,26.80275684094453
281,-0.15844307839870453,-9.078119685306191
282,-0.5124265551567078,-29.359878920907047
283,-0.49083757400512695,-28.12292141693398
284,-0.1847877949476242,-10.587560756027743
285,-0.9649133086204529,-55.285460179956225
286,-0.20531582832336426,-11.763730430161342
287,0.8647373914718628,49.545802918489805
288,0.8440625071525574,48.361219305072396
289,0.2650507390499115,15.186288704383248
290,0.37624865770339966,21.55746013386717
291,0.7115300893783569,40.767671117946094
292,0.8157936334609985,46.74153215095767
293,-0.46312981843948364,-26.535383963242502
294,0.08144553005695343,4.666485132469323
295,0.18254296481609344,10.458941463767234
296,0.46517226099967957,26.652407301839624
297,0.33492007851600647,19.189506973157325
298,0.2556770145893097,14.64921385447222
299,0.5927330255508423,33.961100742083254
300,0.3433524966239929,19.67264894183464
301,-0.45191189646720886,-25.892644379324086
302,-0.2780963182449341,-15.933745333561715
303,-0.1690935343503952,-9.688345861228056
304,-0.16214311122894287,-9.290115950538693
305,-0.2883843779563904,-16.523207734406743
306,-1.007117509841919,-57.7035827876671
307,-2.7801058292388916,-159.28833061510642
308,-2.630089282989502,-150.6930156578873
309,-2.1434977054595947,-122.81337191881082
310,-0.5788465142250061,-33.16546225095222
311,-1.3431874513626099,-76.95897205801108
312,-0.7661617994308472,-43.89783753153622
313,-0.6762874126434326,-38.74841448229104
314,-0.6397345066070557,-36.65408723746837
315,-1.1816948652267456,-67.70612844977315
316,-1.525540828704834,-87.40705095967705
317,-2.307116746902466,-132.18805244146344
318,-2.3335132598876953,-133.70046122937936
319,-1.9325919151306152,-110.72936025808923
320,-1.1544235944747925,-66.14359973372767
321,-0.6206423044204712,-35.56018463056664
322,-0.1507604420185089,-8.637937045187318
323,-1.2287214994430542,-70.40055611507314
324,-1.1906118392944336,-68.21703342987927
325,-1.7058197259902954,-97.73627090940647
326,-1.5779144763946533,-90.4078399300088
327,-0.9205031394958496,-52.74094492165426
328,0.41053980588912964,23.52219819956719
329,-0.8600677251815796,-49.278250748322066
330,-0.8975167274475098,-51.42392052513572
331,0.2031509280204773,11.639690779739325
332,-0.17296218872070312,-9.91000342904154
333,-0.22209730744361877,-12.725238357738839
334,-0.003700658679008484,-0.2120321237256446
335,-0.06871313601732254,-3.936972690900948
336,-0.5707292556762695,-32.700377594893126
337,-1.0248126983642578,-58.71744240768545
338,-0.8326358199119568,-47.70651835237
339,0.7443392276763916,42.64749627188451
340,0.5112639665603638,29.293267501026495
341,0.4234905242919922,24.264219705713618
342,0.33320632576942444,19.091316173649222
343,0.9683307409286499,55.481264627987564
344,-1.1026772260665894,-63.178751218808536
345,-1.472644329071045,-84.37630477964564
346,-0.8453128337860107,-48.43285774418208
347,0.32385045289993286,18.555264144566404
348,0.21482355892658234,12.30848326647311
349,0.733695387840271,42.03764917146159
350,0.48117509484291077,27.56930214130589
351,1.0169312953948975,58.26587128089923
352,1.4375660419464111,82.36646697485602
353,-0.0698637068271637,-4.0028955423357955
354,0.5140862464904785,29.45497222962655
355,0.8085315227508545,46.325443856909665
356,1.3028823137283325,74.64965777887309
357,0.7628457546234131,43.70784215939398
358,0.44076597690582275,25.254030229664355
359,0.4899396598339081,28.071474724558154
360,0.3012390732765198,17.259727523176725
361,0.020166561007499695,1.155458833022826
362,-1.0289664268493652,-58.95543351912538
363,-1.0322396755218506,-59.14297685335559
364,0.07956445217132568,4.5587073086874605
365,0.14823083579540253,8.493001284773294
366,-0.773644208908081,-44.32654801517041
367,-0.4178870916366577,-23.94316666377717
368,-1.0503463745117188,-60.180414286388825
369,-0.8079596757888794,-46.29267943946111
370,-0.8140407800674438,-46.641101049401804
371,-1.0503325462341309,-60.179621984445106
372,-0.6997228860855103,-40.09116820141301
373,-0.9250321388244629,-53.00043746860138
374,-0.9102160334587097,-52.1515371623226
375,-0.898823082447052,-51.49876915315531
376,-0.585182785987854,-33.52850388081132
377,0.44797754287719727,25.667222523504275
378,-0.9437400698661804,-54.07232296071358
379,-0.4904402494430542,-28.10015639643033
380,-0.6518824100494385,-37.35011083464935
381,-1.6900967359542847,-96.83540993901681
382,-1.5836580991744995,-90.73692527440919
383,-1.1128864288330078,-63.7636954495176
384,-2.4426584243774414,-139.95401850890295
385,-0.6425036787986755,-36.81274911679318
386,-1.1071152687072754,-63.43303233141894
387,0.013445958495140076,0.7703966732796019
388,-0.036835480481386185,-2.1105175679199504
389,-0.7829933166503906,-44.86221243101783
390,-0.9880565404891968,-56.611469690327915
391,0.05216667056083679,2.9889300543853072
392,0.8889564275741577,50.933451471026274
393,0.5936673879623413,34.01463576479781
394,0.08102357387542725,4.642308824128417
395,0.4372518062591553,25.05268308312155
396,-0.5902273654937744,-33.81753699591875
397,-0.6565468311309814,-37.617362476493604
398,-0.5273169279098511,-30.213034435038754
399,-0.6092628240585327,-34.90818843277556
400,-0.4290105104446411,-24.580491615231058
401,0.7153889536857605,40.988767756474
402,0.5185794234275818,29.712412304728083
403,1.1676645278930664,66.9022493354085
404,0.3934047818183899,22.540433638458726
405,1.119462251663208,64.14046234451384
406,0.5473449230194092,31.360554026925087
407,0.5247570872306824,30.066366367896485
408,1.0703067779541016,61.32406116101576
409,0.5702966451644897,32.67559083839515
410,1.0101615190505981,57.87799166812338
411,1.1490797996520996,65.83742284380351
412,0.6684736013412476,38.30071607276421
413,0.7745696902275085,44.37957418879181
414,1.0866520404815674,62.26057571887289
415,0.7698834538459778,44.11107262232943
416,0.07587303966283798,4.347204951509315
417,0.33469724655151367,19.17673964205128
418,0.06542752683162689,3.7487211514311722
419,0.17958956956863403,10.289724380853814
420,0.22129780054092407,12.679429986522855
421,-0.8975160121917725,-51.4238795440007
422,-0.8167181015014648,-46.79450026797112
423,-0.6541646718978882,-37.48087480630924
424,-0.8322203755378723,-47.6827151431125
425,-0.5370367765426636,-30.769940739204912
426,-0.8889641761779785,-50.93389543332233
427,-0.9911766052246094,-56.79023623147466
428,-0.9621182680130005,-55.12531614958152
429,-0.666092038154602,-38.164262553525695
430,-1.2168787717819214,-69.72201780216739
431,-2.458467721939087,-140.8598245362517
432,-1.040348768234253,-59.60759364145654
433,-0.16308991611003876,-9.344363874247874
434,-0.0506422221660614,-2.9015855952791845
435,-0.5515698194503784,-31.602622761299507
436,-0.7264375686645508,-41.6218067642237
437,-0.9800854921340942,-56.154762261285846
438,-1.1097878217697144,-63.586158342421456
439,-2.518170118331909,-144.2805198763775
440,-2.3964011669158936,-137.30367288450623
441,-2.291166305541992,-131.2741594701374
442,-1.1736353635787964,-67.24435302036693
443,0.23663121461868286,13.557969898704915
444,0.169489786028862,9.711049410029178
445,-0.5707798004150391,-32.703273595101216
446,-0.8599774837493896,-49.273080295120366
447,0.06474239379167557,3.709465919836993
448,-0.2443273365497589,-13.998925203973647
449,-1.1302717924118042,-64.75980340788308
450,-1.0657378435134888,-61.06228050069669
451,-0.038020968437194824,-2.1784410244513768
452,-0.7395123243331909,-42.370935082201534
453,-0.6912821531295776,-39.60754982704109
454,-0.9459675550460815,-54.19994846044985
455,-0.8358027935028076,-47.88797257295514
456,-0.5566115975379944,-31.891495366961443
457,0.11905495822429657,6.821346636358523
458,0.1954652965068817,11.199336531117556
459,0.3422379493713379,19.608790088189608
460,0.5985782146453857,34.29600540765649
461,0.5316202640533447,30.459597433887044
462,0.9065344929695129,51.94060043018509
463,-1.1896655559539795,-68.16281538824771
464,-0.28015756607055664,-16.051846134500405
465,-0.14553265273571014,-8.338406783099225
466,-0.3856635093688965,-22.09689139904185
467,0.9607878923416138,55.04909123844418
468,0.9476065635681152,54.293856731348356
469,1.1141048669815063,63.8335068130243
470,1.1873968839645386,68.0328300581532
471,1.542664647102356,88.38817348300354
472,0.4074289798736572,23.34396099808112
473,-0.11607526242733002,-6.65062264295947
474,0.8791583776473999,50.372064562764585
475,1.0230389833450317,58.615816023024834
476,0.9996153712272644,57.273741907725274
477,1.0404143333435059,59.61135024550005
478,1.0054105520248413,57.605781308941694
479,1.1657342910766602,66.79165491236765
480,1.2449846267700195,71.33236467259212
481,1.0131592750549316,58.04975043518169
482,1.213541030883789,69.53077933559621
483,1.348526120185852,77.26485524980093
484,0.5047378540039062,28.91934879491415
485,0.21742063760757446,12.457284913957361
486,-1.6269748210906982,-93.21879062254921
487,-0.3060756325721741,-17.536841958182485
488,0.30610036849975586,17.53825922243526
489,0.43601489067077637,24.9818130402935
490,-0.3383932113647461,-19.388502827078355
491,-0.1342296302318573,-7.690791297887065
492,0.9524649381637573,54.57222109097223
493,0.5922844409942627,33.935398740236494
494,0.9539139866828918,54.65524545542832
495,1.9551191329956055,112.02007476592489
496,1.9932711124420166,114.2060221682741
497,1.1084065437316895,63.50701694050852
498,3.075920581817627,176.23726745557465
499,3.0685176849365234,175.81311270811685
500,2.392906665802002,137.10345271917646
501,3.1415927410125732,180.00000500895632
502,3.1415927410125732,180.00000500895632
503,2.7565886974334717,157.94089821640299
504,1.7476427555084229,100.13255398724623
505,2.936185836791992,168.2310563142691
506,2.010037422180176,115.16666095427972
507,1.5393333435058594,88.19730384664753
508,1.2386515140533447,70.96950404274602
509,1.3093504905700684,75.0202570130488
510,2.1787197589874268,124.83144693173946
511,1.6509588956832886,94.59297687223157
512,1.7063039541244507,97.76401513781506
513,1.6818498373031616,96.36289745223533
514,1.5956107378005981,91.42176102172968
515,1.6550062894821167,94.82487545493186
516,1.7726165056228638,101.56344446741805
517,1.5846989154815674,90.79655965605257
518,1.7325305938720703,99.26669090616372
519,1.679336667060852,96.21890340415311
520,1.7136012315750122,98.18211833766823
521,1.2287261486053467,70.40082249245077
522,2.051954746246338,117.56834671175297
523,0.8721036911010742,49.967860797872405
524,0.5117440819740295,29.320776087908722
525,0.1012868583202362,5.8033095018890615
526,1.4422340393066406,82.63392352237538
527,0.8233891129493713,47.176721069019614
528,1.1681877374649048,66.93222703567568
529,1.2745662927627563,73.02726928494162
530,0.5534694194793701,31.71146182572366
531,1.1730282306671143,67.20956686692405
532,1.7296643257141113,99.10246583775994
533,1.0198417901992798,58.432630349485095
534,1.4666467905044556,84.03267113231313
535,1.1197434663772583,64.1565747607659
536,0.9648645520210266,55.28266663258569
537,1.0582925081253052,60.63569420589437
538,1.1661547422409058,66.81574498957029
539,1.2259414196014404,70.24126927343927
540,1.8527305126190186,106.15363894817928
541,1.0991480350494385,62.97654346843031
542,1.2645974159240723,72.4560947155993
543,0.6235424280166626,35.72634947269471
544,1.6637979745864868,95.3286019062203
545,1.253174901008606,71.80163281951785
546,0.9371393322944641,53.69412855618081
547,1.0160927772521973,58.217827730277364
548,1.9012184143066406,108.93179107232528
549,1.3987900018692017,80.1447635322018
550,1.0136113166809082,58.07565051251438
551,1.5959745645523071,91.44260675907655
552,1.3133440017700195,75.24906835024424
553,2.4099082946777344,138.07757429860368
554,2.2224910259246826,127.33935579118474
555,2.0315256118774414,116.39784353330954
556,0.7223202586174011,41.38590227557522
557,0.7281879186630249,41.722094431807
558,2.2067697048187256,126.43859044344346
559,1.2799556255340576,73.33605530712873
560,1.5091993808746338,86.47075496787336
561,2.3092799186706543,132.31199305414248
562,1.5665850639343262,89.75871241166912
563,1.7633693218231201,101.03361986331099
564,1.55833899974823,89.28624773621183
565,1.4600831270217896,83.65660091661222
566,2.1927907466888428,125.63765514061109
567,2.201738119125366,126.15030181895557
568,0.5821424722671509,33.354306736219314
569,1.413831353187561,81.00656948091732
570,2.258087396621704,129.37887759810724
571,2.255516529083252,129.23157773846674
572,1.4700067043304443,84.22518001406993
573,1.6350196599960327,93.67972593868751
574,1.491001844406128,85.42811293069258
575,1.3563599586486816,77.71370113110832
576,1.5634684562683105,89.5801439460083
577,0.591899573802948,33.91334747450111
578,0.29895293712615967,17.128741570368806
579,0.24863243103027344,14.245588948112195
580,0.42362239956855774,24.271775602482943
581,1.396970272064209,80.04050069452154
582,0.37876519560813904,21.701647134793433
583,0.5364278554916382,30.735052132924487
584,0.6425215005874634,36.8137702300741
585,1.0156724452972412,58.1937444832639
586,0.609075665473938,34.89746503577864
587,0.49832090735435486,28.55168483453424
588,0.8524104952812195,48.83952379227005
589,1.0466468334197998,59.96844619568665
590,0.7706018686294556,44.152234757362514
591,1.1414217948913574,65.39865149152189
592,0.6842043995857239,39.20202442054451
593,1.430794596672058,81.97849173943179
594,1.7421067953109741,99.81536683238001
595,1.973671793937683,113.08306393664314
596,2.078850030899048,119.10933301115622
597,2.071727752685547,118.70125652900464
598,1.387511134147644,79.49853201407021
599,1.2865161895751953,73.7119479379112
600,1.6126000881195068,92.39517909167239
601,0.34361493587493896,19.687685603292422
602,1.7221550941467285,98.67221856156249
603,1.0488622188568115,60.09537843122217
604,1.4838413000106812,85.01784395781742
605,1.3172078132629395,75.4704484416227
606,1.3958741426467896,79.97769710510327
607,1.7805196046829224,102.01625868863322
608,0.6917243003845215,39.63288299867267
609,0.9019408226013184,51.67740250561324
610,1.1648578643798828,66.74143936158971
611,1.1186776161193848,64.09550603939682
612,0.7627289891242981,43.70115198910195
613,1.366672158241272,78.30454664526027
614,0.3310984671115875,18.970544768745057
615,2.0145134925842285,115.42312089723536
616,1.7754689455032349,101.72687723387811
617,1.074723720550537,61.57713333014308
618,0.9314196109771729,53.36641266470901
619,1.9453994035720825,111.46317529194789
620,1.6813008785247803,96.33144443110741
621,1.5897798538208008,91.08767597885685
622,1.1548926830291748,66.17047652811166
623,1.6671984195709229,95.5234330522949
624,0.5866527557373047,33.61272694346675
625,1.4180846214294434,81.2502638003142
626,1.593225121498108,91.28507527605939
627,0.767780065536499,43.99055734951914
628,1.7056125402450562,97.72440004062899
629,0.94303297996521,54.03180969365165
630,0.6129075288772583,35.11701463645953
631,0.3733489215373993,21.3913174898539
632,0.5665121674537659,32.45875623790934
633,0.48978883028030396,28.062832827710793
634,0.37530940771102905,21.50364507339664
635,0.9751234650611877,55.870459052178646
636,0.9116957783699036,52.236320300489965
637,0.5041579604148865,28.88612333969662
638,0.8427808880805969,48.28778794130559
639,1.007249355316162,57.71113697688914
640,1.5126005411148071,86.665627095083
641,1.5392816066741943,88.19433954454774
642,1.3364824056625366,76.57480123795455
643,1.2160122394561768,69.67236915709057
644,1.1744794845581055,67.29271758987979
645,1.1038827896118164,63.24782492188488
646,0.8424879908561707,48.27100616651487
647,1.213269829750061,69.51524065523442
648,0.9861398339271545,56.501650493757865
649,0.9331662654876709,53.466488596428036
650,0.8799117207527161,50.41522794322448
651,1.1902843713760376,68.19827090022925
652,1.4461959600448608,82.86092485944076
653,1.3921256065368652,79.76292180665223
654,1.0010592937469482,57.356472574047054
655,1.0285948514938354,58.93414381948245
656,0.393151193857193,22.525904118546816
657,0.33911603689193726,19.429917679110726
658,0.11484384536743164,6.580067642606884
659,0.34309494495391846,19.657892318132827
660,0.943133533000946,54.037570958216556
661,-0.1405794471502304,-8.05460900799061
662,-0.23488806188106537,-13.458094603792759
663,0.7083789110183716,40.58712189742598
664,0.8149831295013428,46.695093694790756
665,0.6024206280708313,34.51615948007892
666,-0.6629957556724548,-37.986858635118374
667,0.48106834292411804,27.563185706904143
668,-1.2715961933135986,-72.85709512177075
669,-0.4959256947040558,-28.41444925863576
670,-0.475494384765625,-27.24382142923998
671,-0.3648685812950134,-20.90542978513024
672,-0.0065839290618896484,-0.3772313478598042
673,-0.1466035544872284,-8.399764933734389
674,-1.6628313064575195,-95.27321590224066
675,-0.319821834564209,-18.32444131666041
676,-1.896236777305603,-108.64636429709962
677,-1.7431601285934448,-99.87571838388624
678,-2.011751174926758,-115.26485175378782
679,-2.047283411026001,-117.30069891893685
680,-2.058037042617798,-117.91683662358535
681,-2.807973861694336,-160.885051258137
682,-2.061699390411377,-118.12667369526649
683,-3.1415927410125732,-180.00000500895632
684,-3.1415927410125732,-180.00000500895632
685,-3.1415927410125732,-180.00000500895632
686,-3.1415927410125732,-180.00000500895632
687,-3.1415927410125732,-180.00000500895632
688,-3.1415927410125732,-180.00000500895632
689,-3.1415927410125732,-180.00000500895632
690,-3.1415927410125732,-180.00000500895632
691,-3.1415927410125732,-180.00000500895632
692,-3.1415927410125732,-180.00000500895632
693,-3.1415927410125732,-180.00000500895632
694,-3.1415927410125732,-180.00000500895632
695,-3.1415927410125732,-180.00000500895632
696,-3.1415927410125732,-180.00000500895632
697,-3.1415927410125732,-180.00000500895632
698,-3.1415927410125732,-180.00000500895632
699,-3.1415927410125732,-180.00000500895632
700,-3.1415927410125732,-180.00000500895632
701,-3.1415927410125732,-180.00000500895632
702,-3.1415927410125732,-180.00000500895632
703,-3.1415927410125732,-180.00000500895632
704,-3.1415927410125732,-180.00000500895632
705,-2.724259614944458,-156.08857823425222
706,-2.920718193054199,-167.3448256090816
707,-3.1415927410125732,-180.00000500895632
708,-3.0891551971435547,-176.99555505722947
709,-3.1415927410125732,-180.00000500895632
710,-2.9695658683776855,-170.14359124414273
711,-2.9264743328094482,-167.67462812334483
712,-2.310056686401367,-132.3564985667743
713,-2.5578322410583496,-146.55299211513244
714,-2.3890984058380127,-136.88525549595124
715,-2.693763494491577,-154.34127924077956
716,-2.4663562774658203,-141.31180547438814
717,-2.5927658081054688,-148.55453807026964
718,-2.185438632965088,-125.21641005373972
719,-2.2073123455047607,-126.46968146454536
720,-2.007150411605835,-115.00124743296035
721,-1.9413596391677856,-111.2317138413545
722,-0.8550240993499756,-48.989272274727995
723,-0.9783828258514404,-56.05720666937055
724,-1.1527515649795532,-66.04779950042906
725,-2.1665799617767334,-124.13588778742205
726,-2.304882526397705,-132.06004103603905
727,-2.0159943103790283,-115.50796550710525
728,-1.6590297222137451,-95.05540116960896
729,-2.166252613067627,-124.1171320879612
730,-1.9473001956939697,-111.57208265826375
731,-2.1102826595306396,-120.91028997074851
732,-2.420689821243286,-138.69531026751798
733,-2.431936740875244,-139.339711294952
734,-2.2632288932800293,-129.67346365700988
735,-1.5557904243469238,-89.14022512194613
736,-1.53355073928833,-87.86598503038856
737,-1.4786595106124878,-84.72094929497531
738,-1.439992904663086,-82.50551596597914
739,-1.4543753862380981,-83.32957145915202
740,-2.315136432647705,-132.64754658768686
741,-1.6974562406539917,-97.25707849761672
742,-1.7447706460952759,-99.96799423957312
743,-2.275176763534546,-130.35802619676357
744,-1.6808582544326782,-96.30608393871915
745,-1.859485387802124,-106.54066478730887
746,-1.407142162322998,-80.6233070760204
747,-1.8263797760009766,-104.64385295290464
748,-2.039533853530884,-116.85668198137266
749,-2.6151955127716064,-149.83966548336423
750,-1.1420472860336304,-65.43448949409695
751,-1.094451665878296,-62.70746133588849
752,-2.9407503604888916,-168.4925842575889
753,-2.5554163455963135,-146.41457150141295
754,-3.0114238262176514,-172.54187556740928
755,-2.8558332920074463,-163.6271946249787
756,-3.1415927410125732,-180.00000500895632
757,-3.1415927410125732,-180.00000500895632
758,-1.721915364265442,-98.65848305114159
759,-0.8756726980209351,-50.172349831433415
760,-0.6038414239883423,-34.59756508970172
761,-1.1416035890579224,-65.40906753000615
762,-1.8037676811218262,-103.34827535037994
763,-1.6418123245239258,-94.06891694778402
764,-1.447278618812561,-82.92295663748281
765,-1.7707116603851318,-101.45430487467043
766,-1.2322396039962769,-70.60212865785856
767,-1.7963979244232178,-102.9260193955114
768,-3.084537982940674,-176.73100817029652
769,-3.1415927410125732,-180.00000500895632
770,-3.1415927410125732,-180.00000500895632
771,-3.1415927410125732,-180.00000500895632
772,-3.1415927410125732,-180.00000500895632
773,-3.1415927410125732,-180.00000500895632
774,-3.1415927410125732,-180.00000500895632
775,-3.1415927410125732,-180.00000500895632
776,-3.1415927410125732,-180.00000500895632
777,-3.1415927410125732,-180.00000500895632
778,-3.1415927410125732,-180.00000500895632
779,-3.1415927410125732,-180.00000500895632
780,-3.1415927410125732,-180.00000500895632
781,-3.1415927410125732,-180.00000500895632
782,-3.1415927410125732,-180.00000500895632
783,-3.1415927410125732,-180.00000500895632
784,-3.1415927410125732,-180.00000500895632
785,-3.1415927410125732,-180.00000500895632
786,-3.1415927410125732,-180.00000500895632
787,-3.1415927410125732,-180.00000500895632
788,-3.1415927410125732,-180.00000500895632
789,-3.1415927410125732,-180.00000500895632
790,-3.1415927410125732,-180.00000500895632
791,-3.1415927410125732,-180.00000500895632
792,-2.7580788135528564,-158.02627558102816
793,-3.1385128498077393,-179.8235402415599
794,-3.1415927410125732,-180.00000500895632
795,-3.016418933868408,-172.82807415401118
796,-3.1415927410125732,-180.00000500895632
797,-3.0785908699035645,-176.39026369298293
798,-2.577742099761963,-147.69374298955128
799,-1.9820886850357056,-113.56531627318105
800,-2.1000499725341797,-120.32400019277294
801,-1.3017522096633911,-74.58490758554137
802,-1.72145414352417,-98.63205704924282
803,-1.6832678318023682,-96.44414255241263
804,-1.5489815473556519,-88.75010520712252
805,-2.2834525108337402,-130.8321915893242
806,-2.823256492614746,-161.76068150973262
807,-2.8508591651916504,-163.34219815167074
808,-2.909282922744751,-166.68963288275896
809,-3.1415927410125732,-180.00000500895632
810,-1.9694337844848633,-112.84024388146001
811,-2.1691315174102783,-124.282081156417
812,-2.20222544670105,-126.17822363228258
813,-2.103048324584961,-120.49579311077711
814,-2.1468393802642822,-123.0048357816246
815,-2.3844168186187744,-136.6170203068665
816,-2.3153419494628906,-132.65932183381597
817,-2.123857021331787,-121.68804361153785
818,-1.9161391258239746,-109.78668486960076
819,-2.0099427700042725,-115.16123778407874
820,-2.464202642440796,-141.1884112768427
821,-3.1415927410125732,-180.00000500895632
822,-3.1415927410125732,-180.00000500895632
823,-3.1415927410125732,-180.00000500895632
824,-3.1415927410125732,-180.00000500895632
825,-3.1415927410125732,-180.00000500895632
826,-3.1415927410125732,-180.00000500895632
827,-3.1415927410125732,-180.00000500895632
828,-3.1415927410125732,-180.00000500895632
829,-3.1415927410125732,-180.00000500895632
830,-3.1415927410125732,-180.00000500895632
831,-3.1415927410125732,-180.00000500895632
832,-3.1415927410125732,-180.00000500895632
833,-3.1415927410125732,-180.00000500895632
834,-3.1415927410125732,-180.00000500895632
835,-2.7991974353790283,-160.3821990710623
836,-3.071160316467285,-175.9645243416377
837,-2.677783489227295,-153.42569238253935
838,-3.0990183353424072,-177.560671248778
839,-2.6122334003448486,-149.66994894286776
840,-2.919752359390259,-167.28948741642617
841,-3.1415927410125732,-180.00000500895632
842,-3.1415927410125732,-180.00000500895632
843,-3.1415927410125732,-180.00000500895632
844,-3.000939130783081,-171.94114676952833
845,-3.1032183170318604,-177.80131247361587
846,-3.1415927410125732,-180.00000500895632
847,-3.1415927410125732,-180.00000500895632
848,-3.1415927410125732,-180.00000500895632
849,-3.1415927410125732,-180.00000500895632
850,-3.1415927410125732,-180.00000500895632
851,-3.1415927410125732,-180.00000500895632
852,-3.1415927410125732,-180.00000500895632
853,-3.1415927410125732,-180.00000500895632
854,-3.1415927410125732,-180.00000500895632
855,-3.037792444229126,-174.05268609105943
856,-3.1415927410125732,-180.00000500895632
857,-3.082267999649048,-176.60094770812114
858,-3.1415927410125732,-180.00000500895632
859,-3.1415927410125732,-180.00000500895632
860,-3.1415927410125732,-180.00000500895632
861,-3.1415927410125732,-180.00000500895632
862,-3.112999439239502,-178.36172949501542
863,-3.1415927410125732,-180.00000500895632
864,-3.1415927410125732,-180.00000500895632
865,-3.1415927410125732,-180.00000500895632
866,-3.1415927410125732,-180.00000500895632
867,-3.1415927410125732,-180.00000500895632
868,-3.1415927410125732,-180.00000500895632
869,-3.1415927410125732,-180.00000500895632
870,-3.1415927410125732,-180.00000500895632
871,-3.1415927410125732,-180.00000500895632
872,-3.1415927410125732,-180.00000500895632
873,-3.1415927410125732,-180.00000500895632
874,-3.1415927410125732,-180.00000500895632
875,-3.1415927410125732,-180.00000500895632
876,-3.1415927410125732,-180.00000500895632
877,-3.1415927410125732,-180.00000500895632
878,-3.1415927410125732,-180.00000500895632
879,-3.1415927410125732,-180.00000500895632
880,-3.1415927410125732,-180.00000500895632
881,-3.1415927410125732,-180.00000500895632
882,-3.1415927410125732,-180.00000500895632
883,-3.1415927410125732,-180.00000500895632
884,-3.1415927410125732,-180.00000500895632
885,-3.1415927410125732,-180.00000500895632
886,-3.1415927410125732,-180.00000500895632
887,-3.1415927410125732,-180.00000500895632
888,-3.1415927410125732,-180.00000500895632
889,-3.1415927410125732,-180.00000500895632
890,-3.1415927410125732,-180.00000500895632
891,-3.1415927410125732,-180.00000500895632
892,-3.1415927410125732,-180.00000500895632
893,-3.0263125896453857,-173.3949388739872
894,-3.1415927410125732,-180.00000500895632
895,-3.1415927410125732,-180.00000500895632
896,-3.1415927410125732,-180.00000500895632
897,-3.1415927410125732,-180.00000500895632
898,-3.1415927410125732,-180.00000500895632
899,-3.1415927410125732,-180.00000500895632
900,-3.1415927410125732,-180.00000500895632
901,-3.1415927410125732,-180.00000500895632
902,-3.1415927410125732,-180.00000500895632
903,-3.1415927410125732,-180.00000500895632
904,-3.1415927410125732,-180.00000500895632
905,-3.1415927410125732,-180.00000500895632
906,-3.1415927410125732,-180.00000500895632
907,-3.1415927410125732,-180.00000500895632
908,-3.1415927410125732,-180.00000500895632
909,-3.1415927410125732,-180.00000500895632
910,-3.1415927410125732,-180.00000500895632
911,-3.1415927410125732,-180.00000500895632
912,-2.9787545204162598,-170.6700622253673
913,-2.748931407928467,-157.5021678452564
914,-2.995168924331665,-171.61053829294303
915,-2.3596534729003906,-135.19818511057974
916,-2.703409194946289,-154.89393716728196
917,-2.413776159286499,-138.29918661641392
918,-2.8563077449798584,-163.65437877787534
919,-2.654932737350464,-152.1164407412963
920,-2.634599208831787,-150.9514153745672
921,-2.4136149883270264,-138.28995220065607
922,-2.4387214183807373,-139.7284446813741
923,-2.470341682434082,-141.54015235872
924,-2.6558401584625244,-152.16843214125842
925,-1.9454951286315918,-111.46865993385141
926,-2.4366660118103027,-139.61067855970475
927,-2.1082229614257812,-120.79227796226903
928,-2.2743425369262695,-130.31022853295184
929,-2.130603551864624,-122.07459133742556
930,-2.171542167663574,-124.42020124181299
931,-2.012301206588745,-115.29636624661826
932,-2.2461087703704834,-128.69255286954768
933,-2.419363260269165,-138.61930392243409
934,-2.535257339477539,-145.2595455316288
935,-2.576841115951538,-147.64212041980431
936,-1.6004698276519775,-91.70016636248857
937,-1.6538195610046387,-94.75688092174438
938,-1.989382028579712,-113.9831940767916
939,-1.7788548469543457,-101.92087509687398
940,-2.2800660133361816,-130.63815957538247
941,-3.1415927410125732,-180.00000500895632
942,-3.1415927410125732,-180.00000500895632
943,-3.1415927410125732,-180.00000500895632
944,-3.1415927410125732,-180.00000500895632
945,-2.558245897293091,-146.57669287155238
946,-1.7843878269195557,-102.23789149701096
947,-2.6481659412384033,-151.72873188324968
948,-2.883343458175659,-165.20341104012087
949,-2.9153552055358887,-167.03754905870107
950,-3.04538893699646,-174.48793306572932
951,-2.438997745513916,-139.7442770598702
952,-2.703958749771118,-154.92542433935571
953,-2.491743564605713,-142.7663898807907
954,-1.4328694343566895,-82.09737118193587
955,-1.5875483751296997,-90.95982166778337
956,-2.402313470840454,-137.64242294658217
957,-1.7736800909042358,-101.62438341519291
958,-1.3770843744277954,-78.90112268812587
959,-1.4857385158538818,-85.12654641845818
960,-0.6527900695800781,-37.40211589498983
961,-0.4991401433944702,-28.59862360205786
962,-0.8783121109008789,-50.32357704984667
963,-1.4387072324752808,-82.43185237578057
964,-1.5520191192626953,-88.9241452573636
965,-1.3105961084365845,-75.09162565968627
966,-2.070047616958618,-118.60499184284248
967,-2.1123194694519043,-121.02699058290735
968,-2.496849536895752,-143.05894054332072
969,-2.26496958732605,-129.7731980792704
970,-0.6324684023857117,-36.23777013208316
971,-0.7968613505363464,-45.65679224282751
972,-0.9820221066474915,-56.26572209944729
973,-1.086300015449524,-62.24040617025384
974,-1.3806322813034058,-79.10440277820379
975,-0.9797882437705994,-56.137731184590415
976,-1.180141806602478,-67.61714474526622
977,-1.1812325716018677,-67.67964097617184
978,-0.863608181476593,-49.481103951576856
979,-1.2140228748321533,-69.5583869602214
980,-1.2970703840255737,-74.31665873607828
981,-1.0335273742675781,-59.21675655677007
982,-1.7814319133758545,-102.06853012635133
983,-1.4270344972610474,-81.76305391263125
984,-1.559870958328247,-89.37402249723567
985,-1.3806744813919067,-79.10682066516998
986,-1.4525967836380005,-83.22766503673543
987,-1.5851423740386963,-90.82196795976502
988,-1.5312154293060303,-87.732181624548
989,-1.510451078414917,-86.5424719541585
990,-1.088935375213623,-62.39140116223532
991,-0.7270212173461914,-41.65524737040008
992,-0.7681921720504761,-44.014169313479876
993,-0.8382536768913269,-48.02839784719602
994,-0.6695122718811035,-38.360227511002535
995,-0.8800812363624573,-50.42494047222424
996,-0.8033873438835144,-46.03070411875069
997,-0.590917706489563,-33.8570906214023
998,-0.4126186966896057,-23.64130986850304
999,-0.37787434458732605,-21.650605131125925
1000,0.019060343503952026,1.0920772388460462
