step,time_s,robot_x,robot_y,speed_mps,lower_actor_dist,upper_actor_dist,dmin,goals_count
1,2.71,-7.00,0.82,nan,1.85,3.81,1.85,0
2,2.71,-7.00,0.82,nan,1.85,3.81,1.85,0
3,3.00,-6.95,0.82,0.19,2.33,4.54,2.33,0
4,4.00,-6.64,0.78,0.31,2.90,5.05,2.90,0
5,5.00,-6.86,0.84,0.23,4.00,5.91,4.00,0
6,6.00,-7.27,0.81,0.41,5.32,6.73,5.32,0
7,7.00,-7.25,0.77,0.05,5.14,6.90,5.14,0
8,8.00,-6.79,0.50,0.53,3.88,5.78,3.88,0
9,9.00,-6.43,0.04,0.58,2.82,4.49,2.82,0
10,10.00,-6.41,-0.57,0.61,2.17,3.21,2.17,0
11,11.00,-6.59,-1.06,0.52,1.64,2.52,1.64,0
12,12.00,-6.62,-1.11,0.06,0.71,2.57,0.71,0
13,13.00,-6.98,-1.62,0.62,0.41,3.41,0.41,0
14,14.00,-7.25,-2.16,0.61,0.50,4.62,0.50,0
15,15.00,-7.19,-2.78,0.62,1.23,5.80,1.23,0
16,16.00,-6.91,-3.41,0.68,1.64,6.97,1.64,0
17,17.00,-6.52,-3.99,0.70,2.70,8.15,2.70,0
18,18.00,-6.11,-4.48,0.64,3.82,7.41,3.82,0
19,19.00,-5.85,-4.70,0.33,4.73,6.47,4.73,0
20,20.00,-5.55,-4.86,0.34,5.61,5.47,5.47,1
21,21.00,-4.99,-4.83,0.56,6.28,4.23,4.23,1
22,22.00,-4.61,-4.56,0.47,6.74,2.90,2.90,1
23,23.00,-4.51,-4.09,0.48,7.09,1.52,1.52,1
24,24.00,-4.69,-3.83,0.32,7.42,0.57,0.57,1
25,25.00,-4.61,-3.89,0.11,6.58,1.08,1.08,1
26,26.00,-4.69,-3.95,0.11,5.84,1.86,1.86,1
27,27.00,-5.02,-4.07,0.35,5.23,2.52,2.52,2
28,28.00,-5.51,-4.44,0.61,4.88,1.85,1.85,2
29,29.00,-5.76,-4.88,0.50,4.63,0.38,0.38,2
30,30.00,-5.73,-5.11,0.24,4.28,0.90,0.90,2
31,31.00,-5.54,-5.36,0.31,4.16,2.05,2.05,2
32,32.00,-5.46,-5.35,0.08,4.03,2.99,2.99,3
33,33.00,-5.86,-5.45,0.41,3.86,4.22,3.86,3
34,34.00,-5.70,-5.40,0.17,4.13,5.11,4.13,3
35,35.00,-5.59,-5.36,0.12,4.55,6.02,4.55,3
36,36.00,-6.18,-5.46,0.60,5.21,7.38,5.21,3
37,37.00,-6.79,-5.21,0.66,5.87,8.49,5.87,3
38,38.00,-7.27,-4.82,0.62,6.57,9.19,6.57,3
39,39.00,-7.61,-4.29,0.63,7.23,8.01,7.23,3
40,40.00,-7.84,-3.69,0.64,7.85,6.81,6.81,3
41,41.00,-7.97,-3.02,0.68,8.41,5.59,5.59,3
42,42.00,-7.89,-2.34,0.68,7.27,4.42,4.42,3
43,43.00,-7.65,-1.70,0.68,5.65,3.47,3.47,3
44,44.00,-7.27,-1.13,0.68,4.00,3.04,3.04,3
45,45.00,-6.81,-0.60,0.71,2.31,3.40,2.31,3
46,46.00,-6.35,-0.08,0.69,0.73,4.42,0.73,3
47,47.00,-6.23,0.09,0.21,0.76,5.41,0.76,3
48,48.00,-5.89,0.71,0.70,2.38,6.94,2.38,3
49,49.00,-5.64,1.36,0.70,4.04,7.21,4.04,3
50,50.00,-5.53,1.73,0.38,5.18,6.68,5.18,3
51,51.00,-5.64,2.11,0.40,4.50,6.19,4.50,4
52,52.00,-5.95,2.45,0.46,3.79,5.74,3.79,4
53,53.00,-6.24,2.54,0.30,3.06,5.20,3.06,4
54,54.00,-6.46,2.44,0.25,2.47,4.65,2.47,4
55,55.00,-6.56,2.16,0.30,2.22,4.16,2.22,5
56,56.00,-6.36,1.54,0.65,2.33,3.65,2.33,5
57,57.00,-6.32,0.91,0.63,3.29,3.88,3.29,5
58,58.00,-6.56,0.28,0.67,4.77,4.92,4.77,5
59,59.00,-6.91,-0.33,0.70,5.60,5.78,5.60,5
60,60.00,-7.16,-0.87,0.60,5.14,5.42,5.14,5
61,61.00,-7.36,-1.48,0.64,4.69,5.04,4.69,5
62,62.00,-7.45,-2.15,0.67,4.23,4.58,4.23,5
63,63.00,-7.28,-2.77,0.65,3.63,3.86,3.63,5
64,64.00,-6.91,-3.35,0.69,3.08,2.95,2.95,5
65,65.00,-6.46,-3.88,0.70,2.83,1.95,1.95,5
66,66.00,-5.93,-4.29,0.67,2.99,0.84,0.84,5
67,67.00,-5.54,-4.51,0.45,3.41,0.26,0.26,5
68,68.00,-5.29,-4.59,0.26,3.60,1.33,1.33,6
69,69.00,-4.79,-4.58,0.50,3.94,2.67,2.67,6
70,70.00,-4.70,-4.59,0.09,4.20,1.99,1.99,6
71,71.00,-5.21,-4.86,0.58,4.78,0.68,0.68,6
72,72.00,-4.79,-4.69,0.45,5.27,0.97,0.97,6
73,73.00,-4.89,-4.77,0.12,6.06,1.72,1.72,6
74,74.00,-5.47,-5.06,0.65,7.25,3.07,3.07,6
75,75.00,-6.11,-5.11,0.64,8.40,4.40,4.40,6
76,76.00,-6.72,-4.88,0.66,9.30,5.55,5.55,6
77,77.00,-7.24,-4.48,0.65,8.35,6.56,6.56,6
78,78.00,-7.60,-3.94,0.66,7.12,7.39,7.12,6
79,79.00,-7.85,-3.29,0.70,5.76,8.09,5.76,6
80,80.00,-7.96,-2.61,0.68,4.32,7.75,4.32,6
81,81.00,-7.83,-1.96,0.67,2.76,6.37,2.76,6
82,82.00,-7.55,-1.35,0.67,1.18,5.02,1.18,6
83,83.00,-7.32,-0.85,0.55,0.64,3.98,0.64,6
84,84.00,-7.03,-0.22,0.70,2.17,3.35,2.17,6
85,85.00,-6.76,0.37,0.65,3.19,3.50,3.19,6
86,86.00,-6.64,0.67,0.32,2.59,4.11,2.59,6
87,87.00,-6.50,1.02,0.38,2.12,5.05,2.12,7
88,88.00,-6.55,1.58,0.57,2.03,6.39,2.03,7
89,89.00,-6.86,2.08,0.58,2.34,7.73,2.34,7
90,90.00,-7.31,2.46,0.58,3.07,8.82,3.07,7
91,91.00,-7.82,2.45,0.52,4.01,8.08,4.01,7
92,92.00,-8.01,2.33,0.22,4.85,7.30,4.85,7
93,93.00,-7.96,2.39,0.07,5.56,6.70,5.56,7
94,94.00,-7.82,2.44,0.16,5.26,6.14,5.26,7
95,95.00,-7.68,2.32,0.18,4.37,5.53,4.37,7
96,96.00,-7.56,2.00,0.35,3.55,4.93,3.55,7
97,97.00,-7.56,1.79,0.21,2.96,4.78,2.96,7
98,98.00,-7.78,1.37,0.48,2.59,5.08,2.59,7
99,99.00,-8.24,1.06,0.55,2.57,5.99,2.57,7
100,100.00,-8.44,1.00,0.21,2.67,6.81,2.67,7
101,101.00,-8.56,0.98,0.11,3.01,6.70,3.01,7
102,102.00,-8.26,1.15,0.34,3.74,5.83,3.74,7
103,103.00,-8.06,1.43,0.34,3.47,5.25,3.47,7
104,104.00,-8.16,1.65,0.24,3.18,5.23,3.18,7
105,105.00,-8.24,1.73,0.11,3.04,5.35,3.04,7
106,106.00,-8.29,1.77,0.06,3.18,5.61,3.18,7
107,107.00,-8.32,1.75,0.04,3.57,5.98,3.57,7
108,108.00,-8.35,1.75,0.03,4.19,6.49,4.19,7
109,109.00,-8.39,1.75,0.03,4.95,7.10,4.95,7
110,110.00,-8.37,1.77,0.03,5.73,7.79,5.73,7
111,111.00,-8.33,1.80,0.04,6.20,8.16,6.20,7
112,112.00,-8.38,1.86,0.08,5.40,7.51,5.40,7
113,113.00,-8.32,1.83,0.06,4.58,6.83,4.58,7
114,114.00,-8.26,1.76,0.09,3.85,6.18,3.85,7
115,115.00,-8.30,1.72,0.05,3.36,5.74,3.36,7
116,116.00,-8.30,1.71,0.01,3.08,5.46,3.08,7
117,117.00,-8.34,1.67,0.06,3.10,5.37,3.10,7
118,118.00,-8.39,1.70,0.06,3.47,5.52,3.47,7
119,119.00,-8.40,1.71,0.02,4.03,5.81,4.03,7
120,120.00,-8.40,1.71,0.00,4.04,6.23,4.04,7
121,121.00,-8.40,1.71,0.00,3.49,6.77,3.49,7
122,122.00,-8.40,1.71,0.00,3.18,6.38,3.18,7
123,123.00,-8.40,1.71,0.00,3.16,5.93,3.16,7
124,124.00,-8.40,1.71,0.00,3.45,5.61,3.45,7
125,125.00,-8.40,1.71,0.00,3.98,5.46,3.98,7
126,126.00,-8.40,1.71,0.00,4.66,5.49,4.66,7
127,127.00,-8.40,1.71,0.00,5.44,5.70,5.44,7
128,128.00,-8.40,1.71,0.00,6.29,6.07,6.07,7
129,129.00,-8.40,1.71,0.00,5.78,6.58,5.78,7
130,130.00,-8.40,1.71,0.00,4.96,7.18,4.96,7
131,131.00,-8.40,1.71,0.00,4.24,7.88,4.24,7
132,132.00,-8.40,1.71,0.00,3.64,7.96,3.64,7
133,133.00,-8.40,1.71,0.00,3.25,7.26,3.25,7
134,134.00,-8.40,1.71,0.00,3.13,6.64,3.13,7
135,135.00,-8.40,1.71,0.00,3.33,6.13,3.33,7
136,136.00,-8.40,1.71,0.00,3.80,5.74,3.80,7
137,137.00,-8.40,1.71,0.00,4.30,5.51,4.30,7
138,138.00,-8.40,1.71,0.00,3.69,5.46,3.69,7
139,139.00,-8.40,1.71,0.00,3.27,5.58,3.27,7
140,140.00,-8.40,1.71,0.00,3.13,5.88,3.13,7
141,141.00,-8.40,1.71,0.00,3.30,6.32,3.30,7
142,142.00,-8.40,1.71,0.00,3.74,6.84,3.74,7
143,143.00,-8.40,1.71,0.00,4.37,6.29,4.37,7
144,144.00,-8.40,1.71,0.00,5.12,5.86,5.12,7
145,145.00,-8.40,1.71,0.00,5.95,5.57,5.57,7
146,146.00,-8.40,1.71,0.00,6.12,5.45,5.45,7
147,147.00,-8.40,1.71,0.00,5.28,5.52,5.28,7
148,148.00,-8.40,1.71,0.00,4.52,5.76,4.52,7
149,149.00,-8.40,1.71,0.00,3.86,6.16,3.86,7
150,150.00,-7.35,0.83,1.37,2.08,5.48,2.08,7
151,151.00,-7.65,0.88,0.30,2.03,6.29,2.03,7
152,152.00,-7.63,0.90,0.03,2.14,7.06,2.14,7
153,153.00,-7.51,1.00,0.15,2.75,6.95,2.75,7
154,154.00,-7.50,1.05,0.06,3.58,6.25,3.58,7
155,155.00,-7.71,1.34,0.35,3.52,5.92,3.52,7
156,156.00,-7.92,1.45,0.25,3.02,5.57,3.02,7
157,157.00,-8.07,1.36,0.17,2.67,5.20,2.67,7
158,158.00,-8.12,1.32,0.06,2.74,5.02,2.74,7
159,159.00,-8.14,1.30,0.04,3.17,5.05,3.17,7
160,160.00,-8.16,1.27,0.03,3.84,5.28,3.84,7
161,161.00,-8.17,1.26,0.02,4.63,5.68,4.63,7
162,162.00,-8.17,1.26,0.01,5.47,6.21,5.47,7
163,163.00,-8.16,1.26,0.01,6.27,6.56,6.27,7
164,164.00,-8.16,1.26,0.00,5.47,5.96,5.47,7
165,165.00,-8.17,1.26,0.01,4.62,5.49,4.62,7
166,166.00,-8.16,1.26,0.01,3.84,5.16,3.84,7
167,167.00,-8.16,1.26,0.00,3.18,5.02,3.18,7
168,168.00,-8.16,1.26,0.00,2.75,5.07,2.75,7
169,169.00,-8.16,1.26,0.01,2.64,5.31,2.64,7
170,170.00,-8.16,1.26,0.00,2.90,5.72,2.90,7
171,171.00,-8.16,1.26,0.00,3.44,6.27,3.44,7
172,172.00,-8.16,1.26,0.00,3.71,6.92,3.71,7
173,173.00,-8.16,1.26,0.00,3.09,7.64,3.09,7
174,174.00,-8.16,1.26,0.00,2.70,7.20,2.70,7
175,175.00,-8.16,1.26,0.00,2.66,6.51,2.66,7
176,176.00,-8.16,1.26,0.00,2.97,5.93,2.97,7
177,177.00,-8.16,1.26,0.00,3.55,5.46,3.55,7
178,178.00,-8.16,1.26,0.00,4.29,5.15,4.29,7
179,179.00,-8.16,1.26,0.00,5.12,5.01,5.01,7
180,180.00,-8.16,1.26,0.00,6.00,5.08,5.08,7
181,181.00,-8.16,1.26,0.00,5.82,5.33,5.33,7
182,182.00,-8.16,1.26,0.00,4.95,5.75,4.95,7
183,183.00,-8.16,1.26,0.00,4.13,6.31,4.13,7
184,184.00,-8.16,1.26,0.00,3.42,6.44,3.42,7
185,185.00,-8.16,1.26,0.00,2.89,5.86,2.89,7
186,186.00,-8.16,1.26,0.00,2.64,5.41,2.64,7
187,187.00,-8.16,1.26,0.00,2.75,5.12,2.75,7
188,188.00,-8.16,1.26,0.00,3.19,5.01,3.19,7
189,189.00,-8.16,1.26,0.00,3.85,5.10,3.85,7
190,190.00,-8.16,1.26,0.00,3.31,5.38,3.31,7
191,191.00,-8.16,1.26,0.00,2.82,5.81,2.82,7
192,192.00,-8.16,1.26,0.00,2.63,6.38,2.63,7
193,193.00,-8.16,1.26,0.01,2.81,7.04,2.81,7
194,194.00,-8.16,1.26,0.00,3.30,7.70,3.30,7
195,195.00,-8.16,1.26,0.00,3.99,7.07,3.99,7
196,196.00,-8.16,1.26,0.01,4.78,6.40,4.78,7
197,197.00,-8.15,1.26,0.00,5.64,5.83,5.64,7
198,198.00,-6.83,0.82,1.40,5.11,4.30,4.30,7
199,199.00,-6.13,0.93,0.70,3.49,3.54,3.49,7
200,200.00,-5.59,1.24,0.63,1.93,3.06,1.93,7
201,201.00,-5.30,1.64,0.49,0.98,2.84,0.98,7
202,202.00,-5.35,1.98,0.35,1.55,2.95,1.55,7
203,203.00,-5.54,2.13,0.25,2.42,3.33,2.42,8
204,204.00,-6.09,2.28,0.56,3.26,4.28,3.26,8
205,205.00,-6.65,2.10,0.59,3.79,4.77,3.79,8
206,206.00,-7.13,1.67,0.65,4.09,4.77,4.09,8
207,207.00,-7.43,1.23,0.52,3.61,4.62,3.61,8
208,208.00,-7.48,1.15,0.09,2.78,4.41,2.78,8
209,209.00,-7.56,0.95,0.22,2.09,4.34,2.09,8
210,210.00,-7.57,0.96,0.02,2.04,4.50,2.04,8
211,211.00,-7.58,0.88,0.08,2.42,4.80,2.42,8
212,212.00,-7.54,0.76,0.13,3.09,5.18,3.09,8
213,213.00,-7.39,0.20,0.58,3.99,5.24,3.99,8
214,214.00,-7.27,-0.49,0.70,5.20,5.28,5.20,8
215,215.00,-7.23,-1.17,0.68,6.58,5.13,5.13,8
216,216.00,-7.20,-1.85,0.68,6.44,3.69,3.69,8
217,217.00,-7.05,-2.53,0.69,5.85,2.40,2.40,8
218,218.00,-6.78,-3.19,0.71,5.27,1.61,1.61,8
219,219.00,-6.53,-3.75,0.62,4.75,2.01,2.01,8
220,220.00,-6.37,-4.04,0.32,4.13,2.97,2.97,8
221,221.00,-6.29,-4.15,0.14,3.49,3.98,3.49,9
222,222.00,-6.01,-4.51,0.46,3.34,5.09,3.34,9
223,223.00,-5.67,-4.81,0.45,3.51,6.18,3.51,9
224,224.00,-5.47,-4.94,0.23,3.75,7.20,3.75,9
225,225.00,-5.18,-5.04,0.31,4.00,8.16,4.00,10
226,226.00,-4.72,-4.94,0.47,4.34,7.39,4.34,10
227,227.00,-5.00,-5.11,0.33,4.75,6.67,4.75,10
228,228.00,-5.42,-5.30,0.46,5.47,6.01,5.47,10
229,229.00,-6.03,-5.31,0.60,6.28,5.28,5.28,10
230,230.00,-6.61,-4.99,0.66,7.01,4.34,4.34,10
231,231.00,-7.09,-4.54,0.66,7.75,3.37,3.37,10
232,232.00,-7.45,-4.00,0.65,8.45,2.56,2.56,10
233,233.00,-7.69,-3.41,0.64,8.32,2.30,2.30,10
234,234.00,-7.85,-2.74,0.68,6.93,2.90,2.90,10
235,235.00,-7.83,-2.05,0.69,5.42,4.03,4.03,10
236,236.00,-7.66,-1.38,0.70,3.85,4.86,3.85,10
237,237.00,-7.48,-0.70,0.70,2.36,4.75,2.36,10
238,238.00,-7.31,-0.03,0.69,1.29,4.67,1.29,10
239,239.00,-7.20,0.65,0.69,1.77,4.66,1.77,10
240,240.00,-7.28,1.34,0.69,3.10,4.79,3.10,10
241,241.00,-7.45,2.01,0.69,4.53,5.05,4.53,10
242,242.00,-7.68,2.66,0.69,4.84,5.41,4.84,10
243,243.00,-7.84,3.04,0.42,4.57,5.65,4.57,10
244,244.00,-7.91,3.16,0.13,4.20,5.78,4.20,11
245,245.00,-7.63,2.56,0.66,3.25,5.58,3.25,11
246,246.00,-7.46,1.89,0.70,2.74,5.86,2.74,11
247,247.00,-7.32,1.21,0.69,2.99,5.28,2.99,11
248,248.00,-7.25,0.52,0.69,3.92,4.70,3.92,11
249,249.00,-7.36,-0.17,0.70,5.29,4.29,4.29,11
250,250.00,-7.51,-0.85,0.70,6.70,3.93,3.93,11
251,251.00,-7.63,-1.54,0.70,6.33,3.55,3.55,11
252,252.00,-7.72,-2.23,0.69,5.87,3.15,3.15,11
253,253.00,-7.77,-2.93,0.71,5.43,2.73,2.73,11
254,254.00,-7.81,-3.62,0.69,5.02,2.31,2.31,11
255,255.00,-7.84,-4.33,0.70,4.69,1.93,1.93,11
256,256.00,-7.87,-4.83,0.51,4.26,1.73,1.73,11
257,257.00,-7.89,-5.07,0.24,3.64,1.59,1.59,12
258,258.00,-7.86,-4.64,0.43,2.47,1.84,1.84,12
259,259.00,-7.89,-3.98,0.66,1.58,2.33,1.58,12
260,260.00,-8.08,-3.36,0.65,1.69,3.01,1.69,12
261,261.00,-8.03,-2.85,0.51,2.16,3.48,2.16,12
262,262.00,-7.75,-2.26,0.66,2.51,3.73,2.51,12
263,263.00,-7.53,-1.58,0.71,2.88,4.05,2.88,12
264,264.00,-7.40,-0.89,0.70,3.35,4.45,3.35,12
265,265.00,-7.32,-0.23,0.67,3.92,4.91,3.92,12
266,266.00,-7.25,0.42,0.65,4.53,5.39,4.53,12
267,267.00,-7.29,0.87,0.45,5.32,5.87,5.32,12
268,268.00,-7.32,0.92,0.05,5.14,5.20,5.14,12
269,269.00,-7.38,0.95,0.07,4.27,4.73,4.27,12
270,270.00,-7.39,0.96,0.01,3.41,4.37,3.41,12
271,271.00,-7.40,0.96,0.01,2.64,4.21,2.64,12
272,272.00,-7.44,0.95,0.04,2.11,4.31,2.11,12
273,273.00,-7.47,0.97,0.03,1.95,4.62,1.95,12
274,274.00,-7.43,0.96,0.04,2.23,5.06,2.23,12
275,275.00,-7.44,1.00,0.04,2.90,5.71,2.90,12
276,276.00,-7.46,1.00,0.02,3.71,6.43,3.71,12
277,277.00,-7.44,0.99,0.03,3.05,7.19,3.05,12
278,278.00,-7.40,0.99,0.03,2.36,6.87,2.36,12
279,279.00,-7.45,1.03,0.06,2.01,6.16,2.01,12
280,280.00,-7.45,1.04,0.01,2.08,5.49,2.08,12
281,281.00,-7.45,1.04,0.00,2.56,4.93,2.56,12
282,282.00,-7.45,1.04,0.00,3.29,4.52,3.29,12
283,283.00,-7.45,1.04,0.00,4.13,4.31,4.13,12
284,284.00,-7.45,1.05,0.01,5.03,4.33,4.33,12
285,285.00,-7.45,1.04,0.01,5.58,4.56,4.56,12
286,286.00,-7.45,1.04,0.00,4.66,4.99,4.66,12
287,287.00,-7.45,1.05,0.00,3.78,5.57,3.78,12
288,288.00,-7.45,1.05,0.00,2.98,5.85,2.98,12
289,289.00,-7.45,1.04,0.01,2.33,5.22,2.33,12
290,290.00,-7.46,1.05,0.01,2.01,4.73,2.01,12
291,291.00,-7.46,1.06,0.01,2.15,4.42,2.15,12
292,292.00,-7.48,1.07,0.01,2.69,4.32,2.69,12
293,293.00,-7.47,1.07,0.00,3.43,4.44,3.43,12
294,294.00,-7.47,1.07,0.00,3.44,4.77,3.44,12
295,295.00,-7.50,1.09,0.03,2.71,5.31,2.71,12
296,296.00,-7.52,1.10,0.03,2.22,5.96,2.22,12
297,297.00,-7.53,1.12,0.02,2.11,6.69,2.11,12
298,298.00,-7.55,1.12,0.01,2.44,7.48,2.44,12
299,299.00,-7.55,1.13,0.01,3.08,6.89,3.08,12
300,300.00,-7.55,1.12,0.01,3.87,6.15,3.87,12
301,301.00,-7.55,1.12,0.01,4.74,5.50,4.74,12
302,302.00,-7.55,1.12,0.01,5.65,4.96,4.96,12
303,303.00,-7.55,1.11,0.01,5.11,4.59,4.59,12
304,304.00,-7.55,1.10,0.01,4.21,4.41,4.21,12
305,305.00,-7.55,1.11,0.01,3.39,4.47,3.39,12
306,306.00,-7.55,1.12,0.01,2.68,4.74,2.68,12
307,307.00,-7.55,1.12,0.00,2.21,5.19,2.21,12
308,308.00,-7.55,1.13,0.01,2.15,5.78,2.15,12
309,309.00,-7.55,1.12,0.01,2.51,5.82,2.51,12
310,310.00,-7.55,1.12,0.00,3.16,5.22,3.16,12
311,311.00,-7.55,1.12,0.00,3.80,4.76,3.80,12
312,312.00,-7.55,1.11,0.01,3.02,4.49,3.02,12
313,313.00,-7.00,0.82,0.63,2.03,3.80,2.03,12
314,314.00,-7.00,0.82,0.00,1.56,3.99,1.56,12
315,315.00,-7.00,0.82,0.00,1.65,4.40,1.65,12
316,316.00,-7.00,0.82,0.00,2.24,4.98,2.24,12
317,317.00,-7.00,0.82,0.00,3.05,5.69,3.05,12
318,318.00,-6.68,0.78,0.32,3.67,6.40,3.67,12
319,319.00,-6.20,0.47,0.57,4.36,6.87,4.36,12
320,320.00,-6.07,0.01,0.49,4.74,5.52,4.74,12
321,321.00,-6.29,-0.45,0.51,4.21,4.22,4.21,12
322,322.00,-6.67,-0.52,0.38,3.54,3.53,3.53,12
323,323.00,-6.90,-0.34,0.30,2.64,3.33,2.64,13
324,324.00,-6.91,-0.02,0.31,1.60,3.32,1.60,13
325,325.00,-6.86,0.17,0.20,0.96,3.36,0.96,13
326,326.00,-6.57,0.45,0.40,1.54,3.38,1.54,13
327,327.00,-6.04,0.77,0.63,2.94,3.27,2.94,13
328,328.00,-5.58,0.74,0.46,4.16,3.37,3.37,13
329,329.00,-5.40,0.58,0.23,3.76,4.00,3.76,14
330,330.00,-5.30,0.35,0.25,2.67,3.76,2.67,14
331,331.00,-5.26,0.26,0.11,1.64,2.97,1.64,14
332,332.00,-5.51,0.62,0.45,0.78,2.61,0.78,14
333,333.00,-6.04,0.94,0.61,1.05,3.02,1.05,14
334,334.00,-6.61,0.95,0.57,2.31,3.59,2.31,14
335,335.00,-7.05,0.57,0.58,3.72,3.89,3.72,14
336,336.00,-7.30,0.03,0.60,5.14,3.97,3.97,14
337,337.00,-7.18,-0.53,0.57,6.24,3.91,3.91,14
338,338.00,-6.77,-0.89,0.54,5.26,4.10,4.10,14
339,339.00,-6.33,-0.92,0.45,3.96,4.85,3.96,14
340,340.00,-6.10,-0.64,0.36,2.60,5.61,2.60,14
341,341.00,-6.17,-0.41,0.24,1.49,4.94,1.49,15
342,342.00,-6.56,-0.25,0.42,0.79,4.32,0.79,15
343,343.00,-7.12,-0.35,0.58,0.76,3.79,0.76,15
344,344.00,-7.22,-0.40,0.11,1.09,3.45,1.09,15
345,345.00,-6.74,0.11,0.70,2.59,3.23,2.59,15
346,346.00,-6.25,0.58,0.67,3.62,3.02,3.02,15
347,347.00,-6.57,0.24,0.46,2.22,3.40,2.22,15
348,348.00,-6.57,0.20,0.03,1.30,3.92,1.30,15
349,349.00,-6.77,0.02,0.28,0.81,4.84,0.81,15
350,350.00,-7.24,-0.47,0.68,2.05,6.27,2.05,15
351,351.00,-7.57,-1.05,0.66,3.59,6.26,3.59,15
352,352.00,-7.70,-1.70,0.66,5.09,5.83,5.09,15
353,353.00,-7.58,-2.34,0.65,6.45,5.18,5.18,15
354,354.00,-7.25,-2.93,0.68,7.67,4.32,4.32,15
355,355.00,-6.82,-3.35,0.60,7.56,3.29,3.29,15
356,356.00,-6.22,-3.65,0.67,6.56,2.05,2.05,15
357,357.00,-5.75,-3.80,0.49,5.60,0.85,0.85,15
358,358.00,-5.72,-3.82,0.04,4.76,0.42,0.42,15
359,359.00,-5.76,-3.86,0.05,4.03,1.24,1.24,15
360,360.00,-5.37,-3.56,0.49,3.16,2.64,2.64,15
361,361.00,-5.05,-3.23,0.46,2.77,3.25,2.77,15
362,362.00,-4.93,-3.03,0.23,2.96,2.48,2.48,15
363,363.00,-4.85,-2.89,0.16,3.55,1.64,1.64,15
364,364.01,-4.87,-2.79,0.10,3.04,0.73,0.73,15
365,365.00,-4.92,-2.72,0.09,2.57,0.32,0.32,16
366,366.00,-4.82,-2.92,0.22,2.74,1.37,1.37,16
367,367.00,-4.79,-3.03,0.11,3.17,2.45,2.45,16
368,368.00,-4.91,-3.60,0.59,4.32,4.01,4.01,16
369,369.00,-5.29,-4.05,0.59,5.56,5.59,5.56,16
370,370.00,-5.84,-4.21,0.57,6.73,7.00,6.73,16
371,371.00,-6.47,-4.03,0.65,7.76,8.19,7.76,16
372,372.00,-7.05,-3.69,0.68,8.36,7.32,7.32,16
373,373.00,-7.51,-3.27,0.62,7.31,6.38,6.38,16
374,374.00,-7.63,-2.97,0.32,6.16,5.39,5.39,16
375,375.00,-7.59,-2.79,0.18,5.01,4.41,4.41,17
376,376.00,-7.50,-2.11,0.69,3.43,3.40,3.40,17
377,377.00,-7.38,-1.42,0.70,1.87,3.01,1.87,17
378,378.00,-7.26,-0.77,0.67,0.63,3.46,0.63,17
379,379.00,-7.18,-0.42,0.36,1.22,4.23,1.22,17
380,380.00,-7.10,-0.11,0.31,2.41,5.19,2.41,18
381,381.00,-6.79,0.50,0.69,3.11,6.59,3.11,18
382,382.00,-6.38,1.07,0.70,2.88,6.98,2.88,18
383,383.00,-5.92,1.59,0.70,2.63,6.63,2.63,18
384,384.00,-5.55,1.88,0.47,2.16,6.06,2.16,18
385,385.00,-5.34,1.97,0.23,1.54,5.29,1.54,19
386,386.00,-5.91,1.80,0.59,1.59,4.47,1.59,19
387,387.00,-6.49,1.63,0.60,2.75,4.05,2.75,19
388,388.00,-6.77,1.53,0.30,3.88,3.96,3.88,19
389,389.00,-6.99,1.47,0.23,5.01,4.20,4.20,20
390,390.00,-7.48,1.16,0.57,5.02,4.97,4.97,20
391,391.00,-7.51,1.11,0.05,4.17,5.56,4.17,20
392,392.00,-7.32,1.18,0.20,3.15,5.76,3.15,20
393,393.00,-7.14,1.06,0.22,2.26,4.97,2.26,20
394,394.00,-6.69,0.66,0.60,1.23,3.99,1.23,20
395,395.00,-6.48,0.24,0.47,0.91,3.30,0.91,20
396,396.00,-6.46,-0.01,0.25,1.48,2.95,1.48,20
397,397.00,-6.71,-0.59,0.63,1.82,2.83,1.82,20
398,398.00,-7.14,-1.06,0.64,1.97,2.97,1.97,20
399,399.00,-7.44,-1.36,0.42,0.59,3.19,0.59,20
400,400.00,-7.26,-0.96,0.44,0.40,3.86,0.40,20
401,401.00,-7.25,-0.96,0.01,1.12,4.53,1.12,20
402,402.00,-7.53,-1.54,0.65,2.66,4.76,2.66,20
403,403.00,-7.66,-2.10,0.57,4.14,3.85,3.85,20
404,404.00,-7.49,-2.73,0.65,5.49,2.66,2.66,20
405,405.00,-7.15,-3.28,0.65,6.71,1.86,1.86,20
406,406.00,-6.65,-3.71,0.66,7.77,1.80,1.80,20
407,407.00,-6.15,-4.13,0.66,8.08,2.51,2.51,20
408,408.00,-5.62,-4.43,0.61,7.23,3.44,3.44,20
409,409.00,-5.75,-4.39,0.14,6.34,4.47,4.47,20
410,410.00,-5.72,-4.40,0.03,5.50,5.47,5.47,20
411,411.00,-5.97,-4.14,0.36,4.49,6.39,4.49,20
412,412.00,-6.13,-3.70,0.47,3.31,7.11,3.31,20
413,413.00,-5.99,-3.38,0.34,2.45,7.02,2.45,20
414,414.00,-5.88,-3.32,0.13,2.27,5.92,2.27,20
415,415.00,-5.83,-3.30,0.05,2.56,4.87,2.56,20
416,416.00,-5.55,-3.30,0.28,2.66,3.71,2.66,20
417,417.00,-4.97,-3.30,0.58,2.90,2.39,2.39,20
418,418.00,-4.55,-2.96,0.54,2.91,0.92,0.92,20
419,419.00,-4.65,-3.11,0.18,3.20,0.23,0.23,20
420,420.00,-4.46,-2.81,0.35,3.43,1.31,1.31,20
421,421.00,-4.42,-2.68,0.13,3.94,2.42,2.42,20
422,422.00,-4.52,-2.82,0.17,4.86,3.25,3.25,20
423,423.00,-4.79,-2.96,0.30,5.91,3.89,3.89,20
424,424.00,-5.04,-2.84,0.28,6.72,3.05,3.05,20
425,425.00,-5.23,-2.68,0.25,5.81,2.14,2.14,20
426,426.00,-5.34,-2.45,0.26,4.73,1.42,1.42,20
427,427.00,-5.36,-2.39,0.06,3.80,0.80,0.80,20
428,428.00,-5.35,-2.38,0.02,2.97,1.03,1.03,20
429,429.00,-5.33,-2.38,0.01,2.31,1.86,1.86,20
430,430.00,-5.33,-2.36,0.02,1.95,2.79,1.95,20
431,431.00,-5.32,-2.35,0.01,2.09,3.75,2.09,20
432,432.00,-5.33,-2.33,0.02,2.64,4.72,2.64,20
433,433.00,-5.33,-2.31,0.02,2.93,5.69,2.93,20
434,434.00,-5.33,-2.30,0.01,2.26,5.58,2.26,20
435,435.00,-5.32,-2.30,0.01,1.91,4.59,1.91,20
436,436.00,-5.33,-2.29,0.01,2.04,3.60,2.04,20
437,437.00,-5.33,-2.28,0.01,2.58,2.64,2.58,20
438,438.00,-5.33,-2.28,0.01,3.34,1.70,1.70,20
439,439.00,-5.33,-2.26,0.02,4.19,0.94,0.94,20
440,440.00,-5.35,-2.24,0.02,5.10,0.96,0.96,20
441,441.00,-5.34,-2.24,0.01,6.03,1.72,1.72,20
442,442.00,-5.34,-2.24,0.01,5.85,2.64,2.64,20
443,443.00,-5.34,-2.24,0.00,4.91,3.61,3.61,20
444,444.00,-5.35,-2.24,0.01,4.00,4.30,4.00,20
445,445.00,-5.34,-2.24,0.01,3.14,3.33,3.14,20
446,446.00,-5.34,-2.24,0.00,2.41,2.37,2.37,20
447,447.00,-5.35,-2.24,0.01,1.92,1.47,1.47,20
448,448.00,-5.34,-2.24,0.01,1.91,0.84,0.84,20
449,449.00,-5.34,-2.24,0.01,2.35,1.12,1.12,20
450,450.00,-5.35,-2.24,0.01,3.07,1.96,1.96,20
451,451.00,-5.34,-2.24,0.01,2.48,2.89,2.48,20
452,452.00,-5.34,-2.24,0.00,1.96,3.85,1.96,20
453,453.00,-5.34,-2.24,0.00,1.88,4.84,1.88,20
454,454.00,-5.34,-2.24,0.00,2.28,5.83,2.28,20
455,455.01,-5.34,-2.24,0.01,2.98,5.36,2.98,20
456,456.00,-5.34,-2.24,0.01,3.82,4.39,3.82,20
457,457.00,-5.34,-2.24,0.00,4.72,3.40,3.40,20
458,458.00,-5.34,-2.24,0.00,5.65,2.44,2.44,20
459,459.00,-5.35,-2.24,0.01,6.22,1.54,1.54,20
460,460.00,-5.34,-2.24,0.01,5.27,0.87,0.87,20
461,461.00,-5.34,-2.24,0.01,4.35,1.07,1.07,20
462,462.00,-5.35,-2.24,0.01,3.47,1.88,1.88,20
463,463.00,-5.34,-2.24,0.01,2.68,2.82,2.68,20
464,464.00,-5.34,-2.24,0.01,2.07,3.79,2.07,20
465,465.00,-5.35,-2.24,0.00,1.84,4.13,1.84,20
466,466.00,-5.35,-2.24,0.00,2.12,3.15,2.12,20
467,467.00,-5.34,-2.24,0.00,2.76,2.21,2.21,20
468,468.00,-7.01,0.82,3.48,3.32,4.74,3.32,20
469,469.00,-6.32,0.80,0.69,2.64,3.86,2.64,20
470,470.00,-5.68,0.68,0.65,1.89,2.93,1.89,20
471,471.00,-5.45,0.44,0.34,0.84,2.27,0.84,20
472,472.00,-5.53,0.50,0.11,0.34,2.46,0.34,20
473,473.00,-5.54,0.50,0.00,1.24,2.90,1.24,20
474,474.00,-5.54,0.50,0.00,2.22,3.58,2.22,20
475,475.00,-5.54,0.50,0.00,3.22,4.38,3.22,20
476,476.00,-5.54,0.50,0.00,4.21,3.71,3.71,20
477,477.00,-5.54,0.50,0.00,3.62,3.01,3.01,20
478,478.00,-5.55,0.45,0.05,2.66,2.52,2.52,20
479,479.00,-5.56,0.31,0.14,1.76,2.28,1.76,20
480,480.00,-5.57,0.24,0.07,0.82,2.43,0.82,20
481,481.00,-5.62,0.13,0.12,0.10,2.86,0.10,20
482,482.00,-5.61,0.12,0.01,1.08,3.57,1.08,20
483,483.00,-5.58,0.12,0.03,2.10,4.38,2.10,20
484,484.00,-5.59,0.12,0.01,3.10,5.27,3.10,20
485,485.00,-5.59,0.12,0.00,3.90,6.19,3.90,20
486,486.00,-5.59,0.12,0.00,2.90,6.19,2.90,20
487,487.00,-5.60,0.12,0.01,1.89,5.27,1.89,20
488,488.00,-5.59,0.12,0.01,0.89,4.38,0.89,20
489,489.00,-5.61,0.21,0.09,0.13,3.64,0.13,20
490,490.00,-5.59,0.15,0.06,1.09,2.87,1.09,20
491,491.00,-5.58,0.15,0.01,2.08,2.37,2.08,20
492,492.00,-5.58,0.15,0.00,3.08,2.23,2.23,20
493,493.00,-5.59,0.15,0.01,4.09,2.53,2.53,20
494,494.00,-5.58,0.15,0.00,4.28,3.12,3.12,20
495,495.00,-5.58,0.15,0.00,3.28,3.89,3.28,20
496,496.00,-5.58,0.15,0.00,2.28,4.58,2.28,20
497,497.00,-5.58,0.15,0.00,1.28,3.74,1.28,20
498,498.00,-5.60,0.10,0.05,0.32,3.02,0.32,20
499,499.00,-5.69,-0.01,0.15,0.53,2.54,0.53,20
500,500.00,-5.68,0.01,0.02,1.56,2.24,1.56,20
501,501.00,-5.64,0.02,0.04,2.59,2.37,2.37,20
502,502.00,-5.64,0.05,0.03,3.62,2.91,2.91,20
503,503.00,-5.63,0.05,0.01,3.22,3.64,3.22,20
504,504.00,-5.64,0.05,0.00,2.22,4.47,2.22,20
505,505.00,-5.64,0.05,0.00,1.22,5.37,1.22,20
506,506.00,-5.63,0.10,0.04,0.26,6.34,0.26,20
507,507.00,-5.61,0.08,0.03,0.74,5.98,0.74,20
508,508.00,-5.62,0.08,0.02,1.75,5.06,1.75,20
509,509.00,-5.63,0.08,0.01,2.76,4.20,2.76,20
510,510.00,-5.64,0.08,0.01,3.77,3.39,3.39,20
511,511.00,-5.63,0.08,0.01,4.66,2.72,2.72,20
512,512.00,-5.64,0.08,0.00,3.76,2.30,2.30,20
513,513.00,-5.64,0.08,0.00,2.76,2.29,2.29,20
514,514.00,-5.63,0.08,0.01,1.76,2.66,1.76,20
515,515.00,-5.63,0.08,0.00,0.76,3.32,0.76,20
516,516.00,-5.71,-0.02,0.13,0.11,4.23,0.11,20
517,517.00,-5.73,-0.05,0.03,1.08,4.65,1.08,20
518,518.00,-5.73,-0.05,0.00,2.08,3.81,2.08,20
519,519.00,-5.66,-0.04,0.07,3.14,2.98,2.98,20
520,520.00,-5.73,-0.04,0.07,3.49,2.49,2.49,20
521,521.00,-5.73,-0.02,0.02,2.51,2.27,2.27,20
522,522.00,-7.00,0.84,1.53,1.92,3.94,1.92,20
523,523.00,-6.52,0.89,0.48,1.35,4.13,1.35,20
524,524.00,-6.73,0.89,0.21,1.51,4.83,1.51,20
525,525.00,-6.87,0.74,0.20,2.27,5.44,2.27,20
526,526.00,-6.96,0.60,0.17,3.25,6.08,3.25,20
527,527.00,-6.94,0.39,0.21,4.26,6.69,4.26,21
528,528.00,-7.33,0.69,0.50,5.43,6.44,5.43,21
529,529.00,-7.62,1.20,0.58,5.32,6.25,5.32,21
530,530.00,-7.59,1.81,0.61,4.30,6.16,4.30,21
531,531.00,-7.33,2.43,0.67,3.42,6.04,3.42,21
532,532.00,-6.99,3.00,0.66,3.10,5.83,3.10,21
533,533.00,-6.76,3.28,0.36,3.36,5.46,3.36,21
534,534.00,-6.63,3.39,0.17,3.94,5.07,3.94,22
535,535.00,-6.81,3.32,0.19,4.53,4.92,4.53,22
536,536.00,-6.95,3.27,0.15,5.22,5.02,5.02,22
537,537.00,-6.65,3.50,0.38,6.33,4.98,4.98,22
538,538.00,-6.08,3.55,0.57,5.85,4.47,4.47,22
539,539.00,-5.52,3.38,0.58,4.98,3.80,3.80,22
540,540.00,-4.92,3.04,0.69,3.98,3.33,3.33,22
541,541.00,-4.83,2.96,0.12,3.04,3.69,3.04,22
542,542.00,-5.44,3.06,0.61,2.41,4.63,2.41,22
543,543.00,-6.04,2.86,0.63,2.36,5.28,2.36,22
544,544.00,-6.55,2.44,0.66,3.12,5.71,3.12,22
545,545.00,-6.94,1.90,0.66,4.30,5.99,4.30,22
546,546.00,-7.21,1.29,0.67,5.27,6.18,5.27,22
547,547.00,-7.36,0.60,0.71,4.73,6.28,4.73,22
548,548.00,-7.38,-0.10,0.70,4.11,6.30,4.11,22
549,549.00,-7.37,-0.80,0.70,3.48,4.84,3.48,22
550,550.00,-7.35,-1.49,0.69,2.89,3.52,2.89,22
551,551.00,-7.29,-2.17,0.68,2.35,2.56,2.35,22
552,552.00,-7.05,-2.82,0.69,1.93,2.25,1.93,22
553,553.00,-6.71,-3.42,0.69,1.92,2.76,1.92,22
554,554.00,-6.29,-3.98,0.70,2.47,3.73,2.47,22
555,555.00,-5.99,-4.35,0.47,2.94,4.83,2.94,22
556,556.00,-5.86,-4.52,0.22,3.27,5.91,3.27,23
557,557.00,-6.08,-4.25,0.35,3.36,6.79,3.36,23
558,558.00,-6.53,-3.72,0.70,3.52,7.63,3.52,23
559,559.00,-7.01,-3.20,0.71,4.07,7.30,4.07,23
560,560.00,-7.34,-2.87,0.47,4.92,6.36,4.92,23
561,561.00,-7.50,-2.71,0.23,5.88,5.48,5.48,24
562,562.00,-7.46,-2.74,0.05,6.87,4.58,4.58,24
563,563.00,-7.10,-2.87,0.38,7.73,3.48,3.48,25
564,564.00,-6.93,-2.90,0.17,7.06,2.57,2.57,25
565,565.00,-6.80,-2.68,0.26,5.82,1.92,1.92,25
566,566.00,-6.82,-2.65,0.04,4.83,1.95,1.95,25
567,567.00,-6.87,-2.67,0.05,3.91,2.40,2.40,25
568,568.00,-7.11,-2.66,0.24,3.06,3.16,3.06,25
569,569.00,-7.65,-2.42,0.59,2.18,3.92,2.18,25
570,570.00,-8.03,-1.96,0.59,1.12,3.85,1.12,25
571,571.00,-8.27,-1.33,0.67,0.84,4.07,0.84,25
572,572.00,-8.28,-0.69,0.64,1.90,4.25,1.90,25
573,573.00,-8.02,-0.12,0.63,1.81,4.24,1.81,25
574,574.00,-7.95,-0.05,0.10,1.54,4.18,1.54,25
575,575.00,-8.01,-0.09,0.07,1.85,4.41,1.85,25
576,576.00,-8.04,-0.18,0.10,2.58,4.84,2.58,25
577,577.00,-8.02,-0.14,0.04,3.41,5.39,3.41,25
578,578.00,-8.00,-0.12,0.04,4.29,6.04,4.29,25
579,579.00,-8.00,-0.17,0.05,5.27,6.81,5.27,25
580,580.00,-7.90,-0.04,0.16,6.09,6.21,6.09,25
581,581.00,-7.91,-0.05,0.00,6.29,5.50,5.50,25
582,582.00,-7.91,-0.04,0.01,5.32,4.90,4.90,25
583,583.00,-7.97,-0.10,0.09,4.45,4.50,4.45,25
584,584.00,-8.00,-0.18,0.08,3.57,4.22,3.57,25
585,585.00,-7.98,-0.15,0.03,2.67,4.15,2.67,25
586,586.00,-7.96,-0.12,0.03,1.91,4.33,1.91,25
587,587.00,-7.93,-0.09,0.04,1.50,4.74,1.50,25
588,588.00,-7.91,-0.07,0.03,1.73,5.31,1.73,25
589,589.00,-7.50,0.20,0.49,2.75,6.18,2.75,25
590,590.00,-6.90,0.51,0.68,2.89,6.60,2.89,25
591,591.00,-6.45,0.63,0.46,2.26,5.85,2.26,25
592,592.00,-6.23,0.60,0.22,1.43,4.98,1.43,26
593,593.00,-6.51,0.67,0.30,1.08,4.38,1.08,26
594,594.00,-7.12,0.72,0.61,2.07,4.17,2.07,26
595,595.00,-7.37,0.59,0.28,3.12,4.01,3.12,26
596,596.00,-7.33,0.63,0.05,3.96,4.02,3.96,26
597,597.00,-7.22,0.57,0.12,4.82,4.16,4.16,26
598,598.00,-6.74,0.25,0.58,5.43,4.18,4.18,26
599,599.00,-6.49,-0.26,0.57,4.63,4.80,4.63,26
600,600.00,-6.60,-0.87,0.63,4.12,6.06,4.12,26
601,601.00,-6.90,-1.48,0.68,3.77,5.77,3.77,26
602,602.00,-7.32,-2.05,0.71,3.47,5.54,3.47,26
603,603.00,-7.67,-2.51,0.57,3.05,5.20,3.05,26
604,604.00,-7.82,-2.72,0.27,2.33,4.60,2.33,26
605,605.00,-7.76,-2.60,0.14,1.24,3.75,1.24,27
606,606.00,-7.64,-2.36,0.27,0.37,3.04,0.37,27
607,607.00,-7.59,-1.94,0.42,0.83,2.91,0.83,27
608,608.00,-7.68,-1.26,0.69,0.53,3.70,0.53,27
609,609.00,-7.91,-0.64,0.66,1.19,4.89,1.19,27
610,610.00,-8.08,-0.32,0.36,2.02,5.92,2.02,27
611,611.00,-8.04,-0.36,0.06,2.78,5.76,2.78,28
612,612.00,-7.66,-0.93,0.68,3.59,4.43,3.59,28
613,613.00,-7.41,-1.56,0.68,4.78,3.23,3.23,28
614,614.00,-7.38,-2.05,0.49,6.10,2.67,2.67,28
615,615.00,-7.46,-2.26,0.23,7.31,2.94,2.94,29
616,616.00,-7.31,-1.84,0.45,6.70,3.29,3.29,29
617,617.00,-7.16,-1.15,0.71,5.12,3.65,3.65,29
618,618.00,-7.12,-0.45,0.70,3.66,4.13,3.66,29
619,619.00,-7.11,0.26,0.71,2.42,4.65,2.42,29
620,620.00,-7.21,0.95,0.70,1.90,5.28,1.90,29
621,621.00,-7.39,1.62,0.70,2.45,5.77,2.45,29
622,622.00,-7.59,2.29,0.70,3.56,5.46,3.56,29
623,623.00,-7.71,2.72,0.44,4.62,5.42,4.62,29
624,624.00,-7.76,2.90,0.19,5.52,5.50,5.50,30
625,625.00,-7.53,2.37,0.57,4.42,5.13,4.42,30
626,626.00,-7.12,1.87,0.65,3.22,4.77,3.22,30
627,627.00,-6.68,1.37,0.67,2.06,4.58,2.06,30
628,628.00,-6.30,0.86,0.64,1.07,4.62,1.07,30
629,629.00,-6.06,0.68,0.30,1.16,5.19,1.16,30
630,630.00,-5.66,0.63,0.41,1.67,6.01,1.67,30
631,631.00,-6.00,0.59,0.34,2.95,6.84,2.95,30
632,632.00,-6.29,0.48,0.31,4.24,6.25,4.24,30
633,633.00,-5.64,0.77,0.71,4.13,5.69,4.13,30
634,634.00,-5.10,0.97,0.58,2.58,5.02,2.58,30
635,635.00,-4.44,1.12,0.68,0.98,4.33,0.98,30
636,636.00,-4.01,1.09,0.43,0.46,3.43,0.46,30
637,637.00,-3.92,1.03,0.11,1.41,2.47,1.41,30
638,638.00,-3.93,1.03,0.01,2.37,1.69,1.69,30
639,639.00,-4.31,1.26,0.44,3.21,1.69,1.69,30
640,640.00,-3.91,1.04,0.45,4.37,1.49,1.49,30
641,641.00,-3.62,0.87,0.33,5.49,2.04,2.04,30
642,642.00,-3.16,0.45,0.63,5.67,2.29,2.29,30
643,643.00,-2.83,-0.11,0.64,4.79,1.60,1.60,30
644,644.00,-2.70,-0.75,0.66,3.95,1.29,1.29,30
645,645.00,-2.82,-1.33,0.59,3.29,1.11,1.11,30
646,646.00,-3.16,-1.84,0.61,3.05,0.90,0.90,30
647,647.00,-3.64,-2.24,0.62,3.46,0.68,0.68,30
648,648.00,-3.68,-2.25,0.04,4.07,1.30,1.30,30
649,649.00,-4.18,-2.31,0.51,4.95,1.85,1.85,30
650,650.00,-4.84,-2.17,0.67,5.93,2.65,2.65,30
651,651.00,-5.19,-2.04,0.37,5.40,3.65,3.65,30
652,652.00,-5.33,-1.96,0.16,4.46,4.66,4.46,30
653,653.00,-5.41,-1.91,0.09,3.53,3.82,3.53,30
654,654.00,-5.44,-1.89,0.04,2.66,2.88,2.66,30
655,655.00,-5.47,-1.87,0.04,1.90,2.02,1.90,30
656,656.00,-5.48,-1.87,0.01,1.49,1.31,1.31,31
657,657.00,-5.18,-2.05,0.35,2.03,0.83,0.83,31
658,658.00,-4.85,-2.14,0.34,2.97,1.31,1.31,31
659,659.00,-4.96,-2.20,0.12,3.50,2.39,2.39,31
660,660.00,-5.19,-2.39,0.30,2.53,3.67,2.53,31
661,661.00,-5.25,-2.53,0.15,2.15,4.81,2.15,31
662,662.00,-5.24,-2.46,0.07,2.17,5.74,2.17,31
663,663.00,-5.19,-2.40,0.08,2.58,5.60,2.58,31
664,664.00,-5.16,-2.38,0.04,3.25,4.57,3.25,31
665,665.00,-5.23,-2.49,0.13,4.20,3.71,3.71,31
666,666.00,-5.25,-2.60,0.11,5.15,2.83,2.83,31
667,667.00,-5.19,-2.98,0.39,6.45,2.10,2.10,31
668,668.00,-5.14,-3.68,0.69,7.24,1.64,1.64,31
669,669.00,-5.12,-4.32,0.65,6.97,1.27,1.27,31
670,670.00,-5.14,-4.65,0.33,6.45,0.76,0.76,31
671,671.00,-5.15,-4.83,0.18,5.84,0.75,0.75,32
672,672.00,-5.13,-4.23,0.60,4.53,1.92,1.92,32
673,673.00,-5.30,-3.63,0.62,3.33,3.07,3.07,32
674,674.00,-5.53,-3.35,0.36,2.60,2.24,2.24,32
675,675.00,-5.60,-3.32,0.08,2.48,1.28,1.28,32
676,676.00,-5.68,-3.30,0.08,2.71,0.59,0.59,32
677,677.00,-5.97,-3.22,0.30,2.25,1.25,1.25,32
678,678.00,-5.84,-3.27,0.13,2.26,2.02,2.02,32
679,679.00,-6.50,-3.03,0.70,2.23,3.33,2.23,32
680,680.00,-7.12,-2.78,0.67,2.99,4.61,2.99,32
681,681.00,-7.57,-2.38,0.60,3.88,5.66,3.88,32
682,682.00,-7.81,-1.89,0.54,4.70,6.50,4.70,32
683,683.00,-7.88,-1.31,0.59,5.38,7.13,5.38,32
684,684.00,-7.62,-0.72,0.64,5.81,6.26,5.81,32
685,685.00,-7.19,-0.18,0.69,6.04,4.90,4.90,32
686,686.00,-6.81,0.11,0.47,4.68,3.85,3.85,32
687,687.00,-6.61,0.22,0.23,3.47,3.26,3.26,33
688,688.01,-7.05,0.15,0.44,2.99,3.50,2.99,33
689,689.00,-7.60,-0.17,0.65,2.66,3.82,2.66,33
690,690.00,-8.02,-0.65,0.63,2.30,3.99,2.30,33
691,691.00,-8.32,-1.22,0.64,1.86,4.04,1.86,33
692,692.01,-8.51,-1.81,0.61,1.31,4.03,1.31,33
693,693.00,-8.50,-2.47,0.67,0.61,3.91,0.61,33
694,694.00,-8.32,-3.14,0.70,0.70,3.43,0.70,33
695,695.00,-8.09,-3.81,0.71,2.13,2.41,2.13,33
696,696.00,-7.93,-4.49,0.70,3.60,2.24,2.24,33
697,697.00,-7.83,-5.04,0.56,4.98,3.03,3.03,33
698,698.00,-7.82,-5.29,0.25,6.11,4.07,4.07,33
699,699.00,-7.83,-5.05,0.24,6.84,4.87,4.87,34
700,700.00,-7.83,-4.35,0.70,7.20,5.36,5.36,34
701,701.00,-7.77,-3.65,0.70,7.57,5.80,5.80,34
702,702.00,-7.70,-2.95,0.70,7.98,6.25,6.25,34
703,703.00,-7.64,-2.51,0.45,7.41,6.86,6.86,34
704,704.00,-7.61,-2.30,0.21,6.24,7.63,6.24,35
705,705.00,-7.51,-1.86,0.45,4.85,6.57,4.85,35
706,706.00,-7.63,-1.22,0.65,3.53,5.51,3.53,35
707,707.00,-7.94,-0.61,0.69,2.57,4.93,2.57,35
708,708.00,-8.30,-0.05,0.66,2.14,4.81,2.14,35
709,709.00,-8.64,0.53,0.68,2.44,5.08,2.44,35
710,710.00,-8.88,1.10,0.61,3.24,5.63,3.24,35
711,711.00,-8.92,1.53,0.43,4.14,6.24,4.14,35
712,712.00,-8.85,1.71,0.20,3.89,6.80,3.89,35
713,713.00,-8.84,1.75,0.04,3.56,7.40,3.56,35
714,714.00,-8.81,1.82,0.08,3.48,8.11,3.48,35
715,715.00,-8.81,1.84,0.03,3.66,8.16,3.66,36
716,716.00,-8.69,1.48,0.38,3.86,7.11,3.86,36
717,717.00,-8.58,0.88,0.61,4.43,5.96,4.43,36
718,718.00,-8.48,0.20,0.69,5.36,4.95,4.95,36
719,719.00,-8.36,-0.19,0.40,6.37,4.46,4.46,36
720,720.00,-8.21,-0.48,0.33,6.96,4.31,4.31,37
721,721.00,-7.84,-1.07,0.70,6.00,4.27,4.27,37
722,722.00,-7.49,-1.67,0.69,5.12,4.74,4.74,37
723,723.00,-7.16,-2.29,0.70,4.35,5.60,4.35,37
724,724.00,-6.83,-2.88,0.68,3.70,6.61,3.70,37
725,725.00,-6.50,-3.51,0.71,3.31,7.74,3.31,37
726,726.00,-6.28,-4.07,0.60,3.15,7.05,3.15,37
727,727.00,-6.18,-4.37,0.32,3.00,6.24,3.00,37
728,728.00,-6.18,-4.37,0.00,2.82,5.24,2.82,38
729,729.00,-6.38,-3.76,0.64,2.26,3.92,2.26,38
730,730.00,-6.40,-3.77,0.02,2.36,2.98,2.36,38
731,731.00,-6.27,-3.82,0.13,2.91,1.98,1.98,38
732,732.00,-6.75,-3.55,0.55,3.41,1.59,1.59,38
733,733.00,-7.30,-3.12,0.70,4.13,2.08,2.08,38
734,734.00,-7.69,-2.62,0.64,4.94,3.06,3.06,38
735,735.00,-7.91,-1.98,0.67,5.64,4.33,4.33,38
736,736.00,-7.87,-1.35,0.64,6.19,4.71,4.71,38
737,737.00,-7.60,-0.73,0.68,6.59,4.55,4.55,38
738,738.00,-7.21,-0.14,0.70,5.35,4.33,4.33,38
739,739.00,-6.77,0.41,0.71,3.72,4.07,3.72,38
740,740.00,-6.31,0.93,0.70,2.18,3.79,2.18,38
741,741.00,-5.84,1.45,0.70,1.19,3.51,1.19,38
742,742.00,-5.52,1.87,0.53,1.85,3.26,1.85,38
743,743.00,-5.39,2.08,0.25,2.91,3.06,2.91,38
744,744.00,-5.47,1.93,0.18,3.65,3.12,3.12,39
745,745.00,-5.87,1.41,0.65,3.95,3.93,3.93,39
746,746.00,-6.39,1.02,0.65,4.12,4.86,4.12,39
747,747.00,-6.86,0.81,0.51,2.82,4.68,2.82,39
748,748.00,-7.13,0.86,0.27,2.08,4.40,2.08,40
749,749.00,-6.88,0.47,0.46,1.19,3.71,1.19,40
750,750.00,-6.74,-0.17,0.65,1.29,3.14,1.29,40
751,751.00,-6.82,-0.78,0.62,2.63,2.84,2.63,40
752,752.00,-6.99,-1.33,0.58,4.12,2.70,2.70,40
753,753.00,-7.14,-1.82,0.51,5.57,2.66,2.66,40
754,754.00,-7.19,-2.05,0.24,6.77,2.89,2.89,41
755,755.00,-7.29,-2.43,0.40,7.32,3.16,3.16,41
756,756.00,-7.38,-2.66,0.24,6.55,3.68,3.68,41
757,757.00,-7.39,-2.69,0.04,5.60,3.16,3.16,42
758,758.00,-7.29,-2.13,0.57,4.10,3.03,3.03,42
759,759.00,-7.50,-1.52,0.65,2.82,3.22,2.82,42
760,760.00,-7.87,-0.92,0.70,1.87,3.68,1.87,42
761,761.00,-8.18,-0.43,0.58,1.52,4.19,1.52,42
762,762.00,-8.32,-0.20,0.27,1.75,4.58,1.75,42
763,763.00,-8.40,-0.08,0.14,2.37,5.03,2.37,42
764,764.00,-8.31,-0.21,0.16,1.99,5.45,1.99,43
765,765.01,-8.05,-0.82,0.66,1.05,6.02,1.05,43
766,766.00,-8.05,-1.41,0.59,1.66,7.08,1.66,43
767,767.00,-8.33,-1.70,0.40,3.00,7.59,3.00,43
768,768.01,-8.62,-1.69,0.29,4.23,6.99,4.23,43
769,769.00,-8.62,-1.73,0.03,5.23,6.20,5.23,44
770,770.00,-8.18,-2.27,0.70,6.23,5.20,5.20,44
771,771.00,-7.72,-2.79,0.70,7.28,4.18,4.18,44
772,772.00,-7.34,-3.22,0.57,8.25,3.19,3.19,44
773,773.00,-7.15,-3.42,0.27,7.41,2.36,2.36,45
774,774.00,-7.21,-3.31,0.12,6.38,1.95,1.95,45
775,775.00,-7.48,-2.69,0.67,5.06,2.60,2.60,45
776,776.01,-7.56,-2.03,0.67,3.61,3.75,3.61,45
777,777.00,-7.40,-1.36,0.68,2.05,5.03,2.05,45
778,778.00,-7.14,-0.73,0.69,0.64,4.88,0.64,45
779,779.00,-6.88,-0.08,0.70,1.45,4.72,1.45,45
780,780.00,-6.65,0.46,0.58,2.94,4.48,2.94,45
781,781.00,-6.55,0.71,0.27,3.59,4.05,3.59,45
782,782.00,-6.64,0.49,0.23,2.43,3.48,2.43,46
783,783.01,-6.94,-0.10,0.66,1.01,3.33,1.01,46
784,784.00,-7.37,-0.67,0.71,1.33,4.08,1.33,46
785,785.00,-7.73,-1.24,0.68,2.84,5.23,2.84,46
786,786.00,-7.95,-1.86,0.66,4.38,6.50,4.38,46
787,787.00,-7.86,-2.47,0.62,5.74,7.68,5.74,46
788,788.00,-7.52,-3.07,0.69,6.97,7.60,6.97,46
789,789.00,-7.16,-3.65,0.68,8.19,6.77,6.77,46
790,790.00,-6.95,-3.97,0.38,8.16,5.89,5.89,46
791,791.00,-6.89,-4.08,0.12,7.25,4.95,4.95,47
792,792.00,-7.06,-3.50,0.61,5.87,3.77,3.77,47
793,793.00,-7.05,-3.28,0.21,4.72,2.81,2.81,47
794,794.00,-6.78,-2.93,0.44,3.35,1.87,1.87,47
795,795.00,-6.56,-2.84,0.24,2.35,1.62,1.62,47
796,796.00,-6.88,-3.01,0.36,1.80,2.09,1.80,47
797,797.00,-7.06,-3.27,0.32,1.50,2.55,1.50,47
798,798.00,-6.77,-2.92,0.45,1.67,3.33,1.67,47
799,799.00,-6.64,-2.91,0.12,1.46,2.50,1.46,47
800,800.00,-6.46,-3.00,0.20,1.76,1.69,1.69,47
801,801.00,-6.32,-3.06,0.16,2.40,1.24,1.24,47
802,802.00,-6.25,-3.13,0.10,3.22,1.57,1.57,47
803,803.00,-6.11,-3.44,0.34,4.32,2.41,2.41,47
804,804.00,-5.75,-3.88,0.57,5.51,3.47,3.47,47
805,805.00,-5.29,-4.08,0.50,6.43,4.40,4.40,47
806,806.00,-5.02,-4.06,0.27,7.21,5.25,5.25,47
807,807.00,-4.49,-3.80,0.59,7.32,5.79,5.79,47
808,808.00,-4.13,-3.35,0.58,5.95,6.22,5.95,47
809,809.01,-3.95,-2.86,0.52,4.67,5.13,4.67,47
810,810.00,-4.09,-2.24,0.63,3.39,3.63,3.39,47
811,811.00,-4.43,-1.73,0.62,2.29,2.35,2.29,47
812,812.00,-4.79,-1.52,0.42,1.70,1.51,1.51,47
813,813.00,-5.04,-1.62,0.27,1.75,1.03,1.03,48
814,814.00,-5.29,-1.87,0.36,2.11,0.95,0.95,48
815,815.00,-5.34,-1.99,0.13,2.78,1.35,1.35,48
816,816.00,-5.11,-1.49,0.56,3.11,2.71,2.71,48
817,817.00,-4.66,-1.01,0.65,2.79,4.24,2.79,48
818,818.00,-4.52,-0.90,0.18,2.13,5.39,2.13,48
819,819.00,-4.52,-0.82,0.07,1.52,5.68,1.52,48
820,820.00,-4.60,-0.79,0.08,1.37,4.70,1.37,48
821,821.00,-4.53,-0.80,0.07,1.93,3.73,1.93,48
822,822.00,-4.63,-0.78,0.11,2.74,2.77,2.74,48
823,823.00,-4.45,-0.79,0.18,3.58,1.87,1.87,48
824,824.00,-4.44,-0.76,0.03,4.49,1.06,1.06,48
825,825.00,-4.38,-0.85,0.11,3.98,0.76,0.76,48
826,826.00,-4.15,-1.38,0.57,3.53,1.68,1.68,48
827,827.00,-4.19,-2.00,0.63,3.40,3.22,3.22,48
828,828.00,-4.47,-2.63,0.69,3.37,4.91,3.37,48
829,829.00,-4.75,-3.01,0.47,3.16,6.38,3.16,48
830,830.00,-5.23,-3.47,0.66,3.02,6.07,3.02,48
831,831.00,-5.74,-3.76,0.59,2.76,5.60,2.76,48
832,832.00,-6.33,-3.86,0.60,2.35,5.04,2.35,48
833,833.00,-6.95,-3.63,0.66,1.78,4.34,1.78,48
834,834.00,-7.44,-3.25,0.62,1.38,3.67,1.38,48
835,835.00,-7.59,-2.98,0.31,1.89,3.01,1.89,48
836,836.00,-7.66,-2.63,0.36,2.56,2.68,2.56,48
837,837.00,-7.84,-1.96,0.70,3.17,3.24,3.17,48
838,838.00,-7.87,-1.28,0.68,3.77,4.27,3.77,48
839,839.00,-7.73,-0.73,0.57,4.34,5.43,4.34,48
840,840.00,-7.57,-0.49,0.29,5.05,5.54,5.05,49
841,841.00,-7.84,-0.77,0.39,6.42,4.66,4.66,49
842,842.00,-8.17,-1.30,0.62,7.19,3.91,3.91,49
843,843.00,-8.29,-1.81,0.53,6.61,3.59,3.59,49
844,844.00,-8.12,-2.16,0.39,5.71,3.59,3.59,49
845,845.00,-7.96,-2.26,0.19,4.66,3.97,3.97,50
846,846.00,-8.46,-2.13,0.52,3.96,5.12,3.96,50
847,847.00,-8.90,-1.74,0.58,3.14,6.16,3.14,50
848,848.00,-9.16,-1.26,0.55,2.37,7.00,2.37,50
849,849.00,-9.21,-0.77,0.50,1.96,7.64,1.96,50
850,850.00,-9.17,-0.54,0.23,2.12,8.07,2.12,50
851,851.00,-9.02,-0.35,0.24,2.11,7.11,2.11,50
852,852.00,-8.95,-0.25,0.13,2.12,6.35,2.12,50
853,853.00,-8.80,-0.04,0.26,2.41,5.62,2.41,50
854,854.00,-8.66,0.07,0.18,2.88,5.09,2.88,50
855,855.00,-8.56,0.23,0.19,3.53,4.85,3.53,50
856,856.00,-8.48,0.35,0.15,4.25,4.89,4.25,50
857,857.00,-8.47,0.35,0.01,5.12,5.13,5.12,50
858,858.00,-8.54,0.36,0.07,6.11,5.60,5.60,50
859,859.00,-8.54,0.42,0.06,6.93,6.21,6.21,50
860,860.00,-8.54,0.44,0.02,6.08,6.88,6.08,50
861,861.00,-8.54,0.44,0.00,5.17,6.56,5.17,50
862,862.00,-8.54,0.44,0.00,4.30,5.95,4.30,50
863,863.00,-8.34,0.69,0.31,3.33,5.55,3.33,51
864,864.00,-8.00,1.31,0.71,2.64,5.44,2.64,51
865,865.00,-7.71,1.93,0.68,2.98,5.36,2.98,51
866,866.00,-7.50,2.55,0.66,4.05,5.36,4.05,51
867,867.00,-7.46,2.97,0.42,5.16,5.37,5.16,51
868,868.00,-7.50,3.17,0.21,5.67,5.41,5.41,52
869,869.00,-7.40,2.79,0.39,4.56,5.24,4.56,52
870,870.00,-7.09,2.20,0.67,3.29,5.17,3.29,52
871,871.00,-6.76,1.64,0.65,2.14,5.04,2.14,52
872,872.00,-6.57,1.01,0.66,1.42,4.32,1.42,52
873,873.00,-6.57,0.35,0.66,2.06,3.81,2.06,52
874,874.00,-6.78,-0.31,0.69,3.51,3.51,3.51,52
875,875.01,-7.02,-0.92,0.65,5.01,3.25,3.25,52
876,876.00,-7.26,-1.57,0.71,6.68,3.02,3.02,52
877,877.00,-7.39,-2.23,0.67,7.04,2.69,2.69,52
878,878.00,-7.25,-2.85,0.64,6.42,2.16,2.16,52
879,879.00,-6.90,-3.43,0.67,5.73,1.63,1.63,52
880,880.00,-6.57,-3.95,0.62,5.13,1.57,1.57,52
881,881.00,-6.28,-4.53,0.65,4.76,1.90,1.90,52
882,882.00,-5.88,-4.84,0.50,4.32,0.94,0.94,52
883,883.00,-5.57,-4.92,0.33,3.96,0.35,0.35,52
884,884.00,-5.66,-5.01,0.13,3.71,1.15,1.15,53
885,885.00,-6.03,-5.20,0.42,3.52,2.46,2.46,53
886,886.00,-6.69,-5.27,0.66,3.43,3.87,3.43,53
887,887.00,-7.29,-5.07,0.64,3.73,5.09,3.73,53
888,888.00,-7.87,-4.69,0.69,4.31,6.20,4.31,53
889,889.00,-8.31,-4.23,0.64,5.03,7.17,5.03,53
890,890.00,-8.61,-3.62,0.67,5.70,7.95,5.70,53
891,891.00,-8.76,-2.95,0.69,6.31,8.59,6.31,53
892,892.00,-8.61,-2.32,0.64,6.79,8.09,6.79,53
893,893.00,-8.37,-1.93,0.46,7.35,6.81,6.81,53
894,894.00,-8.18,-1.79,0.24,7.71,5.75,5.75,54
895,895.00,-7.61,-1.45,0.66,6.06,4.36,4.36,54
896,896.00,-7.18,-0.99,0.64,4.43,3.32,3.32,54
897,897.00,-6.88,-0.43,0.63,2.87,3.06,2.87,54
898,898.00,-6.71,0.13,0.59,1.54,3.68,1.54,54
899,899.00,-6.81,0.74,0.62,1.33,4.88,1.33,54
900,900.00,-7.07,1.10,0.44,2.08,6.00,2.08,54
901,901.00,-7.24,1.22,0.20,2.84,6.92,2.84,54
902,902.00,-7.25,1.21,0.02,3.61,7.55,3.61,55
903,903.00,-6.86,1.38,0.43,3.89,6.87,3.89,55
904,904.02,-6.77,1.63,0.26,3.31,6.31,3.31,55
905,905.00,-6.83,1.78,0.17,2.72,5.74,2.72,55
906,906.00,-6.75,1.72,0.10,2.14,5.01,2.14,55
907,907.00,-6.87,1.58,0.20,2.03,4.44,2.03,55
908,908.00,-7.18,1.48,0.32,2.74,4.31,2.74,56
909,909.00,-7.48,1.36,0.32,3.76,4.53,3.76,56
910,910.00,-7.62,1.16,0.25,4.80,4.90,4.80,56
911,911.00,-7.65,1.07,0.09,5.76,5.41,5.41,56
912,912.00,-7.67,1.07,0.02,5.24,6.05,5.24,56
913,913.00,-7.61,1.19,0.14,4.25,5.72,4.25,56
914,914.00,-7.45,1.26,0.17,3.27,5.01,3.27,56
915,915.00,-7.00,1.21,0.46,2.15,4.16,2.15,56
916,916.00,-6.57,0.81,0.59,1.22,3.43,1.22,56
917,917.00,-6.38,0.42,0.44,1.08,3.08,1.08,56
918,918.00,-6.32,-0.00,0.42,1.55,3.00,1.55,56
919,919.00,-6.60,-0.53,0.60,1.94,3.14,1.94,56
920,920.00,-7.10,-0.95,0.66,2.08,3.52,2.08,56
921,921.00,-7.51,-1.20,0.48,0.71,4.04,0.71,56
922,922.00,-7.74,-1.27,0.23,0.79,4.71,0.79,56
923,923.00,-8.28,-1.52,0.60,2.29,4.92,2.29,56
924,924.00,-8.59,-2.00,0.57,3.73,4.09,3.73,56
925,925.00,-8.72,-2.60,0.62,5.25,3.55,3.55,56
926,926.00,-8.50,-3.21,0.64,6.52,3.34,3.34,56
927,927.00,-8.11,-3.78,0.70,7.69,3.58,3.58,56
928,928.00,-7.79,-4.11,0.46,8.75,4.25,4.25,56
929,929.00,-7.52,-4.29,0.32,8.93,5.07,5.07,57
930,930.00,-6.92,-4.50,0.64,7.82,5.76,5.76,57
931,931.00,-6.28,-4.41,0.64,6.54,6.29,6.29,57
932,932.00,-5.68,-4.09,0.68,5.19,6.68,5.19,57
933,933.00,-5.30,-3.78,0.49,4.08,7.22,4.08,57
934,934.00,-5.15,-3.56,0.27,3.31,6.21,3.31,58
935,935.00,-4.88,-2.96,0.67,2.69,4.55,2.69,58
936,936.00,-4.75,-2.32,0.65,2.83,2.95,2.83,58
937,937.00,-4.88,-1.86,0.48,3.42,1.71,1.71,58
938,938.00,-5.05,-1.69,0.25,2.95,1.00,1.00,58
939,939.00,-5.20,-1.62,0.16,2.04,1.09,1.09,58
940,940.00,-5.28,-1.53,0.12,1.43,1.86,1.43,58
941,941.00,-5.29,-1.52,0.02,1.49,2.73,1.49,58
942,942.00,-5.33,-1.57,0.07,2.16,3.60,2.16,58
943,943.00,-5.39,-1.57,0.06,3.03,4.54,3.03,58
944,944.00,-5.39,-1.57,0.00,3.95,4.61,3.95,58
945,945.00,-5.39,-1.57,0.01,4.90,3.66,3.66,58
946,946.00,-5.37,-1.57,0.01,5.76,2.74,2.74,58
947,947.00,-5.36,-1.57,0.02,4.88,1.88,1.88,58
948,948.00,-5.18,-1.63,0.19,3.91,1.11,1.11,59
949,949.00,-4.86,-1.74,0.33,3.05,0.77,0.77,59
950,950.00,-5.13,-1.85,0.29,2.42,1.84,1.84,59
951,951.00,-5.39,-2.17,0.41,2.09,3.18,2.09,59
952,952.00,-5.38,-2.28,0.12,1.86,4.23,1.86,59
953,953.00,-5.36,-2.38,0.11,2.07,5.28,2.07,59
954,954.00,-5.19,-2.82,0.47,2.84,6.42,2.84,59
955,955.00,-5.09,-3.47,0.66,3.33,5.92,3.33,59
956,956.00,-5.29,-4.09,0.65,3.22,5.56,3.22,59
957,957.00,-5.65,-4.68,0.69,3.78,5.26,3.78,59
958,958.00,-6.10,-5.19,0.69,4.81,4.93,4.81,59
959,959.00,-6.63,-5.59,0.66,6.03,4.54,4.54,59
960,960.00,-7.23,-5.87,0.66,7.33,4.12,4.12,59
961,961.00,-7.72,-5.87,0.49,8.46,3.48,3.48,59
962,962.00,-7.94,-5.77,0.24,9.43,2.67,2.67,60
963,963.00,-8.36,-5.39,0.56,10.31,2.20,2.20,60
964,964.00,-8.60,-4.81,0.63,9.79,2.34,2.34,60
965,965.00,-8.59,-4.19,0.62,8.31,2.67,2.67,60
966,966.00,-8.27,-3.68,0.60,6.72,2.62,2.62,60
967,967.00,-7.82,-3.45,0.51,5.27,2.41,2.41,60
968,968.00,-7.73,-3.45,0.08,4.26,2.73,2.73,60
969,969.00,-7.33,-3.65,0.44,3.32,3.09,3.09,60
970,970.00,-7.14,-4.01,0.41,2.81,3.99,2.81,60
971,971.00,-7.20,-4.21,0.20,2.36,5.11,2.36,60
972,972.00,-7.41,-4.39,0.28,2.05,6.35,2.05,61
973,973.00,-7.39,-4.38,0.03,2.38,7.31,2.38,61
974,974.00,-7.26,-4.38,0.13,3.04,8.21,3.04,61
975,975.00,-7.87,-4.25,0.63,3.89,9.03,3.89,61
976,976.00,-8.37,-3.89,0.61,4.78,8.19,4.78,61
977,977.00,-8.67,-3.37,0.60,5.55,7.17,5.55,61
978,978.00,-8.83,-2.82,0.57,6.28,6.18,6.18,61
979,979.00,-8.87,-2.15,0.68,6.87,5.25,5.25,61
980,980.00,-8.82,-1.45,0.70,7.41,4.61,4.61,61
981,981.00,-8.75,-0.84,0.61,7.61,4.47,4.47,61
982,982.00,-8.61,-0.26,0.60,6.24,4.80,4.80,61
983,983.00,-8.45,-0.05,0.27,5.06,5.25,5.06,61
984,984.00,-8.45,-0.04,0.01,4.15,5.80,4.15,61
985,985.00,-8.38,0.06,0.13,3.20,6.54,3.20,61
986,986.00,-8.36,0.11,0.06,2.46,6.14,2.46,61
987,987.00,-8.38,0.05,0.07,1.99,5.48,1.99,61
988,988.00,-8.36,0.08,0.04,1.97,5.02,1.97,61
989,989.00,-8.37,0.03,0.06,2.35,4.67,2.35,61
990,990.00,-8.36,0.06,0.03,2.38,4.57,2.38,61
991,991.00,-8.34,0.18,0.13,2.05,4.71,2.05,61
992,992.00,-8.39,0.48,0.30,2.24,5.09,2.24,61
993,993.00,-8.38,1.14,0.66,2.82,5.54,2.82,61
994,994.00,-8.20,1.74,0.63,3.27,5.83,3.27,61
995,995.00,-7.99,2.39,0.68,3.73,6.11,3.73,61
996,996.00,-7.92,2.92,0.54,4.32,6.16,4.32,61
997,997.00,-7.99,3.16,0.25,5.01,5.96,5.01,61
998,998.00,-7.86,2.79,0.39,5.59,5.55,5.55,62
999,999.00,-7.59,2.16,0.69,4.91,4.98,4.91,62
1000,1000.00,-7.43,1.55,0.63,4.01,4.56,4.01,62
1001,1001.00,-7.47,0.85,0.70,3.33,4.32,3.33,62
1002,1002.00,-7.41,0.16,0.69,2.56,4.06,2.56,62
1003,1003.00,-7.47,-0.50,0.67,1.92,3.96,1.92,62
1004,1004.00,-7.68,-1.16,0.69,1.42,3.99,1.42,62
1005,1005.00,-7.91,-1.84,0.71,0.95,4.05,0.95,62
1006,1006.00,-8.05,-2.52,0.70,0.54,4.02,0.54,62
1007,1007.00,-8.17,-3.21,0.70,0.67,2.97,0.67,62
1008,1008.00,-8.25,-3.91,0.70,2.09,2.54,2.09,62
1009,1009.00,-8.29,-4.60,0.69,3.65,3.06,3.06,62
1010,1010.00,-8.30,-5.22,0.62,5.14,4.15,4.15,62
1011,1011.00,-8.30,-5.55,0.33,6.37,5.26,5.26,62
1012,1012.00,-8.28,-5.34,0.21,7.12,6.06,6.06,63
1013,1013.01,-8.04,-4.72,0.66,7.43,6.42,6.42,63
1014,1014.00,-7.67,-4.14,0.70,7.71,6.71,6.71,63
1015,1015.00,-7.19,-3.64,0.69,8.01,6.99,6.99,63
1016,1016.00,-6.67,-3.31,0.62,7.64,7.36,7.36,63
1017,1017.00,-6.18,-3.16,0.51,6.29,6.75,6.29,63
1018,1018.00,-6.24,-3.15,0.06,5.37,5.80,5.37,63
1019,1019.00,-6.25,-3.16,0.01,4.46,4.84,4.46,63
1020,1020.00,-6.27,-3.17,0.02,3.59,3.89,3.59,63
1021,1021.00,-6.17,-3.17,0.09,2.78,2.87,2.78,63
1022,1022.00,-6.24,-3.15,0.07,2.15,2.03,2.03,63
1023,1023.00,-6.15,-3.16,0.09,1.96,1.23,1.23,63
1024,1024.00,-6.23,-3.12,0.08,2.13,1.18,1.18,63
1025,1025.00,-6.39,-3.26,0.22,1.91,1.66,1.66,63
1026,1026.00,-6.57,-3.57,0.35,2.19,2.15,2.15,63
1027,1027.00,-6.30,-3.26,0.41,2.47,3.04,2.47,63
1028,1028.00,-6.17,-3.20,0.14,3.11,2.20,2.20,63
1029,1029.02,-6.05,-3.20,0.11,3.91,1.37,1.37,63
1030,1030.00,-5.90,-3.25,0.16,4.78,0.79,0.79,63
1031,1031.00,-6.03,-3.19,0.14,5.68,1.35,1.35,63
1032,1032.00,-6.14,-3.23,0.11,6.71,2.30,2.30,63
1033,1033.00,-6.18,-3.30,0.08,7.66,3.30,3.30,63
1034,1034.00,-6.20,-3.33,0.03,6.83,4.31,4.31,63
1035,1035.00,-6.09,-3.27,0.12,5.78,5.17,5.17,63
1036,1036.00,-6.03,-3.26,0.06,4.83,6.10,4.83,63
1037,1037.00,-5.82,-3.30,0.22,3.94,7.00,3.94,63
1038,1038.00,-5.68,-3.34,0.14,3.23,6.41,3.23,63
1039,1039.00,-5.09,-3.28,0.59,2.86,5.04,2.86,63
1040,1040.00,-4.64,-2.93,0.58,2.97,3.51,2.97,63
1041,1041.00,-4.44,-2.49,0.48,3.54,2.03,2.03,63
1042,1042.00,-4.54,-2.15,0.36,3.73,0.80,0.80,63
1043,1043.00,-4.90,-1.67,0.59,2.63,0.84,0.84,63
1044,1044.00,-5.22,-1.51,0.36,1.64,1.79,1.64,63
1045,1045.00,-5.43,-1.55,0.21,1.33,2.60,1.33,63
1046,1046.00,-5.62,-1.71,0.25,2.03,3.32,2.03,63
1047,1047.00,-5.66,-1.79,0.09,2.97,4.17,2.97,63
1048,1048.00,-5.61,-1.87,0.09,3.94,4.37,3.94,63
1049,1049.00,-5.61,-1.91,0.04,4.92,3.38,3.38,63
1050,1050.00,-5.60,-1.94,0.04,5.91,2.44,2.44,63
1051,1051.00,-5.60,-1.95,0.01,5.72,1.63,1.63,63
1052,1052.00,-5.60,-1.95,0.00,4.76,1.18,1.18,63
1053,1053.00,-5.60,-1.96,0.01,3.83,1.47,1.47,63
1054,1054.00,-5.60,-1.96,0.00,2.93,2.22,2.22,63
1055,1055.00,-5.61,-1.96,0.01,2.13,3.12,2.13,63
1056,1056.00,-5.61,-1.98,0.02,1.58,4.08,1.58,63
1057,1057.00,-5.65,-2.04,0.06,1.53,5.11,1.53,63
1058,1058.00,-5.65,-1.95,0.09,2.02,6.02,2.02,63
1059,1059.02,-5.64,-1.93,0.02,2.83,5.12,2.83,63
1060,1060.00,-5.64,-1.91,0.02,2.18,4.15,2.18,63
1061,1061.00,-5.60,-1.84,0.08,1.57,3.13,1.57,63
1062,1062.00,-5.54,-1.86,0.07,1.46,2.20,1.46,63
1063,1063.00,-5.46,-1.90,0.09,1.93,1.38,1.38,63
1064,1064.00,-5.47,-2.02,0.13,2.79,1.04,1.04,63
1065,1065.00,-5.56,-2.09,0.11,3.75,1.42,1.42,63
1066,1066.00,-5.51,-2.09,0.05,4.66,2.21,2.21,63
1067,1067.00,-5.48,-2.09,0.03,5.59,3.13,3.13,63
1068,1068.00,-5.48,-2.09,0.01,6.16,4.10,4.10,63
1069,1069.00,-5.52,-2.10,0.03,5.23,4.00,4.00,63
1070,1070.00,-5.47,-2.10,0.04,4.27,3.05,3.05,63
1071,1071.00,-5.52,-2.10,0.05,3.39,2.13,2.13,63
1072,1072.00,-5.50,-2.10,0.02,2.55,1.34,1.34,63
1073,1073.00,-5.47,-2.09,0.03,1.89,1.01,1.01,63
1074,1074.00,-5.50,-2.10,0.03,1.63,1.52,1.52,63
1075,1075.00,-5.47,-2.09,0.03,1.96,2.33,1.96,63
1076,1076.00,-5.49,-2.10,0.03,2.62,3.29,2.62,63
1077,1077.00,-5.47,-2.09,0.03,2.65,4.23,2.65,63
1078,1078.00,-5.50,-2.10,0.03,1.94,5.23,1.94,63
1079,1079.00,-5.46,-2.10,0.04,1.67,5.93,1.67,63
1080,1080.00,-5.52,-2.10,0.06,1.89,4.98,1.89,63
1081,1081.00,-5.47,-2.10,0.05,2.55,3.98,2.55,63
1082,1082.00,-5.48,-2.10,0.01,3.38,3.03,3.03,63
1083,1083.00,-5.45,-2.10,0.03,4.26,2.08,2.08,63
1084,1084.00,-5.50,-2.10,0.05,5.22,1.34,1.34,63
1085,1085.01,-5.45,-2.10,0.05,6.15,0.98,0.98,63
1086,1086.00,-5.51,-2.10,0.05,5.61,1.52,1.52,63
1087,1087.00,-5.46,-2.10,0.04,4.64,2.37,2.37,63
1088,1088.00,-5.46,-2.09,0.02,3.71,3.32,3.32,63
1089,1089.00,-5.50,-2.10,0.04,2.87,4.26,2.87,63
1090,1090.00,-5.48,-2.10,0.02,2.13,3.83,2.13,63
1091,1091.00,-5.44,-2.10,0.04,1.71,2.88,1.71,63
1092,1092.00,-5.42,-2.12,0.02,1.84,1.96,1.84,63
1093,1093.00,-5.43,-2.15,0.03,2.39,1.16,1.16,63
1094,1094.00,-5.41,-2.14,0.02,3.02,0.97,0.97,63
1095,1095.00,-5.40,-2.14,0.01,2.28,1.59,1.59,63
1096,1096.00,-5.40,-2.15,0.00,1.80,2.47,1.80,63
1097,1097.00,-5.40,-2.15,0.00,1.82,3.42,1.82,63
1098,1098.00,-5.40,-2.15,0.00,2.31,4.39,2.31,63
1099,1099.00,-5.40,-2.15,0.00,3.06,5.38,3.06,63
1100,1100.00,-5.40,-2.15,0.00,3.93,5.75,3.93,63
1101,1101.00,-5.40,-2.15,0.00,4.85,4.77,4.77,63
1102,1102.02,-5.40,-2.15,0.00,5.79,3.84,3.84,63
1103,1103.00,-5.40,-2.15,0.00,5.98,2.83,2.83,63
1104,1104.00,-5.40,-2.15,0.00,5.04,1.91,1.91,63
1105,1105.00,-5.40,-2.15,0.00,4.11,1.13,1.13,63
1106,1106.00,-5.40,-2.15,0.00,3.23,0.96,0.96,63
1107,1107.00,-5.40,-2.15,0.00,2.45,1.61,1.61,63
1108,1108.01,-5.40,-2.15,0.00,1.90,2.49,1.90,63
1109,1109.00,-5.40,-2.15,0.00,1.76,3.44,1.76,63
1110,1110.00,-7.00,0.82,3.37,2.63,7.16,2.63,63
1111,1111.00,-6.58,0.89,0.43,3.73,6.53,3.73,63
1112,1112.00,-7.05,0.80,0.48,3.11,5.70,3.11,63
1113,1113.00,-7.33,0.68,0.31,2.17,4.99,2.17,63
1114,1114.00,-7.43,0.56,0.16,1.64,4.43,1.64,63
1115,1115.00,-7.51,0.18,0.38,1.75,3.93,1.75,63
1116,1116.00,-7.71,-0.46,0.68,2.86,3.94,2.86,63
1117,1117.00,-8.07,-1.04,0.68,4.40,4.74,4.40,63
1118,1118.00,-8.33,-1.36,0.41,5.78,5.75,5.75,63
1119,1119.00,-8.46,-1.48,0.18,6.94,6.70,6.70,64
1120,1120.00,-8.08,-1.15,0.51,7.33,7.04,7.04,64
1121,1121.00,-7.57,-0.68,0.69,5.74,6.38,5.74,64
1122,1122.00,-7.06,-0.19,0.70,4.07,4.94,4.07,64
1123,1123.00,-6.65,0.36,0.68,2.49,3.80,2.49,64
1124,1124.00,-6.38,0.98,0.67,1.39,3.35,1.39,64
1125,1125.00,-6.30,1.55,0.58,1.74,3.76,1.74,64
1126,1126.00,-6.30,1.78,0.23,2.58,4.40,2.58,64
1127,1127.00,-6.34,1.90,0.13,3.50,5.15,3.50,65
1128,1128.00,-6.50,2.44,0.57,4.84,6.44,4.84,65
1129,1129.00,-6.78,3.04,0.66,5.68,7.86,5.68,65
1130,1130.00,-7.06,3.35,0.41,5.13,9.00,5.13,65
1131,1131.00,-7.03,3.32,0.03,4.41,9.68,4.41,66
1132,1132.00,-6.49,2.93,0.67,3.35,8.42,3.35,66
1133,1133.00,-6.06,2.48,0.63,2.29,7.11,2.29,66
1134,1134.00,-5.82,1.88,0.64,1.50,5.67,1.50,66
1135,1135.00,-5.81,1.30,0.59,1.95,4.32,1.95,66
1136,1136.00,-6.08,0.69,0.67,3.36,3.27,3.27,66
1137,1137.00,-6.49,0.13,0.69,4.99,3.01,3.01,66
1138,1138.00,-6.95,-0.40,0.70,5.48,3.68,3.68,66
1139,1139.00,-7.43,-0.91,0.70,5.18,4.89,4.89,66
1140,1140.00,-7.84,-1.46,0.68,4.84,6.27,4.84,66
1141,1141.00,-8.13,-2.09,0.70,4.47,7.73,4.47,66
1142,1142.00,-8.35,-2.77,0.71,4.10,7.99,4.10,66
1143,1143.00,-8.45,-3.46,0.70,3.69,7.56,3.69,66
1144,1144.00,-8.42,-4.13,0.67,3.27,7.02,3.27,66
1145,1145.01,-8.34,-4.53,0.40,2.71,6.27,2.71,66
1146,1146.00,-8.30,-4.64,0.12,2.05,5.38,2.05,67
1147,1147.00,-8.08,-4.94,0.38,2.92,4.47,2.92,67
1148,1148.02,-7.59,-5.21,0.55,3.89,3.31,3.31,67
1149,1149.02,-7.01,-5.30,0.59,4.68,1.97,1.97,67
1150,1150.00,-6.52,-5.00,0.57,5.11,0.56,0.56,67
1151,1151.00,-6.53,-5.01,0.01,5.94,0.78,0.78,67
1152,1152.00,-6.45,-4.90,0.13,6.70,1.32,1.32,67
1153,1153.00,-6.17,-4.35,0.62,6.98,0.99,0.99,67
1154,1154.00,-6.14,-4.00,0.35,7.58,0.64,0.64,67
1155,1155.00,-6.45,-3.76,0.39,8.09,1.26,1.26,67
1156,1156.00,-6.57,-3.70,0.14,7.14,2.11,2.11,67
1157,1157.00,-6.83,-3.82,0.28,6.42,3.27,3.27,67
1158,1158.00,-6.78,-3.75,0.08,5.39,4.13,4.13,68
1159,1159.00,-6.57,-3.20,0.59,3.88,4.55,3.88,68
1160,1160.00,-6.62,-2.64,0.56,2.49,5.17,2.49,68
1161,1161.00,-6.68,-2.53,0.13,1.59,6.09,1.59,68
1162,1162.00,-6.67,-2.54,0.02,1.16,7.05,1.16,68
1163,1163.00,-6.60,-2.60,0.09,1.53,6.37,1.53,68
1164,1164.00,-6.84,-2.87,0.36,1.39,5.77,1.39,68
1165,1165.00,-6.99,-2.95,0.18,1.39,5.00,1.39,68
1166,1166.00,-7.30,-2.79,0.35,1.96,4.27,1.96,68
1167,1167.00,-7.43,-2.53,0.29,2.73,3.51,2.73,68
1168,1168.00,-7.53,-2.42,0.15,3.68,2.98,2.98,69
1169,1169.00,-7.79,-2.63,0.33,5.01,2.83,2.83,69
1170,1170.00,-8.04,-2.60,0.26,6.16,2.97,2.97,69
1171,1171.00,-7.85,-2.78,0.27,7.16,2.91,2.91,70
1172,1172.01,-7.35,-3.26,0.68,8.19,2.80,2.80,70
1173,1173.00,-6.82,-3.71,0.71,7.67,2.34,2.34,70
1174,1174.00,-6.27,-4.14,0.70,6.83,1.04,1.04,70
1175,1175.00,-6.11,-4.25,0.19,5.97,0.50,0.50,70
1176,1176.00,-5.96,-4.47,0.26,5.28,1.33,1.33,70
1177,1177.00,-5.76,-4.65,0.27,4.68,2.37,2.37,70
1178,1178.00,-6.15,-4.48,0.42,3.83,3.43,3.43,71
1179,1179.00,-6.73,-4.12,0.69,2.79,4.52,2.79,71
1180,1180.00,-7.26,-3.67,0.69,1.73,5.56,1.73,71
1181,1181.00,-7.65,-3.34,0.51,1.06,6.59,1.06,71
1182,1182.00,-7.80,-3.22,0.18,1.33,7.56,1.33,71
1183,1183.00,-7.98,-2.73,0.53,1.84,8.27,1.84,71
1184,1184.00,-8.11,-2.04,0.69,2.43,7.06,2.43,71
1185,1185.00,-8.04,-1.37,0.67,2.98,5.85,2.98,71
1186,1186.00,-7.79,-0.73,0.69,3.41,4.71,3.41,71
1187,1187.00,-7.41,-0.15,0.70,3.77,3.86,3.77,71
1188,1188.00,-6.97,0.40,0.70,4.09,3.58,3.58,71
1189,1189.00,-6.54,0.93,0.68,4.43,4.05,4.05,71
1190,1190.00,-6.32,1.26,0.40,4.28,4.91,4.28,71
1191,1191.00,-6.23,1.43,0.19,3.21,5.83,3.21,72
1192,1192.00,-6.34,1.11,0.33,2.51,6.34,2.51,72
1193,1193.00,-6.53,0.45,0.69,1.99,6.54,1.99,72
1194,1194.00,-6.68,-0.08,0.55,1.39,5.81,1.39,72
1195,1195.01,-6.75,-0.31,0.24,0.68,4.77,0.68,73
1196,1196.00,-6.59,0.18,0.52,1.27,4.47,1.27,73
1197,1197.00,-6.39,0.84,0.69,2.83,4.36,2.83,73
1198,1198.00,-6.27,1.52,0.70,4.44,4.32,4.32,73
1199,1199.00,-6.20,1.98,0.46,4.51,4.17,4.17,73
1200,1200.00,-6.17,2.19,0.22,3.83,3.94,3.83,74
1201,1201.00,-6.17,2.50,0.31,3.32,3.95,3.32,74
1202,1202.00,-6.39,3.02,0.56,3.20,4.38,3.20,74
1203,1203.00,-6.82,3.48,0.62,3.40,5.08,3.40,74
1204,1204.00,-7.44,3.76,0.68,3.99,5.90,3.99,74
1205,1205.00,-7.96,3.82,0.53,4.75,6.20,4.75,74
1206,1206.00,-8.37,3.59,0.47,5.58,6.38,5.58,74
1207,1207.00,-8.47,3.42,0.20,6.26,6.39,6.26,74
1208,1208.00,-8.40,3.29,0.15,5.57,6.40,5.57,74
1209,1209.00,-8.37,3.24,0.06,4.94,6.63,4.94,75
1210,1210.00,-8.10,2.81,0.51,4.08,6.54,4.08,75
1211,1211.00,-7.68,2.24,0.70,3.12,6.39,3.12,75
1212,1212.00,-7.33,1.63,0.71,2.33,6.35,2.33,75
1213,1213.00,-7.06,0.98,0.70,1.86,6.42,1.86,75
1214,1214.00,-6.91,0.31,0.69,1.82,6.56,1.82,75
1215,1215.00,-7.04,-0.34,0.66,2.05,5.43,2.05,75
1216,1216.00,-7.32,-0.88,0.61,1.83,4.22,1.83,75
1217,1217.00,-7.48,-1.10,0.27,0.67,3.55,0.67,75
1218,1218.00,-7.50,-1.21,0.11,0.72,3.22,0.72,75
1219,1219.00,-7.58,-1.45,0.25,1.84,3.26,1.84,76
1220,1220.00,-7.62,-1.71,0.26,3.03,3.71,3.03,76
1221,1221.00,-7.72,-2.40,0.70,4.59,4.69,4.59,76
1222,1222.00,-7.80,-3.09,0.69,6.16,5.95,5.95,76
1223,1223.00,-7.85,-3.49,0.40,7.49,7.17,7.17,76
1224,1224.00,-7.87,-3.64,0.15,8.62,8.24,8.24,77
1225,1225.00,-7.78,-2.98,0.66,7.86,7.94,7.86,77
1226,1226.00,-7.69,-2.29,0.69,6.30,6.52,6.30,77
1227,1227.00,-7.56,-1.60,0.70,4.72,5.21,4.72,77
1228,1228.00,-7.43,-0.92,0.70,3.20,4.16,3.20,77
1229,1229.00,-7.32,-0.23,0.70,1.87,3.65,1.87,77
1230,1230.00,-7.22,0.47,0.70,1.42,3.88,1.42,77
1231,1231.00,-7.17,1.17,0.70,2.39,4.75,2.39,77
1232,1232.00,-7.18,1.74,0.58,3.67,5.86,3.67,77
1233,1233.00,-7.21,1.99,0.25,4.72,6.81,4.72,78
1234,1234.00,-7.16,1.88,0.13,3.97,7.47,3.97,78
1235,1235.00,-6.82,1.30,0.66,2.67,7.62,2.67,78
1236,1236.00,-6.65,0.69,0.63,1.39,6.28,1.39,78
1237,1237.00,-6.80,0.06,0.65,1.17,4.87,1.17,78
1238,1238.00,-7.10,-0.57,0.69,2.54,3.72,2.54,78
1239,1239.00,-7.38,-1.17,0.67,4.10,3.12,3.12,78
1240,1240.00,-7.54,-1.80,0.65,5.63,3.22,3.22,78
1241,1241.00,-7.43,-2.45,0.66,7.03,3.79,3.79,78
1242,1242.00,-7.16,-3.09,0.69,7.94,4.69,4.69,78
1243,1243.00,-6.83,-3.72,0.70,7.29,5.79,5.79,78
1244,1244.00,-6.55,-4.29,0.64,6.71,7.04,6.71,78
1245,1245.00,-6.42,-4.61,0.34,6.06,8.22,6.06,78
1246,1246.00,-6.47,-4.47,0.14,5.07,7.99,5.07,79
1247,1247.00,-6.80,-3.87,0.68,3.72,6.72,3.72,79
1248,1248.00,-7.23,-3.33,0.70,2.46,5.68,2.46,79
1249,1249.00,-7.67,-2.81,0.68,1.22,4.85,1.22,79
1250,1250.00,-7.83,-2.61,0.25,0.41,4.12,0.41,79
1251,1251.00,-7.80,-2.66,0.06,0.47,3.42,0.47,79
1252,1252.00,-7.82,-2.59,0.07,1.07,2.95,1.07,79
1253,1253.00,-7.90,-2.36,0.25,1.89,2.96,1.89,80
1254,1254.00,-7.82,-2.54,0.20,2.97,2.98,2.97,80
1255,1255.00,-7.50,-3.16,0.69,4.27,2.76,2.76,80
1256,1256.00,-7.28,-3.53,0.43,5.44,2.80,2.80,80
1257,1257.00,-7.16,-3.70,0.20,6.48,1.95,1.95,81
1258,1258.00,-6.91,-3.89,0.32,7.49,1.34,1.34,81
1259,1259.00,-6.46,-4.08,0.49,8.38,1.27,1.27,81
1260,1260.02,-6.18,-3.97,0.30,7.57,1.83,1.83,81
1261,1261.00,-5.51,-3.85,0.69,6.28,2.27,2.27,81
1262,1262.00,-4.82,-3.78,0.69,5.21,2.89,2.89,81
1263,1263.00,-4.71,-3.76,0.11,4.47,3.82,3.82,81
1264,1264.00,-4.17,-3.48,0.60,3.80,4.35,3.80,81
1265,1265.00,-3.83,-3.04,0.57,3.47,4.80,3.47,81
1266,1266.00,-3.67,-2.54,0.52,3.62,5.26,3.62,81
1267,1267.00,-3.81,-1.91,0.64,4.00,4.25,4.00,81
1268,1268.00,-4.13,-1.36,0.64,4.44,2.92,2.92,81
1269,1269.00,-4.40,-1.11,0.36,3.37,1.92,1.92,81
1270,1270.00,-4.53,-1.05,0.15,2.42,1.11,1.11,81
1271,1271.00,-4.64,-1.07,0.11,1.67,0.79,0.79,81
1272,1272.00,-4.68,-1.09,0.04,1.49,1.32,1.32,81
1273,1273.00,-4.75,-1.12,0.08,1.97,2.16,1.97,81
1274,1274.00,-4.75,-1.12,0.00,2.75,3.10,2.75,81
1275,1275.00,-4.75,-1.12,0.01,3.64,4.07,3.64,81
1276,1276.00,-4.75,-1.11,0.01,4.52,5.06,4.52,81
1277,1277.00,-4.75,-1.10,0.01,4.75,5.38,4.75,81
1278,1278.00,-4.75,-1.08,0.02,3.79,4.42,3.79,81
1279,1279.00,-4.75,-1.07,0.01,2.88,3.45,2.88,81
1280,1280.00,-4.75,-1.10,0.03,2.09,2.48,2.09,81
1281,1281.00,-4.75,-1.11,0.01,1.53,1.56,1.53,81
1282,1282.00,-4.75,-1.10,0.01,1.50,0.93,0.93,81
1283,1283.00,-4.75,-1.10,0.00,2.04,1.12,1.12,81
1284,1284.00,-4.75,-1.09,0.02,2.86,1.89,1.89,81
1285,1285.00,-4.75,-1.12,0.03,3.75,2.84,2.84,81
1286,1286.00,-4.75,-1.12,0.01,3.38,3.81,3.38,81
1287,1287.00,-4.75,-1.11,0.01,2.51,4.78,2.51,81
1288,1288.00,-4.75,-1.10,0.01,1.81,3.93,1.81,81
1289,1289.00,-4.76,-1.10,0.00,1.42,2.96,1.42,81
1290,1290.00,-4.76,-1.10,0.00,1.70,2.03,1.70,81
1291,1291.00,-4.76,-1.10,0.00,2.40,1.21,1.21,81
1292,1292.00,-4.76,-1.10,0.00,3.26,0.90,0.90,81
1293,1293.00,-4.76,-1.11,0.00,4.19,1.46,1.46,81
1294,1294.00,-4.76,-1.10,0.00,5.04,2.34,2.34,81
1295,1295.00,-4.76,-1.10,0.00,4.18,3.29,3.29,81
1296,1296.00,-4.75,-1.10,0.01,3.26,4.27,3.26,81
1297,1297.00,-4.75,-1.11,0.01,2.41,5.24,2.41,81
1298,1298.00,-4.75,-1.10,0.01,1.70,5.20,1.70,81
1299,1299.00,-4.75,-1.09,0.01,1.42,4.23,1.42,81
1300,1300.00,-4.75,-1.07,0.02,1.78,3.28,1.78,81
1301,1301.00,-4.76,-1.10,0.03,2.50,2.30,2.30,81
1302,1302.00,-4.75,-1.08,0.02,3.39,1.45,1.45,81
1303,1303.00,-4.75,-1.11,0.03,3.75,0.88,0.88,81
1304,1304.00,-4.75,-1.12,0.01,2.85,1.24,1.24,81
1305,1305.00,-4.76,-1.13,0.01,2.04,2.09,2.04,81
1306,1306.00,-4.79,-1.14,0.04,1.48,3.06,1.48,81
1307,1307.00,-4.83,-1.14,0.04,1.53,4.05,1.53,81
1308,1308.00,-4.83,-1.14,0.00,2.14,4.82,2.14,81
1309,1309.00,-4.84,-1.14,0.01,2.97,3.84,2.97,81
1310,1310.00,-4.84,-1.14,0.01,3.89,2.88,2.88,81
1311,1311.00,-4.83,-1.14,0.01,4.82,1.96,1.96,81
1312,1312.00,-4.80,-1.12,0.04,4.60,1.14,1.14,81
1313,1313.00,-7.02,0.82,2.95,3.97,3.91,3.91,81
1314,1314.00,-6.95,0.93,0.13,2.98,4.29,2.98,81
1315,1315.00,-6.61,1.44,0.62,1.94,5.22,1.94,81
1316,1316.00,-6.51,1.88,0.45,2.00,6.37,2.00,81
1317,1317.00,-6.71,2.26,0.43,2.83,7.58,2.83,81
1318,1318.00,-7.04,2.38,0.35,3.60,8.56,3.60,81
1319,1319.02,-7.24,2.26,0.24,4.18,8.11,4.18,82
1320,1320.00,-7.58,1.82,0.56,4.48,6.96,4.48,82
1321,1321.00,-7.91,1.26,0.65,3.29,5.87,3.29,82
1322,1322.00,-8.18,0.94,0.41,2.54,5.26,2.54,82
1323,1323.00,-8.14,1.02,0.09,2.45,4.99,2.45,82
1324,1324.00,-8.08,1.15,0.15,2.69,4.89,2.69,82
1325,1325.00,-8.04,1.19,0.05,3.17,4.93,3.17,82
1326,1326.00,-7.95,1.06,0.16,3.78,5.06,3.78,82
1327,1327.01,-7.88,1.01,0.08,4.56,5.43,4.56,82
1328,1328.00,-7.72,0.92,0.19,5.33,5.86,5.33,82
1329,1329.00,-7.20,0.52,0.66,5.58,5.74,5.58,82
1330,1330.00,-6.84,-0.02,0.65,4.57,4.82,4.57,82
1331,1331.00,-6.60,-0.67,0.69,3.79,4.06,3.79,82
1332,1332.01,-6.61,-1.19,0.51,3.15,3.48,3.15,82
1333,1333.00,-6.75,-1.41,0.27,2.41,3.00,2.41,82
1334,1334.00,-6.72,-1.37,0.05,1.37,2.54,1.37,82
1335,1335.00,-6.71,-1.37,0.01,0.44,2.45,0.44,82
1336,1336.01,-6.71,-1.35,0.02,0.72,2.78,0.72,82
1337,1337.00,-6.68,-1.33,0.04,1.72,3.39,1.72,82
1338,1338.00,-6.62,-1.18,0.16,1.87,4.29,1.87,82
1339,1339.00,-6.62,-1.05,0.13,0.95,5.27,0.95,82
1340,1340.00,-6.74,-0.94,0.16,0.09,4.74,0.09,82
1341,1341.00,-7.03,-0.86,0.30,1.26,4.10,1.26,82
1342,1342.00,-7.08,-0.84,0.06,2.27,3.53,2.27,82
1343,1343.01,-6.97,-0.95,0.15,3.24,2.97,2.97,82
1344,1344.00,-6.80,-1.27,0.37,4.34,2.59,2.59,82
1345,1345.00,-6.80,-1.20,0.07,5.29,2.93,2.93,82
1346,1346.00,-6.82,-1.18,0.03,6.29,3.52,3.52,82
1347,1347.00,-6.84,-1.20,0.03,5.72,4.28,4.28,82
1348,1348.00,-6.84,-1.36,0.16,4.83,5.17,4.83,82
1349,1349.00,-6.91,-1.53,0.19,4.01,6.23,4.01,82
1350,1350.00,-7.25,-2.05,0.61,3.62,6.86,3.62,82
1351,1351.00,-7.48,-2.56,0.57,3.23,6.43,3.23,82
1352,1352.00,-7.42,-2.93,0.38,2.51,5.68,2.51,82
1353,1353.00,-7.46,-2.90,0.05,1.59,4.80,1.59,83
1354,1354.00,-7.59,-2.65,0.28,0.66,3.98,0.66,83
1355,1355.00,-7.62,-2.80,0.15,0.81,3.33,0.81,83
1356,1356.00,-7.63,-2.76,0.04,0.86,2.78,0.86,83
1357,1357.00,-7.58,-2.61,0.15,1.54,2.56,1.54,83
1358,1358.00,-7.62,-2.60,0.04,2.51,2.77,2.51,83
1359,1359.00,-7.25,-2.39,0.42,3.10,3.35,3.10,83
1360,1360.00,-7.11,-2.22,0.22,3.86,4.16,3.86,83
1361,1361.00,-7.08,-2.10,0.12,4.74,3.49,3.49,83
1362,1362.00,-7.06,-2.05,0.05,5.69,2.91,2.91,83
1363,1363.00,-7.01,-1.55,0.50,6.29,2.81,2.81,83
1364,1364.00,-6.98,-0.89,0.67,6.01,2.99,2.99,83
1365,1365.00,-6.99,-0.53,0.36,4.79,3.09,3.09,83
1366,1366.00,-7.01,-0.43,0.10,3.76,3.31,3.31,84
1367,1367.00,-6.87,-0.68,0.28,2.80,3.61,2.80,84
1368,1368.00,-6.57,-0.90,0.38,1.72,4.06,1.72,84
1369,1369.00,-6.53,-0.92,0.04,0.70,4.85,0.70,84
1370,1370.00,-6.62,-0.85,0.10,0.29,5.76,0.29,84
1371,1371.00,-6.62,-0.81,0.04,1.31,5.47,1.31,84
1372,1372.00,-6.62,-0.85,0.03,2.29,4.64,2.29,84
1373,1373.00,-6.59,-0.77,0.08,1.96,3.81,1.96,84
1374,1374.00,-6.45,-0.55,0.26,1.22,3.01,1.22,84
1375,1375.00,-6.32,-0.48,0.15,0.37,2.57,0.37,84
1376,1376.00,-6.29,-0.46,0.04,0.62,2.62,0.62,85
1377,1377.00,-6.88,-0.78,0.67,2.28,3.08,2.28,85
1378,1378.00,-7.41,-1.20,0.67,3.95,3.45,3.45,85
1379,1379.00,-7.78,-1.73,0.65,5.57,3.66,3.66,85
1380,1380.00,-8.02,-2.38,0.69,7.19,3.74,3.74,85
1381,1381.00,-8.12,-3.06,0.69,8.64,3.45,3.45,85
1382,1382.00,-8.10,-3.76,0.70,8.26,2.47,2.47,85
1383,1383.00,-8.00,-4.37,0.62,7.69,2.28,2.28,85
1384,1384.00,-7.90,-4.65,0.30,6.91,2.88,2.88,85
1385,1385.00,-7.95,-4.58,0.09,5.91,3.72,3.72,86
1386,1386.00,-8.12,-3.94,0.66,4.49,4.42,4.42,86
1387,1387.00,-8.02,-3.29,0.66,2.91,4.88,2.91,86
1388,1388.00,-7.79,-2.66,0.67,1.30,5.23,1.30,86
1389,1389.00,-7.78,-2.60,0.06,0.46,6.06,0.46,86
1390,1390.00,-7.78,-2.59,0.01,0.50,6.96,0.50,86
1391,1391.00,-7.60,-1.99,0.62,0.24,7.39,0.24,86
1392,1392.00,-7.34,-1.47,0.58,0.68,6.28,0.68,86
1393,1393.00,-7.18,-1.08,0.42,1.31,5.10,1.31,86
1394,1394.00,-6.94,-0.45,0.68,1.76,3.96,1.76,86
1395,1395.00,-6.79,-0.13,0.35,2.45,3.32,2.45,86
1396,1396.00,-6.79,-0.13,0.00,3.42,3.13,3.13,86
1397,1397.00,-6.79,-0.13,0.00,4.40,3.25,3.25,86
1398,1398.00,-6.79,-0.13,0.00,5.39,3.65,3.65,86
1399,1399.00,-6.79,-0.13,0.00,5.20,4.25,4.25,86
1400,1400.01,-6.69,0.05,0.21,4.02,5.15,4.02,86
1401,1401.00,-6.24,0.51,0.65,2.42,6.44,2.42,86
1402,1402.00,-5.68,0.74,0.60,0.92,6.86,0.92,86
1403,1403.00,-5.67,0.73,0.01,0.60,5.95,0.60,86
1404,1404.00,-5.60,0.79,0.09,1.45,5.12,1.45,86
1405,1405.00,-5.43,0.87,0.19,2.57,4.35,2.57,86
1406,1406.01,-5.33,0.77,0.13,3.55,3.46,3.46,86
1407,1407.00,-5.19,0.60,0.23,4.52,2.58,2.58,86
1408,1408.00,-5.20,0.54,0.06,3.67,2.14,2.14,87
1409,1409.00,-5.18,1.20,0.66,3.18,2.41,2.41,87
1410,1410.00,-5.41,1.76,0.61,2.60,2.96,2.60,87
1411,1411.00,-5.66,2.01,0.36,1.99,3.58,1.99,88
1412,1412.00,-6.03,2.00,0.37,1.71,4.47,1.71,88
1413,1413.00,-6.24,1.77,0.31,2.09,4.14,2.09,88
1414,1414.00,-6.23,1.49,0.28,2.84,3.68,2.84,89
1415,1415.01,-5.97,0.91,0.63,3.74,3.01,3.01,89
1416,1416.02,-5.94,0.30,0.60,4.65,2.61,2.61,89
1417,1417.00,-6.21,-0.30,0.68,4.25,2.55,2.55,89
1418,1418.00,-6.62,-0.87,0.70,3.93,2.66,2.66,89
1419,1419.01,-7.07,-1.39,0.68,3.66,2.85,2.85,89
1420,1420.00,-7.53,-1.93,0.71,3.32,3.08,3.08,89
1421,1421.00,-7.96,-2.47,0.69,3.01,3.30,3.01,89
1422,1422.00,-8.29,-3.09,0.70,2.70,3.41,2.70,89
1423,1423.00,-8.53,-3.76,0.72,2.43,2.93,2.43,89
1424,1424.00,-8.69,-4.44,0.70,2.21,2.72,2.21,89
1425,1425.00,-8.70,-5.02,0.58,2.77,3.28,2.77,89
1426,1426.00,-8.66,-5.31,0.30,3.91,4.14,3.91,90
1427,1427.00,-8.73,-5.15,0.18,4.70,5.00,4.70,90
1428,1428.00,-8.80,-4.63,0.52,5.24,5.67,5.24,90
1429,1429.02,-8.70,-4.91,0.29,6.39,6.67,6.39,90
1430,1430.00,-8.41,-5.11,0.36,7.37,7.53,7.37,90
1431,1431.00,-7.84,-5.24,0.59,8.15,8.21,8.15,90
1432,1432.00,-7.30,-4.97,0.60,8.61,8.65,8.61,90
1433,1433.02,-6.92,-4.48,0.61,8.96,8.64,8.64,90
1434,1434.00,-6.67,-3.84,0.70,7.70,6.99,6.99,90
1435,1435.00,-6.56,-3.18,0.66,6.12,5.46,5.46,90
1436,1436.00,-6.68,-2.68,0.51,4.79,4.28,4.28,90
1437,1437.00,-6.98,-2.20,0.57,3.57,3.47,3.47,90
1438,1438.00,-7.17,-1.84,0.40,2.42,2.96,2.42,90
1439,1439.00,-7.28,-1.51,0.35,1.26,2.86,1.26,90
1440,1440.00,-7.29,-1.46,0.05,0.23,3.01,0.23,90
1441,1441.00,-7.30,-1.42,0.05,0.81,3.47,0.81,90
1442,1442.00,-7.31,-1.37,0.05,1.63,4.15,1.63,90
1443,1443.00,-7.37,-1.04,0.33,0.91,5.23,0.91,90
1444,1444.00,-7.22,-0.43,0.62,0.83,5.37,0.83,90
1445,1445.00,-6.83,0.08,0.64,0.86,5.04,0.86,90
1446,1446.00,-6.41,0.41,0.53,0.96,4.54,0.96,90
1447,1447.00,-6.14,0.58,0.32,1.41,3.92,1.41,90
1448,1448.00,-6.27,0.41,0.21,2.50,3.27,2.50,90
1449,1449.00,-6.07,0.74,0.39,3.13,3.05,3.05,90
1450,1450.00,-6.22,0.43,0.35,4.41,2.97,2.97,90
1451,1451.01,-6.08,0.07,0.38,4.71,3.17,3.17,90
1452,1452.00,-5.81,-0.11,0.33,3.62,3.63,3.62,90
1453,1453.00,-5.58,-0.03,0.24,2.40,4.21,2.40,90
1454,1454.00,-5.52,0.02,0.08,1.32,4.35,1.32,91
1455,1455.00,-5.92,-0.47,0.63,0.96,4.08,0.96,91
1456,1456.00,-6.45,-0.94,0.71,0.67,3.93,0.67,91
1457,1457.00,-7.01,-1.34,0.69,0.34,3.84,0.34,91
1458,1458.00,-7.38,-1.54,0.42,0.26,3.59,0.26,91
1459,1459.00,-7.47,-1.58,0.09,1.17,3.20,1.17,91
1460,1460.00,-7.37,-1.54,0.11,0.86,2.91,0.86,92
1461,1461.00,-6.86,-1.19,0.62,0.48,3.03,0.48,92
1462,1462.00,-6.50,-0.68,0.62,0.12,4.04,0.12,92
1463,1463.00,-6.29,-0.15,0.58,0.51,5.38,0.51,92
1464,1464.01,-6.24,0.28,0.43,1.22,6.65,1.22,92
1465,1465.00,-6.38,0.94,0.68,2.08,6.53,2.08,92
1466,1466.00,-6.61,1.60,0.70,3.04,6.37,3.04,92
1467,1467.00,-6.85,2.25,0.69,4.00,6.29,4.00,92
1468,1468.00,-7.00,2.67,0.45,4.82,6.07,4.82,92
1469,1469.00,-7.07,2.85,0.19,4.20,5.69,4.20,93
1470,1470.00,-7.10,2.29,0.56,3.52,4.83,3.52,93
1471,1471.00,-7.35,1.68,0.66,3.05,4.52,3.05,93
1472,1472.00,-7.58,1.13,0.60,2.59,4.80,2.59,93
1473,1473.00,-7.58,1.04,0.08,2.14,5.26,2.14,93
1474,1474.00,-7.55,1.06,0.03,2.14,5.84,2.14,93
1475,1475.00,-7.57,1.01,0.06,2.51,5.80,2.51,93
1476,1476.00,-7.52,1.05,0.07,3.25,5.15,3.25,93
1477,1477.00,-7.44,1.06,0.08,3.60,4.61,3.60,93
1478,1478.00,-7.12,0.91,0.35,2.71,4.00,2.71,93
1479,1479.00,-6.67,0.54,0.59,1.62,3.37,1.62,93
1480,1480.00,-6.56,0.34,0.22,0.87,3.36,0.87,93
1481,1481.00,-6.55,-0.10,0.44,1.27,3.42,1.27,93
1482,1482.00,-6.85,-0.62,0.61,2.76,3.64,2.76,93
1483,1483.00,-7.35,-0.98,0.61,4.36,4.10,4.10,93
1484,1484.00,-7.99,-1.16,0.66,5.98,4.79,4.79,93
1485,1485.01,-8.55,-1.03,0.57,7.35,5.56,5.56,93
1486,1486.00,-8.90,-0.73,0.46,7.29,5.39,5.39,93
1487,1487.00,-8.92,-0.34,0.38,6.17,5.27,5.27,93
1488,1488.00,-8.73,-0.13,0.28,4.98,4.98,4.98,93
1489,1489.00,-8.52,-0.17,0.21,3.90,4.62,3.90,94
1490,1490.00,-7.99,-0.50,0.62,2.59,4.03,2.59,94
1491,1491.01,-7.62,-0.85,0.51,1.45,3.89,1.45,94
1492,1492.00,-7.49,-1.10,0.28,0.56,4.33,0.56,95
1493,1493.00,-7.54,-1.00,0.11,0.91,5.06,0.91,95
1494,1494.00,-7.50,-1.15,0.16,1.69,5.89,1.69,95
1495,1495.00,-7.46,-1.82,0.67,0.41,7.08,0.41,95
1496,1496.00,-7.30,-2.43,0.63,1.10,6.89,1.10,95
1497,1497.00,-6.99,-3.06,0.70,2.48,6.12,2.48,95
1498,1498.00,-6.60,-3.64,0.70,3.79,5.28,3.79,95
1499,1499.00,-6.16,-4.19,0.70,5.06,4.43,4.43,95
1500,1500.00,-5.77,-4.77,0.70,6.37,3.71,3.71,95
1501,1501.00,-5.55,-5.18,0.46,7.56,3.00,3.00,95
1502,1502.00,-5.46,-5.44,0.27,8.65,2.24,2.24,96
1503,1503.00,-5.53,-5.19,0.25,8.98,1.08,1.08,96
1504,1504.00,-5.59,-5.02,0.18,7.95,0.41,0.41,96
1505,1505.00,-5.74,-4.87,0.21,6.97,1.24,1.24,96
1506,1506.00,-6.28,-4.52,0.65,5.93,1.67,1.67,96
1507,1507.00,-6.89,-4.33,0.63,5.06,1.18,1.18,96
1508,1508.00,-7.43,-4.49,0.57,4.50,1.76,1.76,96
1509,1509.00,-7.62,-4.69,0.28,3.88,2.70,2.70,96
1510,1510.00,-7.71,-4.97,0.29,3.36,3.80,3.36,96
1511,1511.00,-7.73,-5.09,0.12,2.81,4.83,2.81,96
1512,1512.00,-7.49,-4.81,0.37,2.57,5.42,2.57,96
1513,1513.00,-7.11,-4.72,0.38,3.11,6.08,3.11,96
1514,1514.00,-7.02,-4.78,0.12,3.86,7.06,3.86,96
1515,1515.00,-6.84,-4.98,0.27,4.82,8.10,4.82,96
1516,1516.00,-6.84,-5.15,0.17,5.82,9.24,5.82,97
1517,1517.01,-6.84,-4.48,0.66,6.09,7.88,6.09,97
1518,1518.00,-6.95,-3.78,0.72,6.44,6.42,6.42,97
1519,1519.00,-7.08,-3.10,0.69,6.92,5.11,5.11,97
1520,1520.00,-7.22,-2.41,0.70,7.46,4.00,4.00,97
1521,1521.00,-7.32,-1.74,0.69,6.44,3.25,3.25,97
1522,1522.00,-7.23,-1.05,0.69,4.91,3.05,3.05,97
1523,1523.00,-7.02,-0.39,0.70,3.35,3.59,3.35,97
1524,1524.00,-6.82,0.29,0.71,1.96,4.72,1.96,97
1525,1525.00,-6.68,0.83,0.56,1.32,5.99,1.32,97
1526,1526.00,-6.62,1.10,0.27,1.78,7.09,1.78,98
1527,1527.00,-6.48,1.65,0.57,3.06,7.64,3.06,98
1528,1528.00,-6.23,2.20,0.61,4.52,7.33,4.52,98
1529,1529.00,-6.08,2.45,0.29,5.54,6.73,5.54,98
1530,1530.00,-6.23,2.26,0.24,4.40,5.78,4.40,99
1531,1531.00,-6.69,1.75,0.69,2.97,4.78,2.97,99
1532,1532.00,-7.23,1.34,0.68,2.12,4.37,2.12,99
1533,1533.00,-7.85,1.07,0.68,2.53,4.68,2.53,99
1534,1534.00,-8.24,0.96,0.41,3.48,5.26,3.48,99
1535,1535.00,-8.43,0.95,0.19,4.44,5.87,4.44,100
1536,1536.00,-8.49,0.99,0.07,5.33,6.49,5.33,100
1537,1537.00,-8.74,0.81,0.30,6.51,7.29,6.51,100
1538,1538.00,-8.88,0.65,0.21,6.87,6.80,6.80,100
1539,1539.00,-8.90,0.60,0.05,6.00,6.26,6.00,100
1540,1540.01,-8.94,0.52,0.10,5.18,5.82,5.18,100
1541,1541.00,-8.94,0.44,0.08,4.36,5.47,4.36,100
1542,1542.00,-8.91,0.37,0.08,3.57,5.24,3.57,100
1543,1543.01,-8.70,-0.13,0.54,2.68,4.78,2.68,100
1544,1544.00,-8.32,-0.74,0.72,1.56,4.23,1.56,100
1545,1545.02,-7.97,-1.21,0.58,0.71,3.95,0.71,100
1546,1546.00,-7.96,-1.26,0.05,1.22,4.40,1.22,100
1547,1547.00,-7.74,-1.87,0.65,0.37,4.41,0.37,100
1548,1548.00,-7.60,-2.15,0.31,0.76,3.85,0.76,100
1549,1549.00,-7.22,-2.75,0.71,2.07,2.53,2.07,100
1550,1550.00,-6.79,-3.27,0.67,3.31,1.55,1.55,100
1551,1551.00,-6.39,-3.59,0.52,4.37,1.44,1.44,100
1552,1552.00,-5.92,-4.08,0.67,5.57,2.22,2.22,100
1553,1553.00,-5.63,-4.43,0.46,6.70,3.35,3.35,100
1554,1554.00,-5.50,-4.62,0.23,7.71,4.45,4.45,101
1555,1555.00,-5.61,-4.47,0.19,8.43,5.37,5.37,101
1556,1556.00,-5.87,-3.96,0.57,7.24,6.08,6.08,101
1557,1557.00,-5.88,-3.52,0.44,5.93,6.72,5.93,101
1558,1558.00,-5.50,-3.30,0.44,4.71,6.77,4.71,101
1559,1559.00,-4.99,-2.95,0.62,3.53,5.21,3.53,101
1560,1560.00,-4.69,-2.44,0.59,2.57,3.62,2.57,101
1561,1561.00,-4.67,-1.88,0.57,2.13,2.15,2.13,101
1562,1562.00,-4.99,-1.50,0.50,2.24,1.30,1.30,101
1563,1563.00,-5.24,-1.40,0.27,2.83,1.15,1.15,101
1564,1564.00,-5.37,-1.38,0.14,3.07,1.60,1.60,101
1565,1565.00,-5.30,-1.37,0.07,2.26,2.35,2.26,101
1566,1566.00,-5.27,-1.42,0.06,1.57,3.20,1.57,101
1567,1567.00,-5.09,-1.62,0.27,1.58,4.00,1.58,101
1568,1568.00,-5.07,-1.95,0.32,2.26,4.68,2.26,101
1569,1569.00,-5.27,-2.14,0.28,3.19,3.72,3.19,101
1570,1570.00,-5.42,-2.10,0.15,4.08,2.75,2.75,102
1571,1571.00,-5.42,-2.08,0.03,4.98,1.87,1.87,102
1572,1572.00,-5.43,-2.04,0.04,5.90,1.18,1.18,102
1573,1573.00,-5.55,-1.70,0.36,5.48,1.27,1.27,102
1574,1574.00,-5.53,-1.77,0.07,4.57,1.69,1.69,102
1575,1575.00,-5.54,-1.85,0.08,3.70,2.54,2.54,102
1576,1576.00,-5.55,-2.15,0.30,3.10,3.67,3.10,102
1577,1577.00,-5.56,-2.05,0.10,2.22,4.57,2.22,102
1578,1578.00,-5.56,-2.01,0.04,1.63,5.52,1.63,102
1579,1579.00,-5.62,-1.93,0.11,1.50,5.59,1.50,102
1580,1580.00,-5.61,-1.96,0.03,2.06,4.64,2.06,102
1581,1581.00,-5.61,-1.94,0.01,2.86,3.67,2.86,102
1582,1582.00,-5.60,-1.65,0.29,2.25,2.58,2.25,102
1583,1583.00,-5.61,-1.92,0.26,1.59,1.88,1.59,102
1584,1584.00,-5.37,-2.27,0.42,1.89,1.04,1.04,102
1585,1585.00,-5.58,-2.10,0.27,2.12,1.16,1.16,102
1586,1586.00,-5.66,-1.85,0.26,2.67,2.04,2.04,102
1587,1587.00,-5.55,-2.06,0.23,3.72,2.69,2.69,102
1588,1588.00,-5.17,-2.26,0.43,4.67,3.55,3.55,102
1589,1589.00,-4.87,-2.32,0.31,5.52,4.50,4.50,102
1590,1590.01,-4.26,-2.19,0.62,5.73,3.91,3.91,102
1591,1591.00,-3.68,-1.84,0.69,4.39,3.54,3.54,102
1592,1592.00,-3.21,-1.38,0.65,3.24,3.20,3.20,102
1593,1593.00,-2.97,-0.80,0.63,2.44,2.81,2.44,102
1594,1594.00,-2.79,-0.13,0.70,2.48,2.47,2.47,102
1595,1595.00,-2.81,0.51,0.64,3.20,1.98,1.98,102
1596,1596.00,-3.09,1.10,0.65,4.10,1.46,1.46,102
1597,1597.00,-3.54,1.51,0.60,4.95,1.24,1.24,102
1598,1598.00,-4.16,1.74,0.66,5.65,1.91,1.91,102
1599,1599.00,-4.77,1.77,0.61,5.27,3.03,3.03,102
1600,1600.00,-5.36,1.52,0.64,3.74,3.48,3.48,102
1601,1601.00,-5.65,1.22,0.42,2.38,3.23,2.38,102
1602,1602.00,-5.74,1.00,0.24,1.26,2.90,1.26,103
1603,1603.00,-5.75,0.82,0.18,0.67,2.71,0.67,103
1604,1604.00,-5.70,0.44,0.39,1.41,2.58,1.41,103
1605,1605.00,-5.72,-0.19,0.63,2.81,2.47,2.47,103
1606,1606.00,-6.00,-0.69,0.57,4.36,2.69,2.69,103
1607,1607.00,-6.36,-1.04,0.50,5.86,3.12,3.12,103
1608,1608.00,-6.87,-1.42,0.64,5.90,3.58,3.58,103
1609,1609.00,-7.29,-1.90,0.64,5.53,3.94,3.94,103
1610,1610.00,-7.52,-2.48,0.62,5.11,3.84,3.84,103
1611,1611.00,-7.47,-2.86,0.38,4.39,2.81,2.81,103
1612,1612.00,-7.18,-3.02,0.34,3.41,2.08,2.08,103
1613,1613.00,-6.91,-3.02,0.27,2.42,1.80,1.80,103
1614,1614.00,-6.75,-2.72,0.34,1.41,2.04,1.41,104
1615,1615.00,-6.77,-2.78,0.07,1.28,2.70,1.28,104
1616,1616.00,-7.03,-3.15,0.45,1.48,3.93,1.48,104
1617,1617.00,-6.92,-3.10,0.13,1.42,4.72,1.42,104
1618,1618.00,-7.34,-3.28,0.46,2.11,6.10,2.11,104
1619,1619.00,-7.87,-3.39,0.54,3.31,7.52,3.31,104
1620,1620.00,-7.62,-3.34,0.25,4.10,8.26,4.10,104
1621,1621.00,-8.10,-3.08,0.54,5.15,7.85,5.15,104
1622,1622.00,-8.44,-2.58,0.61,6.03,6.93,6.03,104
1623,1623.00,-8.60,-1.93,0.66,6.73,5.96,5.96,104
1624,1624.00,-8.65,-1.23,0.71,7.35,5.16,5.16,104
1625,1625.00,-8.66,-0.65,0.58,7.24,4.73,4.73,104
1626,1626.00,-8.66,0.01,0.67,5.98,4.81,4.81,104
1627,1627.00,-8.60,0.70,0.69,4.81,5.38,4.81,104
1628,1628.00,-8.40,1.32,0.65,3.80,6.21,3.80,104
1629,1629.00,-8.17,1.81,0.54,3.21,7.17,3.21,104
1630,1630.00,-7.91,2.39,0.64,3.34,8.41,3.34,104
1631,1631.00,-7.83,2.93,0.54,4.14,9.09,4.14,104
1632,1632.00,-7.99,3.24,0.35,5.02,8.65,5.02,104
1633,1633.00,-7.96,3.24,0.03,5.69,7.94,5.69,105
1634,1634.00,-7.42,2.80,0.70,5.00,6.69,5.00,105
1635,1635.01,-6.90,2.34,0.69,3.88,5.46,3.88,105
1636,1636.00,-6.42,1.84,0.69,2.64,4.27,2.64,105
1637,1637.00,-6.08,1.28,0.65,1.43,3.29,1.43,105
1638,1638.00,-5.95,0.85,0.45,0.94,2.97,0.94,105
1639,1639.00,-5.94,0.25,0.60,1.90,3.38,1.90,105
1640,1640.00,-5.96,-0.01,0.26,3.07,4.22,3.07,105
1641,1641.00,-5.97,-0.18,0.17,4.19,5.16,4.19,105
1642,1642.00,-6.00,-0.32,0.14,5.21,4.41,4.41,106
1643,1643.00,-6.37,-0.89,0.68,4.97,4.15,4.15,106
1644,1644.00,-6.83,-1.41,0.69,4.66,3.98,3.98,106
1645,1645.00,-7.34,-1.90,0.71,4.37,3.87,3.87,106
1646,1646.00,-7.81,-2.41,0.69,4.06,3.76,3.76,106
1647,1647.00,-8.19,-2.98,0.69,3.75,3.60,3.60,106
1648,1648.00,-8.47,-3.62,0.69,3.43,3.35,3.35,106
1649,1649.00,-8.59,-4.05,0.45,2.90,2.98,2.90,106
1650,1650.00,-8.59,-4.26,0.21,2.18,2.63,2.18,107
1651,1651.00,-8.76,-3.95,0.35,1.58,3.00,1.58,107
1652,1652.00,-8.80,-3.82,0.13,2.42,3.08,2.42,107
1653,1653.00,-8.69,-3.31,0.52,2.93,3.17,2.93,107
1654,1654.00,-6.93,0.82,4.49,1.48,5.24,1.48,107
1655,1655.00,-6.92,0.84,0.02,1.66,4.57,1.66,107
1656,1656.00,-7.12,0.79,0.21,2.51,4.16,2.51,108
1657,1657.00,-6.82,1.13,0.45,2.98,3.90,2.98,108
1658,1658.00,-7.11,0.67,0.54,4.30,3.86,3.86,108
1659,1659.00,-7.37,0.03,0.69,5.78,4.35,4.35,108
1660,1660.00,-7.48,-0.66,0.70,6.07,5.23,5.23,108
1661,1661.00,-7.49,-1.36,0.69,5.51,6.35,5.51,108
1662,1662.00,-7.42,-2.04,0.69,4.92,7.26,4.92,108
1663,1663.00,-7.18,-2.66,0.66,4.26,6.53,4.26,108
1664,1664.00,-6.81,-3.14,0.61,3.56,5.63,3.56,108
1665,1665.00,-6.29,-3.56,0.67,3.03,4.58,3.03,108
1666,1666.00,-5.70,-3.82,0.64,2.89,3.42,2.89,108
1667,1667.00,-5.13,-3.75,0.58,3.15,2.07,2.07,108
1668,1668.00,-4.80,-3.47,0.43,3.71,0.71,0.71,108
1669,1669.02,-4.93,-3.70,0.27,3.35,0.29,0.29,108
1670,1670.00,-4.57,-3.36,0.51,3.22,1.62,1.62,108
1671,1671.00,-4.82,-3.45,0.27,3.19,2.36,2.36,108
1672,1672.00,-5.13,-3.24,0.38,3.30,3.38,3.30,108
1673,1673.00,-5.22,-3.02,0.23,3.75,3.01,3.01,108
1674,1674.00,-5.19,-2.98,0.05,4.49,2.07,2.07,109
1675,1675.00,-5.26,-3.22,0.25,5.60,0.84,0.84,110
1676,1676.00,-5.28,-3.13,0.09,6.43,0.33,0.33,110
1677,1677.00,-5.30,-3.43,0.30,7.26,1.40,1.40,110
1678,1678.00,-5.36,-3.71,0.29,6.64,2.67,2.67,111
1679,1679.00,-5.51,-3.93,0.26,6.00,3.94,3.94,111
1680,1680.00,-5.91,-4.16,0.46,5.47,5.34,5.34,111
1681,1681.01,-6.51,-4.18,0.60,4.80,6.71,4.80,111
1682,1682.00,-7.06,-3.88,0.63,3.80,7.81,3.80,111
1683,1683.00,-7.47,-3.39,0.64,2.59,8.03,2.59,111
1684,1684.01,-7.73,-2.82,0.61,1.30,6.90,1.30,111
1685,1685.00,-7.80,-2.65,0.18,0.46,5.95,0.46,111
1686,1686.00,-7.76,-2.69,0.05,0.51,5.06,0.51,111
1687,1687.00,-7.50,-2.34,0.43,0.72,3.89,0.72,111
1688,1688.01,-7.54,-2.70,0.37,1.98,3.35,1.98,111
1689,1689.00,-7.46,-2.33,0.38,2.59,2.72,2.59,111
1690,1690.00,-7.42,-1.64,0.70,3.04,3.01,3.01,111
1691,1691.00,-7.39,-0.94,0.70,3.58,4.02,3.58,111
1692,1692.00,-7.36,-0.29,0.66,4.18,5.33,4.18,111
1693,1693.00,-7.30,0.42,0.70,4.76,6.81,4.76,111
1694,1694.00,-7.34,1.10,0.69,5.46,6.79,5.46,111
1695,1695.00,-7.47,1.77,0.67,4.86,6.71,4.86,111
1696,1696.00,-7.58,2.11,0.36,4.12,6.39,4.12,111
1697,1697.00,-7.56,2.10,0.02,3.45,5.79,3.45,112
1698,1698.00,-7.32,1.45,0.69,2.53,4.67,2.53,112
1699,1699.00,-7.18,0.78,0.68,1.72,3.92,1.72,112
1700,1700.00,-7.13,0.09,0.69,1.08,3.83,1.08,112
1701,1701.00,-7.17,-0.45,0.54,0.90,4.42,0.90,112
1702,1702.00,-7.13,-0.50,0.07,1.68,5.12,1.68,112
1703,1703.00,-7.11,-1.16,0.66,1.92,6.24,1.92,112
1704,1704.00,-7.35,-1.74,0.62,0.36,6.70,0.36,112
1705,1705.00,-7.47,-2.20,0.48,1.12,6.16,1.12,112
1706,1706.00,-7.31,-2.84,0.66,2.56,5.48,2.56,112
1707,1707.00,-6.98,-3.42,0.66,3.88,4.65,3.88,112
1708,1708.00,-6.54,-3.85,0.62,5.02,3.65,3.65,112
1709,1709.00,-6.20,-3.93,0.35,5.88,2.50,2.50,112
1710,1710.00,-6.07,-3.87,0.14,6.69,1.47,1.47,113
1711,1711.00,-6.53,-3.96,0.47,7.92,1.14,1.14,113
1712,1712.00,-7.07,-3.71,0.59,8.19,1.60,1.60,113
1713,1713.00,-7.48,-3.22,0.64,7.06,2.67,2.67,113
1714,1714.00,-7.75,-2.61,0.67,5.77,3.83,3.83,113
1715,1715.00,-7.83,-1.94,0.68,4.34,3.85,3.85,113
1716,1716.00,-7.72,-1.25,0.69,2.84,3.87,2.84,113
1717,1717.00,-7.57,-0.61,0.66,1.51,3.87,1.51,113
1718,1718.00,-7.38,0.03,0.67,1.25,3.90,1.25,113
1719,1719.00,-7.25,0.70,0.68,2.47,4.03,2.47,113
1720,1720.00,-7.35,1.36,0.67,3.91,4.38,3.91,113
1721,1721.00,-7.55,1.88,0.56,4.07,4.81,4.07,113
1722,1722.00,-7.66,2.12,0.26,3.63,5.14,3.63,113
1723,1723.00,-7.74,2.28,0.18,3.31,5.56,3.31,113
1724,1724.00,-7.81,2.36,0.10,3.19,6.07,3.19,113
1725,1725.00,-7.90,2.37,0.09,3.36,5.96,3.36,113
1726,1726.00,-7.90,2.41,0.03,3.75,5.60,3.75,113
1727,1727.00,-7.90,2.47,0.06,4.33,5.43,4.33,113
1728,1728.00,-7.90,2.49,0.02,5.03,5.43,5.03,113
1729,1729.00,-7.90,2.50,0.00,5.73,5.61,5.61,113
1730,1730.00,-7.90,2.50,0.00,5.03,5.95,5.03,113
1731,1731.00,-7.65,2.18,0.40,4.06,6.03,4.06,114
1732,1732.00,-7.43,1.61,0.61,3.13,6.03,3.13,114
1733,1733.00,-7.58,1.13,0.50,2.59,6.29,2.59,114
1734,1734.00,-7.76,1.00,0.22,2.27,6.94,2.27,114
1735,1735.00,-7.80,0.98,0.05,2.20,7.23,2.20,114
1736,1736.00,-7.87,0.95,0.07,2.51,6.47,2.51,115
1737,1737.01,-7.31,0.68,0.61,2.88,5.37,2.88,115
1738,1738.00,-6.65,0.57,0.67,3.42,4.40,3.42,115
1739,1739.00,-5.96,0.66,0.69,2.88,3.60,2.88,115
1740,1740.00,-5.34,0.77,0.63,2.35,2.87,2.35,115
1741,1741.00,-4.79,0.89,0.57,1.81,2.19,1.81,115
1742,1742.00,-4.13,0.94,0.66,1.37,1.44,1.37,115
1743,1743.00,-3.68,0.88,0.45,0.94,1.03,0.94,115
1744,1744.00,-3.61,0.86,0.08,0.86,1.64,0.86,115
1745,1745.00,-3.33,0.62,0.36,1.75,2.50,1.75,115
1746,1746.00,-2.92,0.13,0.64,2.96,1.89,1.89,115
1747,1747.00,-2.72,-0.49,0.65,3.40,1.43,1.43,115
1748,1748.00,-2.78,-1.07,0.58,3.34,1.17,1.17,115
1749,1749.00,-3.07,-1.60,0.60,3.28,0.94,0.94,115
1750,1750.00,-3.56,-2.03,0.65,3.12,0.63,0.63,115
1751,1751.00,-3.63,-2.08,0.10,2.91,1.03,1.03,115
1752,1752.00,-4.01,-2.22,0.40,2.78,1.58,1.58,115
1753,1753.00,-4.67,-2.19,0.66,2.47,2.25,2.25,115
1754,1754.00,-5.08,-2.05,0.43,2.59,3.22,2.59,115
1755,1755.00,-5.26,-1.94,0.21,3.20,4.25,3.20,115
1756,1756.00,-5.32,-1.89,0.08,2.49,4.31,2.49,116
1757,1757.00,-4.92,-2.36,0.62,2.39,3.01,2.39,116
1758,1758.00,-4.67,-2.86,0.55,2.77,1.69,1.69,116
1759,1759.00,-4.62,-3.14,0.29,3.33,0.55,0.55,116
1760,1760.00,-4.52,-3.07,0.12,3.80,0.53,0.53,116
1761,1761.00,-4.52,-3.06,0.01,4.47,1.44,1.44,116
1762,1762.00,-4.52,-3.12,0.06,5.31,2.47,2.47,116
1763,1763.00,-4.59,-3.15,0.08,6.21,3.53,3.53,116
1764,1764.00,-4.70,-3.04,0.15,6.67,4.48,4.48,116
1765,1765.00,-4.83,-2.95,0.16,5.74,5.46,5.46,116
1766,1766.01,-5.04,-3.06,0.23,5.04,6.52,5.04,117
1767,1767.00,-5.45,-3.40,0.55,4.63,6.03,4.63,117
1768,1768.00,-6.05,-3.68,0.65,4.20,5.61,4.20,117
1769,1769.00,-6.68,-3.72,0.63,3.55,5.07,3.55,117
1770,1770.00,-7.24,-3.44,0.63,2.57,4.36,2.57,117
1771,1771.00,-7.65,-2.97,0.62,1.38,3.69,1.38,117
1772,1772.00,-7.73,-2.81,0.18,0.63,3.08,0.63,117
1773,1773.00,-7.74,-2.74,0.07,0.56,2.70,0.56,117
1774,1774.00,-7.73,-2.80,0.07,1.23,2.61,1.23,117
1775,1775.00,-7.74,-2.39,0.41,1.82,3.28,1.82,117
1776,1776.00,-7.77,-1.70,0.70,2.34,4.57,2.34,117
1777,1777.00,-7.65,-1.02,0.69,2.85,4.97,2.85,117
1778,1778.00,-7.36,-0.39,0.68,3.27,4.79,3.27,117
1779,1779.00,-6.96,0.17,0.69,3.61,4.54,3.61,117
1780,1780.00,-6.50,0.59,0.62,3.97,4.14,3.97,117
1781,1781.00,-6.15,0.75,0.38,4.57,3.55,3.55,117
1782,1782.00,-5.63,0.85,0.53,3.49,2.89,2.89,118
1783,1783.00,-4.97,0.97,0.67,1.88,2.21,1.88,118
1784,1784.00,-4.31,1.03,0.66,0.39,1.57,0.39,118
1785,1785.00,-3.92,1.00,0.39,1.03,1.45,1.03,118
1786,1786.00,-3.80,0.96,0.12,2.06,2.07,2.06,118
1787,1787.00,-3.44,0.70,0.45,3.22,2.39,2.39,118
1788,1788.00,-3.00,0.23,0.64,4.38,1.48,1.48,118
1789,1789.02,-2.75,-0.37,0.64,5.33,0.99,0.99,118
1790,1790.00,-2.70,-0.98,0.62,5.91,0.91,0.91,118
1791,1791.00,-2.91,-1.57,0.62,4.77,0.95,0.95,118
1792,1792.00,-3.16,-1.91,0.42,3.84,1.08,1.08,118
1793,1793.00,-3.09,-1.82,0.12,3.38,1.95,1.95,118
1794,1794.01,-3.07,-1.83,0.02,3.13,2.87,2.87,118
1795,1795.00,-3.41,-2.34,0.62,3.46,3.23,3.23,118
1796,1796.00,-3.91,-2.68,0.60,4.21,3.62,3.62,118
1797,1797.00,-4.53,-2.67,0.62,5.04,4.25,4.25,118
1798,1798.00,-5.14,-2.45,0.65,5.94,3.50,3.50,118
1799,1799.00,-5.41,-2.25,0.34,6.07,2.63,2.63,118
1800,1800.00,-5.52,-2.13,0.16,5.07,1.85,1.85,118
