step,time_s,rx,ry,speed_mps,d1_linear,d2_triangle,dmin,goals
1,1756402835.3159661,-20.90558071320825,-18.848942212949012,nan,3.7076204731653153,nan,3.7076204731653153,0
2,1756402836.3118844,-20.461727529766414,-18.620202189199823,0.5013736642067712,4.639646617020233,nan,4.639646617020233,0
3,1756402837.3137567,-20.117896356096708,-18.43749098268717,0.3886349925539217,5.602874947752705,nan,5.602874947752705,0
4,1756402838.3089468,-19.729199880910578,-18.176062821274538,0.47069715428112663,6.7392418910853955,nan,6.7392418910853955,0
5,1756402839.3110535,-19.400565810956103,-17.876835212368473,0.44351758159894067,7.35612978006156,nan,7.35612978006156,0
6,1756402840.3111017,-19.134333682566762,-17.66627718504912,0.33941586924452627,7.031446466535316,nan,7.031446466535316,0
7,1756402841.3156383,-18.71042920563622,-17.61625521274399,0.4249179484132533,6.804848430926918,nan,6.804848430926918,0
8,1756402842.3111305,-18.202080216352346,-17.5352268311568,0.5170972118581448,7.2472156682653095,nan,7.2472156682653095,0
9,1756402843.3082893,-17.75963049128056,-17.555286628015097,0.4441662076423496,8.163201692686151,nan,8.163201692686151,0
10,1756402844.3157177,-17.285238061288016,-17.626349121155762,0.4761483473963192,9.359500867317212,nan,9.359500867317212,0
11,1756402845.3086185,-16.862176595385137,-17.77442141070763,0.45143061799253675,10.444409132287014,nan,10.444409132287014,0
12,1756402846.314325,-16.422995753584367,-17.997225015395998,0.4896701473751377,10.578653761511083,nan,10.578653761511083,0
13,1756402847.3097417,-16.110271700154136,-18.250624413919954,0.4043549669418501,10.337726253853873,nan,10.337726253853873,1
14,1756402848.3090436,-16.12274930564164,-18.308571938848733,0.05931708901922248,10.091042310355771,nan,10.091042310355771,1
15,1756402849.313876,-16.2178989986367,-18.30612046076573,0.09472353872744121,9.545040522341287,nan,9.545040522341287,1
16,1756402850.3106332,-16.571943472738432,-18.170229960331188,0.3804615257937957,8.180091080089827,nan,8.180091080089827,1
17,1756402851.3162396,-17.076561689393348,-18.02589443962332,0.5219283929400956,6.8820352246949605,nan,6.8820352246949605,1
18,1756402852.309154,-17.44350430480136,-17.90731153121661,0.3883796739470904,5.988153632758406,nan,5.988153632758406,1
19,1756402853.3085208,-17.898993311368738,-18.157062016927046,0.5197957473388493,5.169847186140394,nan,5.169847186140394,1
20,1756402854.3145502,-18.356041050450063,-18.414941150646982,0.5216350942539885,4.831337900597188,nan,4.831337900597188,1
21,1756402855.3090339,-18.808518029163956,-18.64426917098093,0.5100876399938081,5.100468007607301,nan,5.100468007607301,1
22,1756402856.3150318,-19.2695174874293,-18.799675296709246,0.48358850414597326,5.982027489833767,nan,5.982027489833767,1
23,1756402857.3111224,-19.75199116639581,-18.976566008590673,0.5158953757053427,6.523871316437448,nan,6.523871316437448,1
24,1756402858.3075178,-20.229607733083466,-19.136958715450206,0.5056514426172765,5.9859007273025995,nan,5.9859007273025995,1
25,1756402859.3074057,-20.720274512575607,-19.27432447721538,0.5095894777641979,5.369277661842535,nan,5.369277661842535,1
26,1756402860.3130739,-21.22290729207137,-19.42231054620947,0.5210120727204447,4.8615145221131915,nan,4.8615145221131915,1
27,1756402861.3083858,-21.687969191142273,-19.539374137143,0.481827850522178,4.695031350806797,nan,4.695031350806797,1
28,1756402862.3121607,-22.186224707975512,-19.596824437816696,0.4996704770971306,4.830027624175884,nan,4.830027624175884,1
29,1756402863.3081825,-22.598877328719293,-19.624296080546525,0.41521789018035393,5.085798715911618,nan,5.085798715911618,1
30,1756402864.3130162,-23.090518655557187,-19.60125396386015,0.48981338646177175,4.336633175485207,nan,4.336633175485207,1
31,1756402865.3074658,-23.526784751014226,-19.59960032678645,0.4387042064825929,3.1068306910187573,nan,3.1068306910187573,1
32,1756402866.307253,-23.992140987835864,-19.582172350804797,0.4657816370688769,2.1347170933706874,nan,2.1347170933706874,1
33,1756402867.3097413,-24.503640495455286,-19.554096699978487,0.510997894844984,1.1938651971837784,nan,1.1938651971837784,1
34,1756402868.3153012,-25.012626208849195,-19.5252291696395,0.5069848826026163,1.3465447502107375,nan,1.3465447502107375,1
35,1756402869.308991,-25.41929246286539,-19.577078253909335,0.41256160999330244,2.8804328658906275,nan,2.8804328658906275,1
36,1756402870.3148966,-25.78414368362432,-19.73061621252621,0.3935173118936651,4.507827877530689,nan,4.507827877530689,1
37,1756402871.3094587,-26.16916909778276,-19.978728762040866,0.46054850419721527,6.135642411917464,nan,6.135642411917464,1
38,1756402872.3070884,-26.4014219322472,-20.052478642156604,0.24425997150217107,7.689428074043947,nan,7.689428074043947,1
39,1756402873.3125148,-26.65390886912749,-19.875060622003506,0.3069229219726498,9.333806984914878,nan,9.333806984914878,2
40,1756402874.310365,-26.662612562046995,-19.80625661068255,0.06950175036979991,10.745380203369105,nan,10.745380203369105,2
41,1756402875.3157032,-26.519988120013867,-19.746072604598712,0.15398062536991636,11.152163040946029,nan,11.152163040946029,2
42,1756402876.3105423,-26.162833257523943,-19.62929341967492,0.37771115282424983,9.819281838282576,nan,9.819281838282576,2
43,1756402877.309014,-25.799274563257427,-19.641729927280934,0.3643281334908457,8.154161797538094,nan,8.154161797538094,2
44,1756402878.3158038,-25.277421906768424,-19.66609558164557,0.5188980175550248,6.3541806778226,nan,6.3541806778226,2
45,1756402879.310504,-24.758211440628667,-19.690879866110144,0.5225711892813248,4.923339969146653,nan,4.923339969146653,2
46,1756402880.3083205,-24.339252763095278,-19.760076282473957,0.42556376119647493,4.266036411064968,nan,4.266036411064968,2
47,1756402881.3146083,-23.84069257915305,-19.87085459453784,0.5075279494603304,4.323224435351158,nan,4.323224435351158,2
48,1756402882.307469,-23.442421727044906,-19.817099530022315,0.4047720173376252,3.9328014042223978,nan,3.9328014042223978,2
49,1756402883.3130114,-22.941027376186675,-19.673751473626236,0.5186090237071633,3.529758507854944,nan,3.529758507854944,2
50,1756402884.3087769,-22.445768151845062,-19.532571615669646,0.5171788085841049,3.6389017289815566,nan,3.6389017289815566,2
51,1756402885.3074965,-21.9425748950286,-19.38948412474985,0.5238125759359665,3.6942830427322018,nan,3.6942830427322018,2
52,1756402886.3076775,-21.496986708304934,-19.356070827097653,0.446758365874372,3.1581319095990072,nan,3.1581319095990072,2
53,1756402887.312303,-20.998447795829918,-19.41055463557976,0.49919819019522393,2.8408900325825246,nan,2.8408900325825246,2
54,1756402888.307953,-20.480389659292744,-19.47408197416266,0.5242191014433678,2.827108809218769,nan,2.827108809218769,2
55,1756402889.3083494,-20.01857041289686,-19.566321953817994,0.4707541433011167,3.048507423941774,nan,3.048507423941774,2
56,1756402890.3145783,-19.51651140591917,-19.682189375636717,0.5120661464790385,3.4661566129133106,nan,3.4661566129133106,2
57,1756402891.3134909,-19.085871101748523,-19.83289053174246,0.4567443172865842,3.9762905026568873,nan,3.9762905026568873,2
58,1756402892.30692,-18.629015605213176,-20.022321765484758,0.49784290440972323,4.625925160660055,nan,4.625925160660055,2
59,1756402893.3071854,-18.17820500946228,-20.162451312205633,0.4719621282720247,4.769200939585375,nan,4.769200939585375,2
60,1756402894.3119957,-17.726156334581304,-20.261611881353687,0.4605811913912198,4.26050491788836,nan,4.26050491788836,2
61,1756402895.307717,-17.350458748993077,-20.549182038235436,0.4751559225664041,4.2677445622456105,nan,4.2677445622456105,2
62,1756402896.3140042,-16.955196413032382,-20.841829251744503,0.48873486625939616,5.224895904456177,nan,5.224895904456177,2
63,1756402897.3117187,-16.756972872206212,-20.964506717414444,0.23364841870930628,6.693123336717129,nan,6.693123336717129,3
64,1756402898.3159544,-16.652850901520175,-20.715988521498094,0.26831233953797334,8.210671808379523,nan,8.210671808379523,3
65,1756402899.3120804,-16.498187296623644,-20.367989951754172,0.382301009572827,9.507701507759451,nan,9.507701507759451,3
66,1756402900.312819,-16.543189080827602,-19.96232867146699,0.4078485248029773,9.676992837813536,nan,9.676992837813536,3
67,1756402901.3077826,-16.69898911893858,-19.57091781699837,0.42341158480755225,9.397898317971796,nan,9.397898317971796,3
68,1756402902.311342,-17.03587067899937,-19.29030086416143,0.4368911390522398,9.029606851077254,nan,9.029606851077254,3
69,1756402903.3098233,-17.436712843748712,-19.104099249072487,0.4426513183289454,8.19144732547204,nan,8.19144732547204,3
70,1756402904.3146625,-17.898713743310292,-18.94526589966356,0.48618881232543276,6.667334162946613,nan,6.667334162946613,3
71,1756402905.3100867,-18.165772586492782,-18.836474460490102,0.2896933843318409,5.525755249259388,nan,5.525755249259388,3
72,1756402906.3081007,-18.428436866814128,-18.4959806973971,0.43088892643057064,4.861814167600665,nan,4.861814167600665,3
73,1756402907.3147526,-18.59949624248261,-18.09426606926572,0.43373362911335195,4.893905235251789,nan,4.893905235251789,3
74,1756402908.307331,-18.737286816857086,-17.69039615253999,0.4299190704896769,5.490932305325745,nan,5.490932305325745,3
75,1756402909.3120184,-18.738875004383463,-17.54415252960141,0.14556991523128385,6.1953298041742535,nan,6.1953298041742535,3
76,1756402910.3081615,-18.631577903473556,-17.573873061301946,0.1117683047660195,6.953378556828403,nan,6.953378556828403,3
77,1756402911.308296,-18.371250638303653,-17.761114521016566,0.32062751003802525,7.105324237979299,nan,7.105324237979299,3
78,1756402912.313872,-18.257408911572284,-18.045297154847372,0.3044391539776914,6.50548236514215,nan,6.50548236514215,4
79,1756402913.311461,-18.333020113280888,-18.343715852743493,0.3085926765552969,6.119460207836725,nan,6.119460207836725,4
80,1756402914.3074582,-18.406227921416775,-18.514822002259205,0.18685732420278298,6.286050508603102,nan,6.286050508603102,4
81,1756402915.3110244,-18.684663604261065,-18.569209787112438,0.28268968693903723,6.833992790611566,nan,6.833992790611566,4
82,1756402916.3094106,-19.178402763015708,-18.604103843437944,0.49577076007076953,7.363288030052245,nan,7.363288030052245,4
83,1756402917.3151715,-19.69939603463468,-18.626610711023414,0.5184922064863008,7.7250154831316715,nan,7.7250154831316715,4
84,1756402918.3099525,-20.222786890671916,-18.64908238624176,0.5266214705679289,7.013898863060765,nan,7.013898863060765,4
85,1756402919.3078833,-20.735835245727003,-18.668744707269816,0.5144895908971546,5.921083817216706,nan,5.921083817216706,4
86,1756402920.3140368,-21.233682319217547,-18.67944087431438,0.49491645324390876,5.031286704452252,nan,5.031286704452252,4
87,1756402921.3094597,-21.573927180625166,-18.947491396410037,0.4351402353533013,4.140679854681428,nan,4.140679854681428,4
88,1756402922.310184,-21.902462641079175,-19.11125558417071,0.3668232007651018,2.909092928707891,nan,2.909092928707891,4
89,1756402923.3157027,-22.412077331356283,-19.09159101133884,0.5071949051876312,2.34296813253694,nan,2.34296813253694,4
90,1756402924.3083105,-22.917170251129576,-19.085823826379357,0.5088876266051936,3.0485080108473714,nan,3.0485080108473714,4
91,1756402925.3077135,-23.414883515227437,-19.092948672962567,0.49806160099278046,4.454614831211781,nan,4.454614831211781,4
92,1756402926.3132126,-23.928650338355833,-19.11695911898622,0.5115146878155331,6.1149282492047,nan,6.1149282492047,4
93,1756402927.3089685,-24.182568478257984,-19.166309259615865,0.2597718944059029,7.578268624528101,nan,7.578268624528101,5
94,1756402928.3080814,-24.113546360543083,-19.31297396281386,0.16223831021484394,8.79096550570363,nan,8.79096550570363,5
95,1756402929.31358,-23.750148134564345,-19.505121135307093,0.4088223481841151,8.885542859538534,nan,8.885542859538534,5
96,1756402930.3078482,-23.416332944296798,-19.550545829174094,0.33883378496077005,7.62194869115234,nan,7.62194869115234,5
97,1756402931.3098056,-23.24078709869555,-19.544964425228674,0.17529143399498232,6.3115954698349475,nan,6.3115954698349475,5
98,1756402932.3108597,-23.2712071180322,-19.33871672240761,0.20825948212945794,5.461465932215366,nan,5.461465932215366,5
99,1756402933.3102555,-23.05394898521416,-19.328196730127637,0.21764417157916757,4.829330666989517,nan,4.829330666989517,5
100,1756402934.307335,-22.768183404857265,-19.39171765976475,0.2935977764014977,4.837377947951677,nan,4.837377947951677,5
101,1756402935.3148184,-22.575692778666347,-19.524098537705417,0.2318826420468619,5.1891344338828,nan,5.1891344338828,5
102,1756402936.3084738,-22.407013418060295,-19.86252324375105,0.3805466629678043,4.565354975884842,nan,4.565354975884842,5
103,1756402937.3078089,-22.243090144240373,-20.310806422954926,0.4776315944195022,3.865855862395933,nan,3.865855862395933,5
104,1756402938.3143044,-22.006149104134114,-20.72986016614436,0.47829443018300505,4.035680467099927,nan,4.035680467099927,5
105,1756402939.309271,-21.719529261826345,-20.87456156332169,0.322699654231801,3.9187444899190274,nan,3.9187444899190274,5
106,1756402940.3080258,-21.27244953284789,-20.88510220028368,0.44776154775922955,3.035872166892174,nan,3.035872166892174,5
107,1756402941.3132238,-20.824170299552016,-20.899313915473723,0.44618518103223004,2.293784366729112,nan,2.293784366729112,5
108,1756402942.3102584,-20.659136400058483,-21.05456725437378,0.22725676711717815,1.4962679336557358,nan,1.4962679336557358,5
109,1756402943.310687,-20.500842891848972,-21.535262661168524,0.5058709919145641,1.0044070100697544,nan,1.0044070100697544,5
110,1756402944.3159132,-20.419572240562204,-21.552720816458745,0.08269247895259797,1.9360210513431173,nan,1.9360210513431173,5
111,1756402945.3087022,-19.92652610488802,-21.639768224578052,0.504307841205714,2.7442248656799206,nan,2.7442248656799206,5
112,1756402946.3137994,-19.671562287358356,-21.682825402856956,0.257262607402907,3.825509805102571,nan,3.825509805102571,5
113,1756402947.312026,-19.599791366590406,-21.859919206697814,0.1914239481229726,4.160906089910726,nan,4.160906089910726,5
114,1756402948.3099544,-19.574719673801702,-22.28109782493359,0.42280006607959714,2.940100872511708,nan,2.940100872511708,5
115,1756402949.3076735,-19.506857483270316,-22.460863392566143,0.19258749672912676,1.9638959436901189,nan,1.9638959436901189,5
116,1756402950.3139746,-19.275854623130606,-22.90662901869066,0.49892126536476716,2.169113387688474,nan,2.169113387688474,5
117,1756402951.3095427,-19.220542401588215,-23.069055173308882,0.17234967884876753,3.58070456572837,nan,3.58070456572837,5
118,1756402952.310244,-19.17845470349096,-23.00842615345878,0.07375377079818825,5.082188898143142,nan,5.082188898143142,5
119,1756402953.3157837,-18.79511845682339,-23.186253889527134,0.420246683565332,6.574858016818203,nan,6.574858016818203,5
120,1756402954.31072,-18.707042540873566,-23.204696891266337,0.09044416136544285,7.016667547122363,nan,7.016667547122363,5
121,1756402955.308164,-18.8203580748804,-23.010960277282518,0.2250173294777445,7.18531778863348,nan,7.18531778863348,5
122,1756402956.3143816,-18.923419747719556,-23.32490906252037,0.3283905257621733,7.726870198477291,nan,7.726870198477291,5
123,1756402957.3089159,-18.954363457975877,-23.184770356717138,0.14430307888736335,7.261213221113269,nan,7.261213221113269,5
124,1756402958.3081224,-18.917814211529056,-23.24914210434294,0.07408289461249594,5.984286097896483,nan,5.984286097896483,5
125,1756402959.3127725,-18.761541218798442,-23.589392594642142,0.3726887010259896,4.902636233294904,nan,4.902636233294904,5
126,1756402960.307369,-18.687852469723385,-23.92589556265051,0.34634831917789427,3.7172990741702554,nan,3.7172990741702554,5
127,1756402961.3129253,-18.569551817569312,-24.417862417211957,0.503194620765603,2.7945022299216076,nan,2.7945022299216076,5
128,1756402962.3074257,-18.597747494691287,-24.44284306714587,0.03787831803188341,1.4668411915843647,nan,1.4668411915843647,5
129,1756402963.3131523,-18.288076382942812,-24.742935638096608,0.4287658690196885,1.0430268496234978,nan,1.0430268496234978,6
130,1756402964.3127687,-18.307986248542484,-24.694893574264448,0.0520242133263652,1.4857300499479207,nan,1.4857300499479207,6
131,1756402965.3108582,-18.321114274107643,-24.62606933358403,0.07019923284456274,1.8233637671512852,nan,1.8233637671512852,6
132,1756402966.3164275,-17.925348840052735,-24.509103215322924,0.41040233839102674,0.2566298357068049,nan,0.2566298357068049,6
133,1756402967.3122234,-17.9126390127048,-24.478396348463598,0.033373591019663335,1.3361840529487188,nan,1.3361840529487188,6
134,1756402968.310546,-17.847494513719763,-24.413844858431837,0.09186397497485606,3.0759815196221294,nan,3.0759815196221294,6
135,1756402969.317091,-17.623533790114223,-24.055443875868136,0.41987426769112796,5.008443102261155,nan,5.008443102261155,6
136,1756402970.3128173,-17.58027686857958,-23.641401280676252,0.4180828277544679,6.6182687103612565,nan,6.6182687103612565,6
137,1756402971.309855,-17.508028085946503,-23.19299720177989,0.45553676089939504,7.851163334131598,nan,7.851163334131598,6
138,1756402972.3089662,-17.42555228528155,-22.75098578701997,0.4500402501709358,8.304730377315757,nan,8.304730377315757,6
139,1756402973.308579,-17.31785790977077,-22.36349387743907,0.4023349181047984,8.584734921851831,nan,8.584734921851831,6
140,1756402974.3123686,-17.14978478021348,-21.872356746161525,0.517139683599379,9.009081141981984,nan,9.009081141981984,6
141,1756402975.3170125,-16.977083697859424,-21.387139623138786,0.5126545360819982,8.650328560550056,nan,8.650328560550056,6
142,1756402976.3108745,-16.794906722594224,-20.926723574111264,0.49820587578199993,7.5165763811290995,nan,7.5165763811290995,6
143,1756402977.3089848,-16.59522138866427,-20.57515494531805,0.4050855802383115,6.5295051757099145,nan,6.5295051757099145,6
144,1756402978.313855,-16.447728402140218,-20.283501194546957,0.3252433189927276,5.646809066047745,nan,5.646809066047745,6
145,1756402979.3101757,-16.486120568921706,-19.96494304722583,0.3220481953249076,4.846989921189088,nan,4.846989921189088,6
146,1756402980.3145285,-16.62521696858773,-19.460576339432727,0.520928050968284,4.584533857954842,nan,4.584533857954842,6
147,1756402981.3118722,-16.719750668509384,-18.987138151709736,0.4840697418846804,4.926461781210037,nan,4.926461781210037,7
148,1756402982.3071735,-16.76289908344757,-18.56411673465385,0.4272237226803085,5.745351860984976,nan,5.745351860984976,7
149,1756402983.3082483,-16.935339969224003,-18.44399796723221,0.20992759528326613,6.181170081938938,nan,6.181170081938938,7
150,1756402984.3131196,-16.770425658381637,-18.2874437330721,0.22628711370949506,6.298981354761614,nan,6.298981354761614,7
151,1756402985.3085017,-16.722117382935124,-18.37083262387958,0.0968182396026962,6.533990626120589,nan,6.533990626120589,7
152,1756402986.3122969,-16.809714425392954,-18.648765276935773,0.2903082604542019,6.965183716670489,nan,6.965183716670489,7
153,1756402987.311275,-16.911313755913895,-18.88945990885577,0.26152636771987864,7.789474626330901,nan,7.789474626330901,7
154,1756402988.3151817,-17.24528352169923,-19.011785911138176,0.354283530148484,8.5612792732809,nan,8.5612792732809,7
155,1756402989.3069541,-17.547484634474923,-18.948624329691057,0.3112922937868608,9.25287260226217,nan,9.25287260226217,7
156,1756402990.3104467,-17.967895141718476,-18.901458024440565,0.421575660246581,8.776619023666843,nan,8.776619023666843,7
157,1756402991.3092272,-18.49396617885351,-18.90995414545492,0.5267820559635986,7.861949783835603,nan,7.861949783835603,7
158,1756402992.3102574,-19.008170887668236,-18.916008254763874,0.5137111186888916,7.1296233726575835,nan,7.1296233726575835,7
159,1756402993.3155522,-19.532210806017133,-18.92078419378895,0.5213014940694625,6.121350002464484,nan,6.121350002464484,7
160,1756402994.3099916,-20.048496661646837,-18.929447561141323,0.5192458744995945,4.62578368350308,nan,4.62578368350308,7
161,1756402995.3137007,-20.57225235826439,-18.945984687233796,0.5220802678485812,3.4640222146347885,nan,3.4640222146347885,7
162,1756402996.3116763,-21.07686267756876,-18.96542461696364,0.5060090093836539,3.0883551858311242,nan,3.0883551858311242,7
163,1756402997.3168683,-21.238685021618554,-19.23084799661185,0.30925770196918345,3.4104074125133117,nan,3.4104074125133117,7
164,1756402998.3077013,-21.485789342587292,-19.53270167497045,0.393706757944278,4.221414085430374,nan,4.221414085430374,7
165,1756402999.3100293,-21.917149303176732,-19.83161735596021,0.5235877610991828,5.447726260409814,nan,5.447726260409814,7
166,1756403000.316261,-22.346492209697125,-20.13103591057364,0.5201957385476547,6.899756723355708,nan,6.899756723355708,7
167,1756403001.3089955,-22.713318611076666,-20.39027512203636,0.4524718115248696,7.497444638424271,nan,7.497444638424271,7
168,1756403002.313565,-23.14101228615945,-20.433611905792684,0.4279282235824855,6.808243075849544,nan,6.808243075849544,7
169,1756403003.3091826,-23.65574950593231,-20.498477152901756,0.5210917768235833,5.896845840944576,nan,5.896845840944576,7
170,1756403004.3086445,-24.089068313339524,-20.598425654060343,0.44493582875185156,4.824497737235441,nan,4.824497737235441,7
171,1756403005.3125048,-24.572534584354518,-20.76684158066934,0.5099918174718745,3.872673842555083,nan,3.872673842555083,7
172,1756403006.3113327,-25.00423285983894,-20.940121690385013,0.465722595391726,3.1784305368869954,nan,3.1784305368869954,7
173,1756403007.3168855,-25.32473953080208,-21.067706312393813,0.34306224431163396,2.865254264161898,nan,2.865254264161898,7
174,1756403008.311377,-25.71814506621449,-21.094560156191598,0.39650510915478177,1.881116224493865,nan,1.881116224493865,7
175,1756403009.3105402,-26.16474663726808,-20.91503031181098,0.4817387099007176,0.7437549506960053,nan,0.7437549506960053,7
176,1756403010.3156235,-26.312294146920884,-20.847916344332212,0.16127445950214303,0.6827418939899208,nan,0.6827418939899208,8
177,1756403011.3109903,-26.16343517105756,-20.910383132645322,0.16218592723721947,1.0240434771015003,nan,1.0240434771015003,8
178,1756403012.3080115,-26.00454073424064,-20.868148405900648,0.16490293473187803,1.7240307671765764,nan,1.7240307671765764,8
179,1756403013.314251,-25.53715836270396,-21.06017051712771,0.5021576107349691,2.5307079505996843,nan,2.5307079505996843,8
180,1756403014.3117993,-25.17217700033335,-21.221601734682462,0.40006908466491053,3.4383208106223773,nan,3.4383208106223773,8
181,1756403015.3126695,-24.883176379028647,-21.468283004560327,0.37963411441561457,4.447612275341663,nan,4.447612275341663,8
182,1756403016.3169923,-24.63557580814111,-21.890401721134587,0.48727105489656886,5.490685547781638,nan,5.490685547781638,8
183,1756403017.3095737,-24.427409831788655,-22.317988977407477,0.4791213875975429,6.477307831915,nan,6.477307831915,8
184,1756403018.3071606,-24.282494547468417,-22.727443945086968,0.4353935834936383,7.62508139067624,nan,7.62508139067624,8
185,1756403019.3135238,-24.27991586490262,-23.195192467059726,0.46479804870507446,7.896086811418584,nan,7.896086811418584,8
186,1756403020.3079991,-24.205185032894907,-23.19246852209554,0.07519588940426487,6.644747132461064,nan,6.644747132461064,9
187,1756403021.3087566,-24.08811577974186,-23.110056472527763,0.14305921890783213,4.986732384574425,nan,4.986732384574425,9
188,1756403022.31188,-24.11657446538726,-23.006746008759304,0.10682485166558056,3.4074503935737868,nan,3.4074503935737868,9
189,1756403023.307145,-24.107129722349033,-22.853592230658123,0.15417473898492048,1.9016930745954599,nan,1.9016930745954599,9
190,1756403024.3115246,-24.000471085469425,-22.421123705623746,0.4434846169409474,1.612679509838136,nan,1.612679509838136,9
191,1756403025.316154,-23.94822699704821,-22.020977574378072,0.4016827397784398,2.3650449773635693,nan,2.3650449773635693,9
192,1756403026.306993,-23.786029811861358,-21.813548056097304,0.26574980374216145,2.267266019555756,nan,2.267266019555756,9
193,1756403027.3121016,-23.726951865282818,-21.81720740567269,0.05889032323999129,2.1577671388127064,nan,2.1577671388127064,9
194,1756403028.3102736,-23.636192336345815,-21.71694802730451,0.13548535948159712,2.822952387819135,nan,2.822952387819135,9
195,1756403029.314597,-23.685787306348903,-21.631079280596094,0.0987351462163019,2.367204850030968,nan,2.367204850030968,9
196,1756403030.3090777,-23.68130224622888,-21.11933058419484,0.5146085526333379,0.6858889237282376,nan,0.6858889237282376,9
197,1756403031.3079848,-23.546406187296274,-20.779150282132395,0.3663506373970404,0.7495487099568131,nan,0.7495487099568131,9
198,1756403032.313129,-23.312761657414722,-20.321828314464483,0.510921317742667,2.2179817054017033,nan,2.2179817054017033,9
199,1756403033.3090432,-23.113417597136685,-20.039970158496107,0.3466438794305923,3.6151050791588526,nan,3.6151050791588526,9
200,1756403034.3152661,-23.06000797476623,-19.67789163920627,0.36373300812881815,5.1348026299575835,nan,5.1348026299575835,9
201,1756403035.3124194,-22.826751583928164,-19.381330182167865,0.3783797266676211,6.472922404344036,nan,6.472922404344036,9
202,1756403036.3080218,-22.45316492083965,-19.014416523821083,0.5259469793629679,7.7343313955550155,nan,7.7343313955550155,9
203,1756403037.3104582,-22.305188353809918,-18.850504776219346,0.22028929433705596,8.168222095944227,nan,8.168222095944227,9
204,1756403038.316409,-21.846377591430866,-18.69425678724611,0.48181896857685563,7.133118161592963,nan,7.133118161592963,9
205,1756403039.3089232,-21.406054360750893,-18.581771300286462,0.4578917217756943,6.213214118600771,nan,6.213214118600771,9
206,1756403040.314817,-21.038899360695083,-18.575526412635913,0.36505656886632737,5.69113026458527,nan,5.69113026458527,9
207,1756403041.313406,-20.528828395109553,-18.599719304443873,0.5113659004763098,5.945466968489065,nan,5.945466968489065,9
208,1756403042.309158,-20.004855921791986,-18.6149998079792,0.5264314673282721,6.846601000057346,nan,6.846601000057346,9
209,1756403043.3069115,-19.510940493533347,-18.63366943184554,0.49538108322728747,7.877973424828771,nan,7.877973424828771,9
210,1756403044.315469,-18.990723718603654,-18.701856933079146,0.5202148191756478,7.982711844526347,nan,7.982711844526347,9
211,1756403045.3072734,-18.64992200571538,-18.67410902576658,0.34475494439312476,7.813470034242052,nan,7.813470034242052,9
212,1756403046.3144212,-18.143225726958864,-18.537638196195548,0.5210285077598906,8.04926725694351,nan,8.04926725694351,9
213,1756403047.3091493,-17.81225428714487,-18.437205352184154,0.3477071191535421,7.883710760548099,nan,7.883710760548099,9
214,1756403048.3094463,-17.607922160581047,-18.680800426675574,0.31785239245325164,6.990184289384255,nan,6.990184289384255,9
215,1756403049.3144743,-17.323905724150986,-18.979185421815416,0.40988441103168133,6.206285183589483,nan,6.206285183589483,9
216,1756403050.3131857,-16.98691563191058,-19.19769845549427,0.4021527308141158,5.550230028460698,nan,5.550230028460698,9
217,1756403051.3072152,-16.53117938915056,-19.360189993712694,0.4867439002336494,5.153374722649607,nan,5.153374722649607,10
218,1756403052.3077793,-16.14874374046514,-19.48603566724578,0.4023822056910057,4.890448462020413,nan,4.890448462020413,10
219,1756403053.3122153,-16.081439785235666,-19.74878317904944,0.27003280199075375,4.449313774094655,nan,4.449313774094655,10
220,1756403054.3166602,-16.176284781775337,-20.20773107207942,0.4665718104828725,4.161815094008503,nan,4.161815094008503,10
221,1756403055.3117957,-16.237929183511326,-20.633999718568603,0.43280827977218145,3.9834388732265413,nan,3.9834388732265413,10
222,1756403056.3095083,-16.399383201603616,-20.782980000388534,0.22019099531760586,3.959511462197936,nan,3.959511462197936,10
223,1756403057.3145878,-16.78718573279663,-20.71579294449559,0.3915905156331531,4.459089856320365,nan,4.459089856320365,10
224,1756403058.3110707,-17.306755488918984,-20.64515359253968,0.5262004661303449,5.160725990939082,nan,5.160725990939082,10
225,1756403059.3123107,-17.81470067192558,-20.577400656097808,0.5118092670514681,6.041131400984209,nan,6.041131400984209,10
226,1756403060.3081586,-18.333566702466786,-20.50907328708116,0.5255275931713623,6.866962316418333,nan,6.866962316418333,10
227,1756403061.3109214,-18.842575074982573,-20.458843718283415,0.5100715030671648,7.3653227644655095,nan,7.3653227644655095,10
228,1756403062.3103375,-19.190439754450384,-20.458482629130756,0.34806809934915345,7.003199998326616,nan,7.003199998326616,10
229,1756403063.3105583,-17.07783884422458,-20.991726985869317,2.178379353893444,8.812600378355462,nan,8.812600378355462,10
230,1756403064.3166761,-16.976362812549247,-21.039364629160897,0.11141978131976145,9.05641586134796,nan,9.05641586134796,10
231,1756403065.306957,-17.07699014583324,-21.014556206298998,0.1046575105267698,8.605023864079484,nan,8.605023864079484,10
232,1756403066.3125527,-17.30131910900256,-20.8633780069597,0.2690096450030278,7.106716290616231,nan,7.106716290616231,10
233,1756403067.3114917,-17.295236323281852,-20.640049111171752,0.2236490017724206,5.9657823861464,nan,5.9657823861464,10
234,1756403068.317021,-17.236808159223614,-20.523375546813302,0.12976839247012295,4.87488236459089,nan,4.87488236459089,10
235,1756403069.3118644,-17.264413704561974,-20.310380352399935,0.2158899123380806,4.062389593733534,nan,4.062389593733534,10
236,1756403070.3112378,-17.259293132749022,-20.177256105882122,0.13330621538862739,3.6515882214854476,nan,3.6515882214854476,10
237,1756403071.3165088,-17.445523224226164,-19.84340910845813,0.38027228677001756,3.9014108469955286,nan,3.9014108469955286,10
238,1756403072.3121836,-17.454339805701142,-20.073729789616994,0.23149059885075843,4.212714110600958,nan,4.212714110600958,11
239,1756403073.3099804,-17.20334883086278,-20.292044062998258,0.3333868848770589,4.387947033623833,nan,4.387947033623833,11
240,1756403074.315081,-17.03755088946644,-20.30981974136123,0.1659019288646799,4.251853141143209,nan,4.251853141143209,11
241,1756403075.3111196,-17.16752193078618,-20.357274620300576,0.1389137063523886,4.4917141105868446,nan,4.4917141105868446,11
242,1756403076.3116648,-17.373332391656778,-20.35784450355471,0.2056990897017819,5.216795524286988,nan,5.216795524286988,11
243,1756403077.308147,-17.84392049128716,-20.439377027264438,0.4792849631201364,6.007226819311295,nan,6.007226819311295,11
244,1756403078.3115375,-18.25827546708196,-20.561178393037277,0.43042673408206145,6.7716417761664465,nan,6.7716417761664465,11
245,1756403079.3136249,-18.549420157267896,-20.766577587851454,0.3555639441588899,7.412914263936716,nan,7.412914263936716,11
246,1756403080.3090944,-18.786818922674918,-21.015873468930106,0.3458145792264244,7.234558907289173,nan,7.234558907289173,11
247,1756403081.3153124,-19.162110193795144,-21.287798649225454,0.4605871028492917,6.712078223877428,nan,6.712078223877428,11
248,1756403082.3119218,-19.49628166328204,-21.61240785923884,0.4674623099897329,6.615722460171682,nan,6.615722460171682,11
249,1756403083.3079188,-19.793494657707836,-21.83958586440486,0.3755963127720516,6.105412942986565,nan,6.105412942986565,11
250,1756403084.3073483,-20.010047743539815,-21.97140025553883,0.25366054574578945,4.582691911552457,nan,4.582691911552457,11
251,1756403085.3120158,-20.307707386398363,-22.221719892074223,0.3871162343698366,2.997589743904347,nan,2.997589743904347,11
252,1756403086.3169355,-20.374703898203222,-22.415446130775727,0.20398033710692087,1.6118531582250777,nan,1.6118531582250777,11
253,1756403087.3091443,-20.3599154860387,-22.527252347841507,0.11366559573029016,0.307806443635318,nan,0.307806443635318,11
254,1756403088.3145158,-20.383220495672695,-22.3983206212846,0.1303210140093626,1.1977502285989068,nan,1.1977502285989068,11
255,1756403089.3114536,-20.598631284582662,-22.080896222309054,0.38479279512589837,2.874617814744172,nan,2.874617814744172,11
256,1756403090.3075671,-20.741649875593478,-21.85744562697285,0.26633585015672284,4.512631804582852,nan,4.512631804582852,11
257,1756403091.3099792,-20.750665944835102,-22.104589265190953,0.24671294999083454,4.98881224046039,nan,4.98881224046039,11
258,1756403092.3131897,-20.729903020281455,-22.370942694359105,0.26630647596953894,3.817138450396478,nan,3.817138450396478,11
259,1756403093.307518,-20.732973341878672,-22.63890860382428,0.2695121010284134,2.4071465971170145,nan,2.4071465971170145,11
260,1756403094.3140078,-20.990244952870917,-22.949194182789796,0.40047153139955727,1.3351181882218741,nan,1.3351181882218741,12
261,1756403095.3087473,-21.198572091087925,-22.86477307671265,0.2259710965309313,1.8776582819989451,nan,1.8776582819989451,12
262,1756403096.3091412,-21.49774983710962,-22.67530764452214,0.3539855174303794,2.906411946640018,nan,2.906411946640018,12
263,1756403097.314242,-21.863286174371158,-22.525728136087153,0.39295241813968695,3.6868851582467768,nan,3.6868851582467768,12
264,1756403098.3126671,-22.35917870682303,-22.41013457617169,0.5099899852761078,3.420602458228901,nan,3.420602458228901,12
265,1756403099.3076813,-22.72790712302754,-22.293647210467697,0.3886286565738565,3.195512141698341,nan,3.195512141698341,12
266,1756403100.3135405,-23.0026346213347,-22.075699579072424,0.3486371532151844,3.456634512416761,nan,3.456634512416761,12
267,1756403101.313421,-23.26738109972984,-21.964694830153043,0.287110507752849,3.0378310080166684,nan,3.0378310080166684,12
268,1756403102.3092983,-23.721252412757774,-22.105373235427862,0.4771403358741339,1.642798192626458,nan,1.642798192626458,12
269,1756403103.3070025,-24.124417406143646,-21.9989199611113,0.4179418702570932,1.1942090648997308,nan,1.1942090648997308,12
270,1756403104.3128004,-24.61410509601525,-21.87565326211602,0.5020532348176274,2.7405085838266414,nan,2.7405085838266414,12
271,1756403105.3082037,-25.110033166531174,-21.770651325670258,0.5092630765176805,4.5015386476660995,nan,4.5015386476660995,12
272,1756403106.309363,-25.59958863334613,-21.667205906667455,0.49978602876899075,6.338371603153859,nan,6.338371603153859,12
273,1756403107.3137767,-26.102492485311334,-21.559917037319384,0.5119612337904363,8.206060130702284,nan,8.206060130702284,12
274,1756403108.3087885,-26.61125577081411,-21.45189953793014,0.522711086063303,10.079655606345218,nan,10.079655606345218,13
275,1756403109.3116179,-26.598816127059518,-21.529045115670005,0.07792161683742309,10.61801153684731,nan,10.61801153684731,13
276,1756403110.3086956,-26.493983951002207,-21.355639619051995,0.20322470823865807,9.461428195340527,nan,9.461428195340527,13
277,1756403111.3164265,-26.183399985041827,-20.98851097303623,0.4771911329374163,7.869259118283687,nan,7.869259118283687,13
278,1756403112.3115537,-25.861428500786936,-20.626294222420594,0.48700345598159844,6.199429322836434,nan,6.199429322836434,13
279,1756403113.3089025,-25.635190932588472,-20.25157338642672,0.438883968292106,4.987160828916042,nan,4.987160828916042,13
280,1756403114.315205,-25.45804515843785,-19.776652242687305,0.5037086659426309,4.463921992685874,nan,4.463921992685874,13
281,1756403115.3077197,-25.113880900539097,-19.585833022726547,0.39649173319953096,4.355705953839713,nan,4.355705953839713,13
282,1756403116.3141603,-24.69295711544082,-19.418923333657798,0.44991093986334035,3.783330213454883,nan,3.783330213454883,13
283,1756403117.3085284,-24.19166307969947,-19.295464651681364,0.5191970256224354,2.918130130349045,nan,2.918130130349045,13
284,1756403118.3072674,-23.69499979823471,-19.17509610954153,0.511686329652442,2.590464833615194,nan,2.590464833615194,13
285,1756403119.312372,-23.261737288291666,-19.08391680095515,0.44050425802171206,2.5447655252824384,nan,2.5447655252824384,13
286,1756403120.3105445,-22.848429444231368,-18.882233245259332,0.4607328692565184,2.3826255991330263,nan,2.3826255991330263,13
287,1756403121.3166504,-22.765925395165358,-18.854438029920868,0.08653192333470577,2.482612927059004,nan,2.482612927059004,13
288,1756403122.3107746,-22.468497984960383,-18.56206348687484,0.41953337014554043,3.4178248085942493,nan,3.4178248085942493,13
289,1756403123.3105936,-22.211178346740937,-18.408010592808292,0.29996375166437633,4.396434536031015,nan,4.396434536031015,13
290,1756403124.3168402,-21.916381142370376,-18.23262690396497,0.34089366004058497,5.502510927919251,nan,5.502510927919251,14
291,1756403125.3134031,-21.577412184599506,-18.309679506063578,0.3488151431829374,6.358572242664238,nan,6.358572242664238,14
292,1756403126.3103826,-21.35226740939801,-18.56074031746926,0.3382481700282567,7.246243488602616,nan,7.246243488602616,14
293,1756403127.3163679,-21.175599497103313,-18.99526175129837,0.4662725887898155,7.335123207958425,nan,7.335123207958425,14
294,1756403128.306983,-21.145395470032756,-19.441784363991403,0.45178291302812734,6.2135954107060805,nan,6.2135954107060805,14
295,1756403129.3124337,-21.114097974674845,-19.942000541923328,0.4984772686657702,4.8858677740923495,nan,4.8858677740923495,14
296,1756403130.3083005,-21.08851776610037,-20.457510049894722,0.5182859705667392,3.8277722830952072,nan,3.8277722830952072,14
297,1756403131.3114111,-21.05219129793809,-20.879958447748578,0.42269253599946244,3.597538623242861,nan,3.597538623242861,14
298,1756403132.3102818,-20.972166380230487,-21.324488255949497,0.45218617245308673,4.13365004387544,nan,4.13365004387544,15
299,1756403133.3071434,-20.80455302317451,-21.319561148402023,0.16821366481760994,5.189336251962637,nan,5.189336251962637,15
300,1756403134.3072298,-20.30225240357519,-21.41940274538126,0.5120829916266287,5.657781887725808,nan,5.657781887725808,15
301,1756403135.3099728,-19.793442365723177,-21.51944654017071,0.5171337294529423,6.069537114770208,nan,6.069537114770208,15
302,1756403136.3072312,-19.31897693651243,-21.63269365577312,0.4891343490351759,6.818848714392881,nan,6.818848714392881,15
303,1756403137.3118198,-18.833965326764016,-21.789198977638062,0.5073094576220901,6.991158516763928,nan,6.991158516763928,15
304,1756403138.3083515,-18.514177922732735,-21.897027718163077,0.3386519760597074,5.9719545702599754,nan,5.9719545702599754,15
305,1756403139.3074427,-18.12986368934945,-22.100666916182863,0.43532823314647495,5.0978326820794715,nan,5.0978326820794715,15
306,1756403140.307425,-17.937451398037773,-22.24831519104806,0.24253778794507258,3.9938074233819885,nan,3.9938074233819885,16
307,1756403141.3128002,-18.0191547259377,-22.585608390313503,0.34519228397728113,2.625755010961396,nan,2.625755010961396,16
308,1756403142.307865,-18.255878282368844,-22.863643593417212,0.3669708115108523,1.177910931340755,nan,1.177910931340755,16
309,1756403143.3085268,-18.37780129587787,-22.877132937885374,0.1225858288615352,0.8264975806503433,nan,0.8264975806503433,16
310,1756403144.31156,-18.358162766985576,-23.18115958175682,0.3037389674409308,1.7873144915265755,nan,1.7873144915265755,16
311,1756403145.308171,-18.475859474304364,-23.447182508822905,0.29188556065505517,2.353277887653261,nan,2.353277887653261,16
312,1756403146.3143167,-18.74081874795128,-23.878615227780323,0.5032053863351716,1.3073053174469562,nan,1.3073053174469562,16
313,1756403147.3124354,-18.985240121923265,-24.131042430770012,0.3520329042797423,0.31173097668193217,nan,0.31173097668193217,17
314,1756403148.3078563,-19.154847590238447,-24.0898168223036,0.1753487560982768,1.7001773403753988,nan,1.7001773403753988,17
315,1756403149.3080785,-19.535947138225964,-24.139883892267232,0.38428887545255896,3.0237705239491066,nan,3.0237705239491066,17
316,1756403150.3141088,-19.924130879879687,-24.149456932990457,0.38597421613413196,4.171299823416776,nan,4.171299823416776,17
317,1756403151.3079677,-20.340635944692107,-24.04771082260384,0.43140185829235206,4.922594641801259,nan,4.922594641801259,17
318,1756403152.3124743,-20.776301891646316,-23.995758405327585,0.43678422422150737,5.0175253230110926,nan,5.0175253230110926,17
319,1756403153.3124168,-21.24354559649136,-23.9579116446834,0.46880093030367215,5.145278178912017,nan,5.145278178912017,17
320,1756403154.3076437,-21.752397456872885,-24.048954143871914,0.5194114750005854,5.666317466825727,nan,5.666317466825727,17
321,1756403155.308689,-22.168352027410634,-23.983279095474096,0.4206675761772457,5.182360427366255,nan,5.182360427366255,17
322,1756403156.3095038,-22.599462481056012,-23.849878665157014,0.4509107254850376,3.635601699176718,nan,3.635601699176718,17
323,1756403157.307105,-23.100307960874694,-23.939694987164625,0.5100585997543088,2.646236066894587,nan,2.646236066894587,17
324,1756403158.3102489,-23.456921663370732,-23.965043616408153,0.3563930524248056,2.570905381484003,nan,2.570905381484003,17
325,1756403159.3164754,-23.941633418721903,-23.840052096392235,0.49747052325966296,3.5407871895252137,nan,3.5407871895252137,17
326,1756403160.307249,-24.348190719246734,-23.73219300584061,0.42453839923496783,4.976920217575633,nan,4.976920217575633,17
327,1756403161.312102,-24.811532455334223,-23.79389141544286,0.4651740600583043,6.627932554129978,nan,6.627932554129978,17
328,1756403162.310315,-25.157987623754913,-23.785385704883492,0.3471800383778119,8.23430482881669,nan,8.23430482881669,18
329,1756403163.3164823,-25.371663010816253,-23.52910544567626,0.33162633230781946,8.985573233202091,nan,8.985573233202091,18
330,1756403164.3112566,-25.552819329809676,-23.09809494710627,0.4699895993948721,8.07545967594264,nan,8.07545967594264,18
331,1756403165.3114867,-25.674730925377485,-22.65779159557066,0.4567641242715024,6.777736940872437,nan,6.777736940872437,18
332,1756403166.3161635,-25.68557335473832,-22.184509084811054,0.47120295820365726,5.279994854343885,nan,5.279994854343885,18
333,1756403167.3099737,-25.645290500910267,-21.683807627011568,0.5054479122884449,3.95276595777092,nan,3.95276595777092,18
334,1756403168.3069413,-25.575132091955247,-21.28995370030532,0.40127072555014637,3.09784653807709,nan,3.09784653807709,18
335,1756403169.3131537,-25.321755310767305,-20.88483898847516,0.4748758848411059,3.053048170823999,nan,3.053048170823999,18
336,1756403170.3086607,-24.985540250733585,-20.546573975677596,0.4790841602946639,2.6278910675274374,nan,2.6278910675274374,18
337,1756403171.3092227,-24.63749969130609,-20.200799366808134,0.49032848547086827,1.9304043999610423,nan,1.9304043999610423,18
338,1756403172.314096,-24.250671035709676,-19.9031813150392,0.4857036352661357,1.801347534777614,nan,1.801347534777614,18
339,1756403173.309152,-23.87372487536047,-19.665409234942665,0.4478868830209131,1.7877742869593782,nan,1.7877742869593782,18
340,1756403174.3139122,-23.446180214367818,-19.468495262870135,0.4684816508554129,1.5369785936642923,nan,1.5369785936642923,18
341,1756403175.3111868,-23.056103718289478,-19.296956682505268,0.42729262711222277,2.010233884550117,nan,2.010233884550117,18
342,1756403176.3162155,-22.60978669653351,-19.186431684326593,0.45749786758727506,2.8306190955693826,nan,2.8306190955693826,18
343,1756403177.3072474,-22.14532833447403,-19.14054526906297,0.4709430155250136,3.735273575073119,nan,3.735273575073119,18
344,1756403178.31036,-21.779237939955514,-19.24958704286058,0.3807994075067156,4.543823720156665,nan,4.543823720156665,18
345,1756403179.316344,-21.758038653079005,-19.366644973454214,0.11825440566631426,5.599428160385512,nan,5.599428160385512,18
346,1756403180.310182,-21.61260734635446,-19.64754728333657,0.3182780932314809,6.600936202744457,nan,6.600936202744457,18
347,1756403181.3068812,-21.400218272387697,-19.731675993206924,0.22920078330832808,6.950717232671061,nan,6.950717232671061,19
348,1756403182.307058,-21.33121820926509,-19.80757284320267,0.10255544329252503,6.015146666715524,nan,6.015146666715524,19
349,1756403183.3113556,-21.489920093884344,-19.80033814841806,0.15818689458497695,5.1818988162436925,nan,5.1818988162436925,19
350,1756403184.3094964,-21.486820884765105,-20.15191353181952,0.3522439309357317,4.178179064572506,nan,4.178179064572506,19
351,1756403185.3138485,-21.608050315780734,-20.4511232444265,0.3214369899356592,3.8212032003665124,nan,3.8212032003665124,19
352,1756403186.307924,-21.951405613302512,-20.71216872495881,0.43389133937350527,3.9604227383835777,nan,3.9604227383835777,19
353,1756403187.3073459,-22.35369255693979,-20.972960727886854,0.479701223457357,4.16698424007048,nan,4.16698424007048,19
354,1756403188.3126283,-22.715769459958242,-21.194348351593348,0.42216618272720124,3.538035747814405,nan,3.538035747814405,19
355,1756403189.3077972,-23.107252615550394,-21.500762858368777,0.49955411943379324,2.7622675704949864,nan,2.7622675704949864,19
356,1756403190.3138652,-23.520681605943686,-21.807703745686936,0.5118081689886442,2.9163493386298165,nan,2.9163493386298165,19
357,1756403191.3126092,-23.93497062888285,-22.113274771144432,0.5154376774412234,2.6181116553637316,nan,2.6181116553637316,19
358,1756403192.3075671,-24.296256776027164,-22.33747440312421,0.42735252747549723,1.6454760319445463,nan,1.6454760319445463,19
359,1756403193.3122776,-24.750455291853616,-22.463153972250524,0.4690565425470718,1.9807195962043314,nan,1.9807195962043314,19
360,1756403194.311154,-25.238113014350997,-22.584935619870368,0.5031993149950329,3.351428957289997,nan,3.351428957289997,19
361,1756403195.3163311,-25.72821408040813,-22.710603800189574,0.5033500976575885,5.104856351787489,nan,5.104856351787489,19
362,1756403196.3095963,-26.011631079874444,-22.776866955369,0.2930336707513464,6.6077910337826316,nan,6.6077910337826316,20
363,1756403197.308218,-25.88496628829761,-22.765184148687577,0.1273779916588822,7.782896661315397,nan,7.782896661315397,20
364,1756403198.3159375,-25.597447511580807,-22.711242678433845,0.29029407507088023,8.823156011108326,nan,8.823156011108326,20
365,1756403199.3098843,-25.2147790613532,-22.547207688597457,0.41887992133609425,8.983812632866382,nan,8.983812632866382,20
366,1756403200.3083098,-24.785639387420705,-22.367887543039696,0.465831916559097,7.507837175461901,nan,7.507837175461901,20
367,1756403201.3127983,-24.319204861476752,-22.13265118804571,0.5200614611953023,5.6747315145700785,nan,5.6747315145700785,20
368,1756403202.3073804,-23.85943932632492,-21.902057244490873,0.5171537841247563,3.8172557613946623,nan,3.8172557613946623,20
369,1756403203.314007,-23.505919951024996,-21.669975777528652,0.4201082410565494,2.6383917763707276,nan,2.6383917763707276,20
370,1756403204.3098624,-23.16845716589086,-21.37162179537951,0.45231473509169434,2.828279843431322,nan,2.828279843431322,20
371,1756403205.3084762,-22.818483265440154,-20.980297181078335,0.5257208167803392,3.847023705071423,nan,3.847023705071423,20
372,1756403206.3138201,-22.470906198045633,-20.589505661807532,0.5202188758444195,4.111713192042164,nan,4.111713192042164,20
373,1756403207.3112686,-22.128938397638574,-20.21375883710689,0.509362312797701,4.009605395732748,nan,4.009605395732748,20
374,1756403208.3163757,-21.81313466761483,-20.026269043548766,0.3653999835728114,4.204997243407747,nan,4.204997243407747,20
375,1756403209.3099804,-21.324555830950253,-19.876923118763983,0.5141831646129162,4.3310145686364345,nan,4.3310145686364345,20
376,1756403210.3083844,-20.887476346355083,-19.90099097419839,0.4384413743144555,3.569699648085362,nan,3.569699648085362,20
377,1756403211.3159995,-20.559483487716133,-19.981526639816483,0.33518311103265913,2.885455101578249,nan,2.885455101578249,20
378,1756403212.3104303,-20.523055261116994,-19.951673770419877,0.04736163891540744,2.414434226846834,nan,2.414434226846834,20
379,1756403213.3150675,-20.240461592035828,-20.021539908557163,0.2897584654696416,2.5562465987606156,nan,2.5562465987606156,20
380,1756403214.310998,-20.171008187680528,-20.04940741897275,0.07514143642406806,3.2081685240034976,nan,3.2081685240034976,20
381,1756403215.3078172,-20.102089408706846,-20.095112483583396,0.0829606176709565,4.083173203726253,nan,4.083173203726253,21
382,1756403216.3074095,-20.073037939154215,-20.43754515239751,0.34380296767114116,5.00024305617267,nan,5.00024305617267,21
383,1756403217.3133512,-20.29224894232107,-20.668009618335432,0.3161894473548434,5.493236358493835,nan,5.493236358493835,21
384,1756403218.3091412,-20.473337238474283,-20.76732078646377,0.20740569044194007,4.714364569840078,nan,4.714364569840078,21
385,1756403219.3118944,-20.881188609567054,-20.641773973390013,0.42556563151763704,4.140739396465574,nan,4.140739396465574,21
386,1756403220.3108957,-21.32316249674916,-20.391113629471935,0.5086137912482249,3.9108318716308466,nan,3.9108318716308466,21
387,1756403221.3152559,-21.703555107679662,-20.30993551999808,0.3872695538514533,3.9407655348236044,nan,3.9407655348236044,21
388,1756403222.3170474,-22.04549395252485,-20.277721390243666,0.3428387547708154,4.296738643705929,nan,4.296738643705929,21
389,1756403223.3104014,-22.40694120599076,-20.323485995320816,0.3667705008705254,4.627396276924204,nan,4.627396276924204,21
390,1756403224.3097737,-22.856969806538654,-20.368545201900698,0.45256285541093483,3.9192833285530253,nan,3.9192833285530253,21
391,1756403225.3147166,-23.37363856778835,-20.33764969941877,0.5150458568668108,2.8264983865986553,nan,2.8264983865986553,21
392,1756403226.3089225,-23.8087445852883,-20.36080432956708,0.4382609864059387,2.205347409708686,nan,2.205347409708686,21
393,1756403227.3070693,-24.301168727927028,-20.38223283254409,0.49380530089212415,1.3516318937453269,nan,1.3516318937453269,21
394,1756403228.3127773,-24.60171154605244,-20.462497350267963,0.3093106230231355,0.38218806970453095,nan,0.38218806970453095,21
395,1756403229.3088505,-24.830632078241766,-20.67981621887681,0.316889878760323,1.8279299997420864,nan,1.8279299997420864,21
396,1756403230.3087814,-25.04944727264824,-20.832991447324392,0.2671190865671892,3.307617649170827,nan,3.307617649170827,21
397,1756403231.3164666,-25.39895203509714,-20.795959744182994,0.3487806862417105,5.121705810728935,nan,5.121705810728935,21
398,1756403232.3097556,-25.854486726718555,-20.644599587198147,0.4832658583626112,6.927428873673911,nan,6.927428873673911,21
399,1756403233.3144503,-26.01664438892608,-20.466245415594113,0.23992407526625945,8.519857382364421,nan,8.519857382364421,21
400,1756403234.3131857,-26.243574172509444,-20.148629481256922,0.39084923450696385,10.227849082148198,nan,10.227849082148198,22
401,1756403235.3088782,-26.375948134515692,-19.948563877350995,0.24093177490834922,10.950347515549542,nan,10.950347515549542,22
402,1756403236.3080137,-26.30498600382736,-20.130747725834727,0.1956853562296592,9.701268431272986,nan,9.701268431272986,22
403,1756403237.3100624,-26.416881355106902,-20.374694508418933,0.267836450594649,8.30982931123445,nan,8.30982931123445,22
404,1756403238.3070195,-26.397392306395993,-20.61898273209377,0.24581238961019142,6.594501208682639,nan,6.594501208682639,22
405,1756403239.3093355,-26.12180069447478,-20.92637568723383,0.41189126820600186,4.754618297539613,nan,4.754618297539613,22
406,1756403240.3149965,-25.75033630527346,-21.287970395299944,0.5154799003070452,3.1740368600663476,nan,3.1740368600663476,22
407,1756403241.3112094,-25.414805810291117,-21.66210019167512,0.5044577306780217,2.274840174024424,nan,2.274840174024424,22
408,1756403242.309206,-25.1016215854666,-22.07003222529554,0.5153211453131854,1.1549448402037443,nan,1.1549448402037443,22
409,1756403243.307627,-24.789106227173303,-22.467930435451887,0.5067535792779523,1.3603350199087259,nan,1.3603350199087259,22
410,1756403244.3126953,-24.47354262789505,-22.87228137399681,0.5103268225039715,3.0241663631495204,nan,3.0241663631495204,22
411,1756403245.3080177,-24.33821151926959,-23.176604134511475,0.33462203526019896,3.3019975520653304,nan,3.3019975520653304,22
412,1756403246.3115847,-24.373306093650196,-23.35345104019248,0.1796546473350193,2.6355075906637624,nan,2.6355075906637624,22
413,1756403247.3131847,-24.472430862122216,-23.621069821789675,0.2849307390666959,2.672730669395522,nan,2.672730669395522,23
414,1756403248.3166218,-24.32833636131611,-23.331392492127595,0.32242878337488495,2.837456259215776,nan,2.837456259215776,23
415,1756403249.3128958,-24.120714143746287,-23.26050473376024,0.22021070553457944,3.587107696276877,nan,3.587107696276877,23
416,1756403250.3102243,-23.70806129138137,-23.306730312216224,0.4163461471851629,4.289971455445702,nan,4.289971455445702,23
417,1756403251.3151934,-23.45464686408854,-23.11880043723256,0.31393409643554987,5.380527593021335,nan,5.380527593021335,23
418,1756403252.310232,-23.320576766324255,-22.81866753416164,0.3303555762476702,6.595424168070005,nan,6.595424168070005,23
419,1756403253.3095295,-23.342648025857283,-22.44211600580051,0.3774629409870888,7.189446268468109,nan,7.189446268468109,23
420,1756403254.3161745,-23.324707202830385,-22.339327463927297,0.10365372549393898,6.075939761420988,nan,6.075939761420988,23
421,1756403255.308018,-23.155553847852786,-22.05540652059694,0.3332083095570244,4.611786389104305,nan,4.611786389104305,23
422,1756403256.3134155,-22.951504750914747,-21.8952095887571,0.25802796236869335,3.1397537989141604,nan,3.1397537989141604,23
423,1756403257.311022,-22.93673264054657,-21.910570307164345,0.021362322620475174,2.2550285436625854,nan,2.2550285436625854,23
424,1756403258.3167293,-23.144251986237922,-21.665818242371017,0.3190650536881823,2.5717290413444016,nan,2.5717290413444016,23
425,1756403259.311315,-23.35650306786137,-21.30762069598126,0.4186269755218994,3.2767987463229242,nan,3.2767987463229242,23
426,1756403260.3093283,-23.435646369100045,-20.865449755375717,0.4500921721098144,3.140256688951007,nan,3.140256688951007,23
427,1756403261.3146317,-23.174421641276922,-20.7182152683083,0.2982786692861643,2.8481603813076237,nan,2.8481603813076237,23
428,1756403262.3081832,-22.79100072096785,-20.422459925465002,0.48737712153183343,3.2240982937101035,nan,3.2240982937101035,23
429,1756403263.3137064,-22.617737543907236,-20.455946677298797,0.17550019530100722,2.9498552302445855,nan,2.9498552302445855,23
430,1756403264.3096023,-22.78187212851301,-20.12021042543423,0.3752498475922715,1.6519674772587822,nan,1.6519674772587822,23
431,1756403265.308558,-22.679999871147256,-19.884189506941812,0.2573364848851456,1.5024851607983472,nan,1.5024851607983472,23
432,1756403266.3079057,-22.363757967814045,-19.724709670678358,0.3544101801785902,2.2759436679761045,nan,2.2759436679761045,23
433,1756403267.3129864,-21.8896832688105,-19.52136294745687,0.5132380178536387,3.315012135933686,nan,3.315012135933686,23
434,1756403268.3084834,-21.469420461429035,-19.45915426918402,0.4267637479927442,4.226354415853095,nan,4.226354415853095,23
435,1756403269.3069708,-21.00118971118555,-19.523718167170518,0.47337711380992914,5.061322320479728,nan,5.061322320479728,23
436,1756403270.3132942,-20.495522002875816,-19.61313869570996,0.5102865400721076,5.9313912626598695,nan,5.9313912626598695,23
437,1756403271.3087835,-20.0104266010138,-19.70999551184668,0.4969117776510709,6.036893057648976,nan,6.036893057648976,23
438,1756403272.3149939,-19.56238896684175,-19.861912797378253,0.4701726477283405,5.0214193348471925,nan,5.0214193348471925,23
439,1756403273.3123326,-19.084631720412496,-20.02584510113831,0.506447551481695,4.377692907099376,nan,4.377692907099376,23
440,1756403274.3079932,-18.807044910786097,-20.25971716242956,0.36455660189957323,4.527003815381867,nan,4.527003815381867,23
441,1756403275.309734,-18.61811158700021,-20.712035027725783,0.48933912995718637,5.29118710371216,nan,5.29118710371216,23
442,1756403276.31524,-18.600460679950036,-21.086276504109808,0.37260599893872376,6.298856901214789,nan,6.298856901214789,23
443,1756403277.3072941,-18.87713849181711,-21.446373217311134,0.45775199798075333,6.9016834533137565,nan,6.9016834533137565,23
444,1756403278.3127759,-18.993440922735076,-21.710123247744047,0.28668242732608795,6.856288749567189,nan,6.856288749567189,23
445,1756403279.3107243,-18.98935406044985,-21.787708741241744,0.07785278002286238,6.880565622554404,nan,6.880565622554404,23
446,1756403280.3170063,-19.354773697044248,-21.546893576309074,0.43490183450551884,6.786215110876613,nan,6.786215110876613,23
447,1756403281.307146,-19.228006270930916,-21.477330537919336,0.14603942430981526,6.471083495323236,nan,6.471083495323236,23
448,1756403282.3105938,-18.708746909020668,-21.49412682272946,0.5177458731593572,5.672344203132959,nan,5.672344203132959,23
449,1756403283.3165653,-18.453901449867836,-21.530133401246935,0.255848753535889,4.6447253471227254,nan,4.6447253471227254,23
450,1756403284.3105464,-18.236624169434887,-21.746974653955597,0.30882710583356426,3.598480042628058,nan,3.598480042628058,23
451,1756403285.3142126,-17.830116306549773,-22.065143597871238,0.5143315014794382,2.7996969958871745,nan,2.7996969958871745,23
452,1756403286.3111064,-17.515431186268284,-22.37446916391286,0.4426333335385177,2.0196277765517405,nan,2.0196277765517405,23
453,1756403287.3103943,-17.236163936480015,-22.802871591273163,0.5117535729463661,1.260689702405896,nan,1.260689702405896,23
454,1756403288.309255,-17.030101008557434,-23.089285377901952,0.3532406720082354,1.2213625205856689,nan,1.2213625205856689,23
455,1756403289.314663,-16.634231411703357,-23.270812986402234,0.4331628993389935,1.3441191978903775,nan,1.3441191978903775,23
456,1756403290.3107188,-16.51750239321515,-23.38214577720124,0.16194793612400302,1.6253309170648902,nan,1.6253309170648902,23
457,1756403291.309265,-16.393676721853886,-23.882510615461385,0.5162092985107268,2.835474781618782,nan,2.835474781618782,23
458,1756403292.314943,-16.275956683433225,-24.366467146699232,0.4952560482782587,4.664115251399885,nan,4.664115251399885,24
459,1756403293.3107717,-16.32580558415574,-24.360176199793433,0.05045475791167811,6.327118107210051,nan,6.327118107210051,24
460,1756403294.3071773,-16.41425564626647,-24.098450344509118,0.27726428883896426,7.788409286498059,nan,7.788409286498059,24
461,1756403295.3131557,-16.635094399565443,-23.648231863306847,0.49848418078084605,8.70325684354906,nan,8.70325684354906,24
462,1756403296.308269,-16.818498391316737,-23.276989329666865,0.41610829043698533,8.907451636883422,nan,8.907451636883422,24
463,1756403297.307851,-17.084382436635217,-22.99946708631376,0.38449508596750204,8.895938016555831,nan,8.895938016555831,24
464,1756403298.31396,-17.42579295918483,-22.73431787127683,0.42965437740740964,8.940839876063823,nan,8.940839876063823,24
465,1756403299.309126,-17.901129617399942,-22.544690822671544,0.5142509213418289,8.00020559400588,nan,8.00020559400588,24
466,1756403300.3117194,-18.384889278212682,-22.4030582371658,0.502762737116961,6.177698826984567,nan,6.177698826984567,24
467,1756403301.3104272,-18.856624708520695,-22.260211866733925,0.4935265822713689,4.343869376695205,nan,4.343869376695205,24
468,1756403302.3159816,-19.342675996941896,-22.138357563699493,0.49832521487892545,2.4928518829271917,nan,2.4928518829271917,24
469,1756403303.310816,-19.809386650362203,-21.99422023328541,0.49099754715452026,0.9928325531714739,nan,0.9928325531714739,24
470,1756403304.3090665,-20.28602245450271,-21.82709325518552,0.5059724432700279,1.633270993182544,nan,1.633270993182544,24
471,1756403305.3134751,-20.702437556125552,-21.636733686748407,0.45585308175493167,3.313579287760821,nan,3.313579287760821,24
472,1756403306.3084848,-21.165381694569582,-21.466849168060513,0.49560407211351404,5.178293676585388,nan,5.178293676585388,24
473,1756403307.3134096,-21.52986996695357,-21.219701993065495,0.4382205936490197,6.064197845651768,nan,6.064197845651768,24
474,1756403308.308921,-21.86893669066715,-20.970432406573583,0.4227317916444713,5.490835606535318,nan,5.490835606535318,24
475,1756403309.3100717,-22.310775949182418,-20.876190117686004,0.4512589748908194,4.690880538527482,nan,4.690880538527482,24
476,1756403310.3137112,-22.706636274190178,-20.702756394695484,0.4306186818878694,3.9846301935068498,nan,3.9846301935068498,24
477,1756403311.3116837,-23.027467072031083,-20.517448887701974,0.3712541025508356,3.6355935985083496,nan,3.6355935985083496,24
478,1756403312.3153496,-23.343363304217036,-20.18734773614844,0.45523070985044645,3.9276163821594796,nan,3.9276163821594796,25
479,1756403313.310255,-23.03807440805111,-20.310200437838525,0.3307657793664261,4.2879160094038085,nan,4.2879160094038085,25
480,1756403314.308284,-22.984070346319427,-20.431421736022788,0.1329686826263362,3.755256865093384,nan,3.755256865093384,25
481,1756403315.3142786,-23.428577935431587,-20.704831526100662,0.5187522738263429,2.607325753630492,nan,2.607325753630492,25
482,1756403316.3078938,-23.875225592191953,-20.976752869576742,0.5262706159795622,2.2722973013840577,nan,2.2722973013840577,25
483,1756403317.3127923,-24.265899096932767,-21.205328307454447,0.4504220407703375,1.6643368590327152,nan,1.6643368590327152,25
484,1756403318.3097546,-24.59247430539267,-21.34802685557522,0.357476478779875,0.6860993461938351,nan,0.6860993461938351,26
485,1756403319.3152559,-24.542718005086343,-21.605332785631887,0.260638724242435,1.5246596042260483,nan,1.5246596042260483,26
486,1756403320.31245,-24.393791012162612,-21.734656265218632,0.19779549569662408,2.5696650327193,nan,2.5696650327193,26
487,1756403321.3118086,-23.940636281448537,-21.9173132634659,0.48889597949750657,3.4439006496293083,nan,3.4439006496293083,26
488,1756403322.3075366,-23.503361105946777,-21.892941311716317,0.4398328046523689,4.372110787608103,nan,4.372110787608103,26
489,1756403323.3107162,-22.980628648870166,-21.857346334801605,0.5222823358970551,5.234706732131574,nan,5.234706732131574,26
490,1756403324.3083446,-22.466693083777447,-21.82372908546665,0.516258199281718,6.153225115653216,nan,6.153225115653216,26
491,1756403325.314624,-21.942969338563167,-21.7889998739882,0.5215986032645032,6.129029172304549,nan,6.129029172304549,26
492,1756403326.3087406,-21.42137557454407,-21.763459433166343,0.525309332192227,4.621934745102631,nan,4.621934745102631,26
493,1756403327.3087382,-20.913038924671394,-21.733108426943254,0.5092431342257219,3.1658975091015122,nan,3.1658975091015122,26
494,1756403328.312357,-20.391474454667843,-21.692723661972877,0.5212394127863393,2.639468513615767,nan,2.639468513615767,26
495,1756403329.3069496,-19.937946632521736,-21.662902310091397,0.45697823767659673,3.6925054201382372,nan,3.6925054201382372,26
496,1756403330.3125637,-19.418514628867804,-21.69309026943644,0.517403758180914,5.311479693432758,nan,5.311479693432758,26
497,1756403331.308025,-18.90124091511653,-21.725277108081784,0.5206371980431659,6.815494359716502,nan,6.815494359716502,26
498,1756403332.3119743,-23.043715818195164,-24.585159565867553,5.013986177796394,3.0648529518499767,nan,3.0648529518499767,26
499,1756403333.3086424,-23.052910599163294,-24.58497279276924,0.009227422574495015,3.9838956164864947,nan,3.9838956164864947,26
500,1756403334.308903,-23.237737652910393,-24.36572471640124,0.2866843530082238,4.873666271737319,nan,4.873666271737319,26
501,1756403335.315481,-23.393105982486073,-24.28650142530667,0.17326111859148954,4.788100292137364,nan,4.788100292137364,26
502,1756403336.310024,-23.591931404374552,-24.356868249571892,0.21206725930057943,3.7578351515779342,nan,3.7578351515779342,26
503,1756403337.3081324,-23.803397493032215,-24.42655147145637,0.22307339580469118,3.2024064125886453,nan,3.2024064125886453,26
504,1756403338.3073375,-23.950421007785607,-24.47932951759151,0.15633385795243301,3.266450410515859,nan,3.266450410515859,26
505,1756403339.3111322,-24.11486789723547,-24.544309333614905,0.17615112217532194,3.9874686304960347,nan,3.9874686304960347,26
506,1756403340.316494,-24.222015532239134,-24.631993873285356,0.137714462294036,5.023312591068719,nan,5.023312591068719,26
507,1756403341.3102365,-24.123330126434034,-24.521808131589133,0.14884933604426848,6.0026474140909345,nan,6.0026474140909345,26
508,1756403342.3084636,-23.972023919612223,-24.11609633926171,0.4337766862123387,7.007652139394666,nan,7.007652139394666,26
509,1756403343.3157005,-23.885040563125095,-23.66638332296867,0.45475686855450786,7.512749408385645,nan,7.512749408385645,26
510,1756403344.3120425,-23.8955359194336,-23.15732342372683,0.5110374836982486,6.467378622646064,nan,6.467378622646064,26
511,1756403345.3150935,-23.890297174448023,-22.675595052070413,0.4802914665085478,5.103171793455899,nan,5.103171793455899,26
512,1756403346.3119946,-23.70422580240985,-22.285418813677534,0.4336168859916853,3.485064674314275,nan,3.485064674314275,26
513,1756403347.3080652,-23.43652333607802,-21.944424901613857,0.4352323464165204,2.3889004848013253,nan,2.3889004848013253,27
514,1756403348.3077102,-23.447721894595634,-22.03503958429419,0.09133646881430743,2.0959293956284184,nan,2.0959293956284184,27
515,1756403349.313552,-23.47498121824512,-21.87442143391539,0.161968710884733,2.7306968894819037,nan,2.7306968894819037,27
516,1756403350.3094666,-23.80968088508376,-21.47500394317628,0.5232500976596791,2.4959359050233636,nan,2.4959359050233636,27
517,1756403351.3127012,-24.138168041958426,-21.081084176993265,0.511256206140202,1.8372271848122885,nan,1.8372271848122885,27
518,1756403352.3117926,-24.495927671407987,-20.76850773916752,0.4755067636885758,1.5643404031363883,nan,1.5643404031363883,27
519,1756403353.3081832,-24.873755965898923,-20.4384061827596,0.5035357766218491,0.8233898696680478,nan,0.8233898696680478,27
520,1756403354.3071313,-24.6518639694218,-20.558625203585787,0.25263188903919315,0.2569621080347767,nan,0.2569621080347767,27
521,1756403355.3133771,-24.881658986694188,-20.49717128484047,0.23639393309019965,1.8630230428791033,nan,1.8630230428791033,27
522,1756403356.3071601,-25.170937070143562,-20.239185176821138,0.3900311216291904,3.6540678600151306,nan,3.6540678600151306,27
523,1756403357.313197,-25.478261671511696,-19.95872781091895,0.41356200930560477,5.43844221563105,nan,5.43844221563105,27
524,1756403358.3087997,-25.76108083855105,-19.769923787992916,0.3415513211654736,7.18465636235167,nan,7.18465636235167,27
525,1756403359.3087351,-26.029377849334416,-19.607495096434484,0.3136543930073434,8.80781130854647,nan,8.80781130854647,27
526,1756403360.314809,-26.258143044424983,-19.4431759733184,0.2799629501672151,10.463825022737327,nan,10.463825022737327,27
527,1756403361.3132288,-26.46962487789312,-19.243798158995375,0.2911077078912269,11.383690306183514,nan,11.383690306183514,27
528,1756403362.3077056,-26.517604292057182,-19.232081617405328,0.049663587748994306,10.397164015437388,nan,10.397164015437388,28
529,1756403363.3136983,-26.422366459452387,-19.320364635333032,0.12908840656569529,8.894515633066344,nan,8.894515633066344,28
530,1756403364.3137977,-26.28305473094267,-19.28632784572943,0.14339516009564648,7.421394539414982,nan,7.421394539414982,28
531,1756403365.30947,-25.86403266413178,-19.070367215650286,0.47344954077974055,6.060435236789937,nan,6.060435236789937,28
532,1756403366.3074362,-25.554868673369477,-19.0064098799647,0.31635354552870276,5.232525902997006,nan,5.232525902997006,28
533,1756403367.3133695,-25.204699212468764,-18.930402303421868,0.35621010502078976,5.009086784094186,nan,5.009086784094186,28
534,1756403368.3111937,-25.135487197936612,-18.899016860347228,0.0761614295800095,4.231650066089487,nan,4.231650066089487,28
535,1756403369.311033,-25.133546439881137,-18.87732152085417,0.021785472644529597,2.94176130775128,nan,2.94176130775128,28
536,1756403370.3168309,-25.046815267868357,-18.7876626110036,0.12402472434780538,1.7990653932106928,nan,1.7990653932106928,28
537,1756403371.30883,-24.945644261521497,-18.82586001797519,0.10901384405537824,1.413504886496179,nan,1.413504886496179,28
538,1756403372.3134859,-24.831050688174745,-18.79069249807751,0.11931293247425179,1.9220031671336208,nan,1.9220031671336208,28
539,1756403373.309744,-24.523579424842588,-18.671499549482792,0.33100449381823227,2.945831928246282,nan,2.945831928246282,28
540,1756403374.3162763,-24.292808577495688,-18.64637074628332,0.23062839831129572,4.034910834049318,nan,4.034910834049318,28
541,1756403375.310736,-24.030445044191737,-18.573597575889163,0.2737861515219831,5.205428339619505,nan,5.205428339619505,28
542,1756403376.30867,-23.750844149023504,-18.510901353286428,0.2871372185493639,6.306077627989412,nan,6.306077627989412,28
543,1756403377.3141704,-23.482648414419046,-18.429195372926365,0.27883184671818084,7.424739540045701,nan,7.424739540045701,28
544,1756403378.3077655,-23.31171551712407,-18.39774184979735,0.17492306343847436,8.658987920614996,nan,8.658987920614996,28
545,1756403379.3122003,-23.20298337044882,-18.511696793591927,0.15681142255679403,9.117474897040486,nan,9.117474897040486,28
546,1756403380.316317,-23.157813078110216,-18.584607263162788,0.08541718494209999,8.135470889789115,nan,8.135470889789115,28
547,1756403381.3112826,-23.184392976311443,-18.69239575865405,0.11157908330917317,7.01364130632,nan,7.01364130632,28
548,1756403382.3095772,-22.910740324181088,-18.600692711208545,0.28910215504505443,6.04633051577902,nan,6.04633051577902,28
549,1756403383.3073986,-22.515905265222045,-18.595395562764406,0.39573276159942516,5.5515949967512,nan,5.5515949967512,28
550,1756403384.3128467,-22.147441031794504,-18.67907399116855,0.37579909873453415,5.69154282978159,nan,5.69154282978159,29
551,1756403385.3069897,-22.10516104808745,-18.68395792934921,0.04281187981527141,6.139448867909363,nan,6.139448867909363,29
552,1756403386.3133101,-21.60237080397386,-18.710896812831024,0.5003489592130403,5.993799331706973,nan,5.993799331706973,29
553,1756403387.3121507,-21.484693754463034,-18.773141928681316,0.13327981702292144,5.264634779452986,nan,5.264634779452986,29
554,1756403388.3079793,-21.345706356648375,-18.783245603639166,0.13993788965270607,4.908374591177141,nan,4.908374591177141,29
555,1756403389.3135757,-21.233060962521904,-18.752156317663353,0.11620653377825521,4.579596497959142,nan,4.579596497959142,29
556,1756403390.3121634,-21.10174259824565,-18.719672494706302,0.1354677599736998,3.8164376985515016,nan,3.8164376985515016,29
557,1756403391.306932,-21.06962556239688,-18.776616791477114,0.06572084744784669,3.2766377531361925,nan,3.2766377531361925,29
558,1756403392.307893,-20.586330764925236,-18.912127469694674,0.5014513401714866,3.284448199759259,nan,3.284448199759259,29
559,1756403393.3141212,-20.252082928439375,-18.87125564057775,0.3346531785943228,3.6859521674419,nan,3.6859521674419,29
560,1756403394.3091652,-20.033614754393067,-18.792117509499587,0.2335173507701617,4.375803485433321,nan,4.375803485433321,29
561,1756403395.31114,-20.20422610051795,-18.82799802522375,0.17399984370567545,5.249726102820507,nan,5.249726102820507,29
562,1756403396.3081548,-19.78082782494041,-18.958124488673107,0.4442698103427397,6.012966105056778,nan,6.012966105056778,29
563,1756403397.3133183,-19.29242650286989,-19.12845529482687,0.5145937737993487,6.178016829650368,nan,6.178016829650368,29
564,1756403398.3078969,-18.853486558389395,-19.27808236707737,0.46626971937391065,5.396397714335318,nan,5.396397714335318,30
565,1756403399.309919,-18.414992840781952,-19.52421717357797,0.5018361091098519,4.933028244734495,nan,4.933028244734495,30
566,1756403400.314704,-18.02288311007494,-19.79698763579839,0.4753798339051361,5.289141979137456,nan,5.289141979137456,30
567,1756403401.309367,-17.60256864782465,-20.09134634574989,0.5158919880690175,6.39576242049622,nan,6.39576242049622,30
568,1756403402.314603,-17.18641583728507,-20.398336745735055,0.5144390572650305,7.824465360547943,nan,7.824465360547943,30
569,1756403403.3090045,-16.767621657758994,-20.70801493412923,0.5237866889997439,9.103250952172877,nan,9.103250952172877,30
570,1756403404.3082323,-16.34581608981602,-21.01419251744855,0.5216174034761235,9.595503577744804,nan,9.595503577744804,30
571,1756403405.313727,-15.97979629351532,-21.290413666701717,0.4560447772087224,9.890700855484978,nan,9.890700855484978,30
572,1756403406.3101664,-15.614912857438329,-21.649314501621554,0.5136390833159428,10.477061221029562,nan,10.477061221029562,30
573,1756403407.3152208,-15.43442272951626,-21.81667991460492,0.24490814746690465,10.3052752774945,nan,10.3052752774945,31
574,1756403408.3094497,-15.627805059757756,-21.86084821499585,0.19951363019938384,8.817873726092442,nan,8.817873726092442,31
575,1756403409.3084683,-15.992184208699735,-21.915182264690536,0.3687697476216771,7.178939972644619,nan,7.178939972644619,31
576,1756403410.313336,-16.48114637676876,-21.840664958302906,0.4922118866464561,5.418093419793958,nan,5.418093419793958,31
577,1756403411.3086727,-16.877675343422805,-21.913611932521388,0.40507188212012984,3.831166488542027,nan,3.831166488542027,31
578,1756403412.3144336,-17.0070700138193,-22.00692642925915,0.15861857964652906,2.6328822497582336,nan,2.6328822497582336,31
579,1756403413.309719,-17.399085927069397,-22.214889300695294,0.4458643827027751,1.6586376924624266,nan,1.6586376924624266,31
580,1756403414.3158953,-17.59147317661794,-22.313922322532697,0.21505199391736943,2.0988548077994373,nan,2.0988548077994373,31
581,1756403415.3103697,-17.68194572508461,-22.597504148031945,0.2993180375976487,2.362953070748532,nan,2.362953070748532,32
582,1756403416.3116221,-17.85549757118917,-22.483344778727847,0.2074722098451962,2.053041138629452,nan,2.053041138629452,32
583,1756403417.307023,-18.30961627161446,-22.2852400786565,0.497737693207394,2.2840726860743596,nan,2.2840726860743596,32
584,1756403418.309723,-18.781669231350147,-22.083063238726456,0.5121437926226301,3.0000254423509154,nan,3.0000254423509154,32
585,1756403419.307822,-19.002668831997507,-22.018156245375714,0.2307726560329481,4.1646964949014675,nan,4.1646964949014675,32
586,1756403420.3130763,-19.07176948541617,-22.019827958975707,0.06875959051793094,5.426833900008827,nan,5.426833900008827,32
587,1756403421.3095982,-18.70494720287302,-21.721107643647457,0.4747181222989516,6.955541113545497,nan,6.955541113545497,32
588,1756403422.3095856,-18.490822188734864,-21.48773101852718,0.316728126406588,7.394325693422551,nan,7.394325693422551,32
589,1756403423.3144717,-18.19433119522309,-21.114696175299436,0.4741931504456176,7.690075761586026,nan,7.690075761586026,32
590,1756403424.3075755,-17.950179170625272,-20.867338358172745,0.3499708234446577,8.079043053415118,nan,8.079043053415118,32
591,1756403425.313238,-17.690542423723674,-20.584391383976556,0.3818562901028462,7.917901758913903,nan,7.917901758913903,32
592,1756403426.3081958,-17.378116716035464,-20.18033585418457,0.5133433396399968,6.987216406038215,nan,6.987216406038215,32
593,1756403427.30814,-17.113956458937377,-19.8273546238249,0.4409059771977769,6.212898192321002,nan,6.212898192321002,32
594,1756403428.3074017,-16.96142486948641,-19.627339729507938,0.2517248198809007,5.447936460739058,nan,5.447936460739058,32
595,1756403429.311978,-16.67285037304952,-19.381993369313648,0.3770488966784566,5.067212910263815,nan,5.067212910263815,32
596,1756403430.30748,-16.456606454380665,-19.146232704262815,0.3213587796678182,4.950714065347974,nan,4.950714065347974,32
597,1756403431.3109703,-16.29065443026137,-18.912888504707375,0.2853423390827731,5.1298543274637085,nan,5.1298543274637085,32
598,1756403432.3109891,-16.13320183933679,-18.485113610684323,0.4558232676869205,5.8429899443750974,nan,5.8429899443750974,32
599,1756403433.3133607,-15.965799196102635,-18.037420487852646,0.47683649763549973,6.593212791720047,nan,6.593212791720047,33
600,1756403434.307472,-15.881864376698822,-17.727789095896934,0.3227065766664765,7.015322271969638,nan,7.015322271969638,33
