step,time_s,robot_x,robot_y,speed_mps,lower_actor_dist,upper_actor_dist,dmin,goals_count
1,4.55,-7.00,0.82,nan,4.65,4.98,4.65,0
2,4.55,-7.00,0.82,nan,4.65,4.98,4.65,0
3,4.55,-7.00,0.82,nan,2.03,4.98,2.03,0
4,4.55,-7.00,0.82,nan,2.03,3.79,2.03,0
5,5.00,-6.99,0.83,0.03,1.62,3.83,1.62,0
6,6.00,-6.79,0.96,0.24,1.61,4.08,1.61,0
7,7.00,-6.54,1.40,0.51,2.69,4.95,2.69,0
8,8.00,-6.44,1.97,0.58,4.07,6.21,4.07,0
9,9.00,-6.52,2.59,0.62,5.55,7.66,5.55,0
10,10.00,-6.83,3.11,0.61,5.22,9.02,5.22,0
11,11.00,-7.33,3.51,0.64,4.83,9.64,4.83,0
12,12.00,-7.89,3.73,0.60,4.63,9.12,4.63,0
13,13.00,-8.43,3.63,0.54,4.55,8.47,4.55,0
14,14.00,-8.65,3.44,0.29,4.64,7.78,4.64,0
15,15.00,-8.74,3.30,0.16,4.96,7.22,4.96,0
16,16.00,-8.77,3.24,0.08,5.48,6.83,5.48,0
17,17.00,-8.75,3.19,0.05,6.07,6.56,6.07,0
18,18.00,-8.72,3.16,0.04,6.42,6.45,6.42,1
19,19.00,-8.69,3.08,0.09,5.67,6.48,5.67,1
20,20.00,-8.73,2.91,0.17,5.10,6.74,5.10,1
21,21.00,-8.71,2.89,0.03,4.58,7.10,4.58,1
22,22.00,-8.71,2.91,0.02,4.29,6.73,4.29,1
23,23.00,-8.71,2.92,0.01,4.22,6.46,4.22,1
24,24.00,-8.73,2.95,0.04,4.42,6.36,4.42,1
25,25.00,-8.71,2.90,0.06,4.72,6.35,4.72,1
26,26.00,-8.70,2.89,0.01,5.26,6.52,5.26,1
27,27.00,-8.73,2.98,0.09,5.31,6.93,5.31,1
28,28.00,-8.72,3.03,0.05,4.82,7.40,4.82,1
29,29.00,-8.76,2.88,0.15,4.35,7.83,4.35,1
30,30.00,-8.77,2.96,0.08,4.28,8.55,4.28,1
31,31.00,-8.74,2.97,0.03,4.36,9.26,4.36,1
32,32.00,-8.76,2.99,0.03,4.69,9.19,4.69,1
33,33.00,-8.68,2.93,0.10,5.10,8.43,5.10,1
34,34.00,-8.65,2.93,0.03,5.69,7.78,5.69,1
35,35.00,-8.63,2.93,0.03,6.38,7.23,6.38,1
36,36.00,-8.63,2.95,0.02,5.88,6.79,5.88,1
37,37.00,-8.67,2.99,0.05,5.28,6.53,5.28,1
38,38.00,-8.68,3.02,0.03,4.76,6.39,4.76,1
39,39.00,-8.70,3.03,0.02,4.43,6.38,4.43,1
40,40.00,-8.68,3.04,0.02,4.28,6.49,4.28,1
41,41.00,-8.66,3.03,0.02,4.36,6.75,4.36,1
42,42.00,-8.66,3.04,0.01,4.67,7.01,4.67,1
43,43.00,-8.73,3.04,0.07,5.19,6.71,5.19,1
44,44.00,-8.63,3.13,0.13,5.71,6.42,5.71,1
45,45.00,-8.24,3.13,0.39,5.03,6.03,5.03,1
46,46.00,-8.01,3.04,0.25,4.36,5.93,4.36,1
47,47.00,-7.48,2.72,0.62,3.47,5.64,3.47,1
48,48.00,-7.10,2.22,0.63,2.61,5.52,2.61,1
49,49.00,-7.04,1.64,0.58,2.43,5.57,2.43,1
50,50.00,-7.24,1.03,0.63,3.28,5.70,3.28,1
51,51.00,-7.41,0.37,0.68,4.55,5.84,4.55,1
52,52.00,-7.57,-0.30,0.70,6.00,5.95,5.95,1
53,53.00,-7.72,-0.98,0.70,6.60,4.95,4.95,1
54,54.00,-7.84,-1.67,0.69,6.16,3.75,3.75,1
55,55.00,-7.90,-2.19,0.52,5.52,3.07,3.07,1
56,56.00,-7.91,-2.43,0.24,4.72,3.05,3.05,1
57,57.00,-7.90,-2.55,0.12,3.77,3.44,3.44,2
58,58.00,-7.96,-3.12,0.58,3.28,4.34,3.28,2
59,59.00,-8.11,-3.39,0.31,2.64,5.44,2.64,2
60,60.00,-8.20,-3.48,0.13,1.80,6.47,1.80,2
61,61.00,-8.27,-3.53,0.09,1.06,7.48,1.06,3
62,62.00,-8.31,-3.54,0.03,1.47,8.44,1.47,3
63,63.00,-8.33,-3.54,0.02,2.38,8.76,2.38,3
64,64.00,-8.34,-3.53,0.02,3.30,7.82,3.30,3
65,65.00,-8.34,-3.51,0.02,4.30,6.88,4.30,3
66,66.00,-8.34,-3.48,0.03,5.25,5.97,5.25,3
67,67.00,-8.34,-3.45,0.03,6.24,5.11,5.11,3
68,68.00,-8.34,-3.44,0.01,7.23,4.29,4.29,3
69,69.00,-8.34,-3.44,0.00,8.23,3.60,3.60,3
70,70.00,-8.34,-3.43,0.01,9.11,3.06,3.06,3
71,71.00,-8.34,-3.41,0.02,8.14,2.82,2.82,3
72,72.00,-8.34,-3.41,0.00,7.10,2.92,2.92,3
73,73.00,-8.34,-3.41,0.00,6.14,3.34,3.34,3
74,74.00,-8.34,-3.41,0.00,5.11,2.97,2.97,3
75,75.00,-8.34,-3.41,0.00,4.12,2.81,2.81,3
76,76.00,-8.34,-3.41,0.00,3.17,3.01,3.01,3
77,77.00,-8.34,-3.39,0.02,2.16,3.47,2.16,3
78,78.00,-8.32,-3.38,0.02,1.22,4.15,1.22,3
79,79.00,-8.28,-3.33,0.06,0.93,4.85,0.93,3
80,80.00,-8.07,-3.02,0.37,1.42,5.38,1.42,3
81,81.00,-7.77,-2.81,0.37,2.00,5.88,2.00,3
82,82.00,-7.49,-2.68,0.30,2.75,6.52,2.75,3
83,83.00,-7.27,-2.61,0.23,3.51,7.23,3.51,3
84,84.00,-7.08,-2.57,0.19,4.37,7.05,4.37,3
85,85.00,-6.99,-2.52,0.10,5.27,5.97,5.27,3
86,86.00,-6.95,-2.53,0.03,6.25,5.05,5.05,3
87,87.00,-6.95,-2.56,0.03,7.25,4.14,4.14,3
88,88.00,-6.95,-2.58,0.03,6.98,3.32,3.32,3
89,89.00,-6.95,-2.62,0.03,6.00,2.62,2.62,3
90,90.00,-6.95,-2.62,0.00,5.06,2.12,2.12,3
91,91.00,-6.95,-2.64,0.03,4.07,2.02,2.02,3
92,92.00,-6.93,-2.88,0.23,3.32,2.18,2.18,3
93,93.00,-7.03,-3.01,0.17,2.60,2.72,2.60,3
94,94.00,-7.12,-3.11,0.13,1.87,3.23,1.87,3
95,95.00,-7.28,-3.19,0.18,1.34,2.48,1.34,4
96,96.00,-7.72,-3.29,0.45,0.98,2.34,0.98,4
97,97.00,-7.74,-3.22,0.07,1.22,2.52,1.22,4
98,98.00,-7.74,-3.22,0.01,2.01,2.98,2.01,4
99,99.00,-8.03,-2.77,0.53,2.74,3.85,2.74,4
100,100.01,-8.40,-2.20,0.67,3.57,4.75,3.57,4
101,101.00,-8.57,-1.58,0.65,4.37,5.47,4.37,4
102,102.00,-8.61,-0.89,0.70,5.03,6.04,5.03,4
103,103.00,-8.63,-0.21,0.68,5.68,6.57,5.68,4
104,104.00,-8.60,0.48,0.69,6.34,7.09,6.34,4
105,105.00,-8.41,1.15,0.70,6.42,6.51,6.42,4
106,106.00,-8.12,1.80,0.71,5.10,5.72,5.10,4
107,107.00,-7.86,2.32,0.58,4.11,5.33,4.11,4
108,108.00,-7.72,2.57,0.29,3.53,5.32,3.53,4
109,109.00,-7.64,2.70,0.15,3.32,5.58,3.32,5
110,110.00,-7.64,2.66,0.04,3.38,5.93,3.38,5
111,111.00,-7.62,2.66,0.02,3.75,6.45,3.75,5
112,112.00,-7.62,2.66,0.00,4.30,7.07,4.30,5
113,113.00,-7.62,2.66,0.00,5.03,7.75,5.03,5
114,114.00,-7.62,2.65,0.00,4.95,8.54,4.95,5
115,115.00,-7.66,2.63,0.05,4.24,8.87,4.24,5
116,116.00,-7.71,2.60,0.05,3.67,8.05,3.67,5
117,117.00,-7.75,2.58,0.05,3.37,7.32,3.37,5
118,118.00,-7.80,2.56,0.05,3.36,6.68,3.36,5
119,119.00,-7.84,2.53,0.05,3.67,6.12,3.67,5
120,120.00,-7.87,2.52,0.04,4.19,5.74,4.19,5
121,121.00,-7.47,2.70,0.44,4.49,5.30,4.49,5
122,122.00,-7.16,2.55,0.34,4.94,4.81,4.81,5
123,123.00,-6.64,2.14,0.67,3.92,4.21,3.92,5
124,124.00,-6.20,1.62,0.68,2.76,4.05,2.76,5
125,125.00,-5.99,1.07,0.59,1.79,4.54,1.79,5
126,126.00,-6.13,0.44,0.65,1.21,4.31,1.21,5
127,127.00,-6.43,-0.20,0.70,0.82,4.05,0.82,5
128,128.00,-6.71,-0.78,0.64,0.33,3.75,0.33,5
129,129.00,-6.87,-1.11,0.37,0.34,3.33,0.34,5
130,130.00,-6.84,-1.04,0.07,1.44,2.86,1.44,5
131,131.00,-6.85,-1.04,0.01,2.14,2.72,2.14,5
132,132.00,-6.88,-1.12,0.10,1.07,2.89,1.07,5
133,133.00,-6.92,-1.21,0.09,0.03,3.32,0.03,5
134,134.00,-6.92,-1.20,0.00,1.01,3.99,1.01,5
135,135.00,-6.97,-1.32,0.13,2.16,4.65,2.16,5
136,136.00,-7.02,-1.44,0.13,3.26,4.60,3.26,6
137,137.00,-7.29,-1.97,0.60,4.83,3.40,3.40,6
138,138.00,-7.57,-2.58,0.67,6.47,2.61,2.61,6
139,139.00,-7.78,-3.15,0.61,8.01,2.70,2.70,6
140,140.00,-7.83,-3.43,0.28,8.38,3.32,3.32,6
141,141.00,-7.81,-3.60,0.17,7.52,4.18,4.18,7
142,142.00,-7.78,-3.60,0.03,6.50,5.01,5.01,7
143,143.00,-7.76,-3.60,0.02,5.51,5.93,5.51,7
144,144.00,-7.75,-3.60,0.00,4.55,6.86,4.55,7
145,145.00,-7.75,-3.60,0.00,3.58,7.82,3.58,7
146,146.00,-7.76,-3.60,0.01,2.69,8.67,2.69,7
147,147.00,-7.78,-3.60,0.02,1.83,7.72,1.83,7
148,148.00,-7.82,-3.58,0.04,1.20,6.78,1.20,7
149,149.00,-7.71,-3.55,0.11,1.41,5.76,1.41,7
150,150.00,-7.15,-3.31,0.61,1.86,4.24,1.86,7
151,151.00,-6.99,-3.18,0.21,2.46,3.15,2.46,7
152,152.00,-6.78,-2.75,0.48,2.87,2.14,2.14,7
153,153.00,-6.75,-2.47,0.28,3.53,1.91,1.91,7
154,154.00,-6.87,-2.04,0.45,4.18,2.64,2.64,7
155,155.00,-7.12,-1.40,0.69,4.90,3.99,3.99,7
156,156.00,-7.28,-0.74,0.68,5.56,5.42,5.42,7
157,157.00,-7.35,-0.30,0.44,6.29,5.66,5.66,7
158,158.00,-7.36,-0.08,0.22,5.22,5.10,5.10,7
159,159.00,-7.37,0.02,0.10,4.22,4.57,4.22,8
160,160.00,-7.40,0.02,0.04,3.28,4.07,3.28,8
161,161.00,-7.42,0.02,0.01,2.40,3.80,2.40,8
162,162.00,-7.42,0.02,0.00,1.61,3.76,1.61,8
163,163.00,-7.41,0.02,0.01,1.22,3.98,1.22,8
164,164.00,-7.40,0.02,0.01,1.55,4.41,1.55,8
165,165.00,-7.66,0.11,0.28,2.34,5.27,2.34,8
166,166.00,-7.72,0.18,0.09,2.67,5.98,2.67,8
167,167.00,-7.70,0.19,0.03,1.93,6.37,1.93,8
168,168.00,-7.70,0.21,0.02,1.56,5.63,1.56,8
169,169.00,-7.69,0.21,0.01,1.75,5.01,1.75,8
170,170.00,-7.69,0.21,0.00,2.39,4.49,2.39,8
171,171.00,-7.69,0.21,0.00,3.23,4.17,3.23,8
172,172.00,-7.69,0.21,0.00,4.13,4.08,4.08,8
173,173.00,-7.69,0.21,0.00,5.03,4.23,4.23,8
174,174.00,-7.69,0.21,0.00,6.02,4.60,4.60,8
175,175.00,-7.69,0.21,0.00,5.76,5.15,5.15,8
176,176.00,-7.68,0.23,0.02,4.76,5.80,4.76,8
177,177.00,-7.67,0.29,0.06,3.79,6.63,3.79,8
178,178.00,-7.67,0.29,0.00,2.94,6.13,2.94,8
179,179.00,-7.67,0.29,0.00,2.15,5.42,2.15,8
180,180.00,-7.67,0.29,0.00,1.65,4.82,1.65,8
181,181.00,-7.67,0.29,0.00,1.69,4.39,1.69,8
182,182.00,-7.68,0.24,0.05,2.18,4.11,2.18,8
183,183.00,-7.69,0.22,0.03,2.90,4.11,2.90,8
184,184.00,-7.69,0.22,0.00,2.22,4.36,2.22,8
185,185.00,-7.69,0.22,0.00,1.67,4.79,1.67,8
186,186.00,-7.69,0.22,0.00,1.61,5.37,1.61,8
187,187.00,-7.69,0.22,0.00,2.10,6.09,2.10,8
188,188.00,-7.69,0.22,0.00,2.84,6.23,2.84,8
189,189.00,-7.69,0.22,0.00,3.75,5.49,3.75,8
190,190.00,-7.69,0.22,0.00,4.67,4.88,4.67,8
191,191.00,-7.69,0.22,0.00,5.62,4.42,4.42,8
192,192.91,-7.00,0.82,0.48,4.37,3.94,3.94,8
193,193.00,-7.00,0.82,0.01,4.28,3.97,3.97,8
194,194.00,-7.00,0.76,0.06,3.37,4.33,3.37,8
195,195.00,-6.92,0.68,0.12,2.47,4.79,2.47,8
196,196.00,-6.64,0.14,0.60,1.43,4.92,1.43,8
197,197.00,-6.67,-0.47,0.62,0.75,5.11,0.75,8
198,198.00,-6.92,-1.13,0.70,0.28,5.20,0.28,8
199,199.00,-7.22,-1.75,0.69,0.22,3.91,0.22,8
200,200.00,-7.51,-2.38,0.69,0.61,2.85,0.61,8
201,201.00,-7.72,-3.04,0.69,0.84,2.52,0.84,8
202,202.00,-7.86,-3.68,0.65,2.12,3.13,2.12,8
203,203.00,-7.91,-4.02,0.35,3.37,4.04,3.37,8
204,204.00,-7.91,-4.21,0.19,4.48,5.07,4.48,9
205,205.00,-7.90,-4.24,0.03,5.45,5.98,5.45,9
206,206.01,-7.87,-4.24,0.03,6.39,6.93,6.39,9
207,207.00,-7.85,-4.24,0.02,7.35,7.88,7.35,9
208,208.00,-7.85,-4.24,0.01,8.34,8.82,8.34,9
209,209.00,-7.85,-4.24,0.00,9.28,8.65,8.65,9
210,210.00,-7.84,-4.24,0.00,8.63,7.69,7.69,9
211,211.00,-7.86,-4.24,0.01,7.66,6.71,6.71,9
212,212.00,-7.87,-4.23,0.01,6.71,5.78,5.78,9
213,213.00,-7.87,-4.21,0.02,5.70,4.88,4.88,9
214,214.00,-7.87,-4.19,0.02,4.74,3.95,3.95,9
215,215.00,-7.92,-4.19,0.05,3.81,3.19,3.19,9
216,216.00,-7.97,-4.19,0.05,2.93,2.55,2.55,9
217,217.01,-8.02,-4.19,0.05,2.14,2.19,2.14,9
218,218.00,-8.07,-4.19,0.05,1.67,2.25,1.67,9
219,219.00,-8.12,-4.19,0.05,2.35,2.48,2.35,9
220,220.00,-8.16,-4.19,0.04,3.27,2.27,2.27,9
221,221.00,-7.99,-4.06,0.21,4.01,2.31,2.31,9
222,222.00,-7.46,-3.66,0.67,4.35,2.21,2.21,9
223,223.00,-7.10,-3.16,0.62,4.69,2.39,2.39,9
224,224.00,-6.88,-2.60,0.60,5.05,2.73,2.73,9
225,225.00,-6.89,-1.96,0.64,5.57,3.27,3.27,9
226,226.00,-6.92,-1.27,0.70,6.07,3.85,3.85,9
227,227.00,-6.79,-0.58,0.70,5.61,4.25,4.25,9
228,228.00,-6.57,0.08,0.70,4.06,4.60,4.06,9
229,229.00,-6.35,0.74,0.70,2.62,4.93,2.62,9
230,230.00,-6.19,1.29,0.57,1.57,4.27,1.57,9
231,231.00,-6.13,1.56,0.28,1.49,3.67,1.49,9
232,232.00,-6.10,1.69,0.13,2.11,3.46,2.11,10
233,233.00,-6.01,2.25,0.57,3.45,3.87,3.45,10
234,234.00,-5.96,2.60,0.36,4.66,4.59,4.59,10
235,235.00,-5.95,2.79,0.19,5.77,5.39,5.39,10
236,236.00,-5.95,2.86,0.08,5.38,6.23,5.38,11
237,237.00,-5.96,2.86,0.02,4.48,7.01,4.48,11
238,238.00,-5.97,2.83,0.03,3.63,7.85,3.63,11
239,239.00,-5.98,2.81,0.02,2.90,8.70,2.90,11
240,240.00,-6.00,2.81,0.02,2.41,8.93,2.41,11
241,241.00,-6.01,2.82,0.02,2.30,8.06,2.30,11
242,242.00,-6.06,2.81,0.05,2.63,7.22,2.63,11
243,243.00,-6.67,2.84,0.61,3.83,6.54,3.83,11
244,244.00,-7.27,2.63,0.64,5.12,5.91,5.12,11
245,245.00,-7.73,2.23,0.60,4.83,5.38,4.83,11
246,246.00,-7.95,1.72,0.55,4.35,5.06,4.35,11
247,247.00,-7.91,1.19,0.53,3.55,4.95,3.55,11
248,248.00,-7.76,0.87,0.36,2.71,5.14,2.71,11
249,249.00,-7.48,0.37,0.57,1.74,5.49,1.74,11
250,250.00,-7.29,0.07,0.36,1.17,6.19,1.17,11
251,251.00,-7.20,-0.07,0.17,1.43,5.45,1.43,12
252,252.00,-7.14,-0.16,0.11,2.22,4.67,2.22,12
253,253.00,-7.06,-0.51,0.36,2.23,4.01,2.23,12
254,254.00,-7.07,-0.99,0.47,0.84,3.50,0.84,12
255,255.00,-7.06,-0.92,0.07,0.32,3.07,0.32,12
256,256.00,-7.06,-0.78,0.14,1.12,3.05,1.12,12
257,257.00,-6.96,-1.00,0.25,2.13,3.07,2.13,12
258,258.00,-6.91,-1.14,0.14,3.14,3.43,3.14,12
259,259.00,-6.90,-1.18,0.05,4.20,4.04,4.04,12
260,260.00,-6.84,-1.56,0.38,5.40,4.49,4.49,12
261,261.00,-6.83,-1.46,0.10,6.35,4.52,4.52,12
262,262.00,-6.85,-1.40,0.06,6.01,3.77,3.77,12
263,263.00,-6.86,-1.37,0.02,5.02,3.13,3.13,12
264,264.00,-6.86,-1.40,0.02,4.02,2.68,2.68,12
265,265.00,-6.85,-1.49,0.09,3.11,2.51,2.51,12
266,266.00,-6.84,-1.50,0.01,2.09,2.80,2.09,12
267,267.00,-6.90,-2.01,0.51,1.59,3.59,1.59,12
268,268.00,-6.95,-2.51,0.51,1.29,4.68,1.29,12
269,269.00,-6.82,-3.18,0.68,1.53,5.96,1.53,12
270,270.00,-6.57,-3.76,0.63,2.18,7.20,2.18,12
271,271.00,-6.39,-4.02,0.31,2.45,8.04,2.45,12
272,272.00,-6.29,-4.15,0.16,2.93,7.05,2.93,13
273,273.00,-6.28,-4.16,0.02,3.52,6.08,3.52,13
274,274.00,-6.28,-4.17,0.02,4.29,5.07,4.29,13
275,275.00,-6.28,-4.22,0.04,5.13,4.13,4.13,13
276,276.00,-6.36,-4.24,0.08,6.09,3.26,3.26,13
277,277.00,-6.65,-4.62,0.48,7.46,2.72,2.72,13
278,278.00,-7.20,-4.93,0.63,8.95,2.43,2.43,13
279,279.00,-7.70,-5.03,0.52,9.79,2.08,2.08,13
280,280.00,-7.77,-4.98,0.08,8.83,1.60,1.60,13
281,281.00,-8.07,-4.77,0.36,7.82,1.96,1.96,13
282,282.00,-8.17,-4.57,0.23,6.75,2.09,2.09,13
283,283.00,-8.19,-4.44,0.13,5.67,2.27,2.27,13
284,284.00,-8.17,-4.39,0.05,4.66,2.73,2.73,14
285,285.00,-8.12,-3.72,0.67,3.14,3.20,3.14,14
286,286.00,-7.99,-3.03,0.70,1.49,3.60,1.49,14
287,287.00,-7.94,-2.80,0.24,0.51,4.20,0.51,14
288,288.00,-8.00,-2.92,0.14,0.65,5.08,0.65,14
289,289.00,-7.98,-3.03,0.11,1.58,6.01,1.58,14
290,290.00,-7.96,-3.02,0.02,2.52,6.88,2.52,14
291,291.00,-7.97,-2.65,0.37,3.21,7.61,3.21,14
292,292.00,-7.88,-1.97,0.69,3.61,7.45,3.61,14
293,293.00,-7.62,-1.32,0.69,4.04,6.04,4.04,14
294,294.00,-7.26,-0.73,0.69,4.36,4.68,4.36,14
295,295.00,-6.87,-0.17,0.68,4.73,3.62,3.62,14
296,296.00,-6.45,0.41,0.72,5.05,3.11,3.11,14
297,297.00,-6.07,0.95,0.66,3.78,3.48,3.48,14
298,298.00,-5.87,1.26,0.37,2.51,4.29,2.51,14
299,299.00,-5.78,1.40,0.17,1.57,5.19,1.57,15
300,300.00,-5.76,1.44,0.04,1.11,6.04,1.11,15
301,301.00,-5.76,1.42,0.02,1.43,6.93,1.43,15
302,302.00,-5.76,1.39,0.03,2.14,7.80,2.14,15
303,303.00,-5.82,1.37,0.06,3.05,7.02,3.05,15
304,304.00,-5.85,1.37,0.03,3.95,6.14,3.95,15
305,305.00,-5.81,1.32,0.07,4.64,5.27,4.64,15
306,306.00,-5.81,1.32,0.00,3.67,4.46,3.67,15
307,307.00,-5.78,1.30,0.04,2.74,3.77,2.74,15
308,308.02,-6.05,1.43,0.30,1.92,3.51,1.92,15
309,309.00,-6.56,1.50,0.53,1.71,3.75,1.71,15
310,310.00,-7.13,1.27,0.61,2.45,4.36,2.45,15
311,311.00,-7.55,0.86,0.58,3.60,5.22,3.60,15
312,312.00,-7.63,0.71,0.16,4.62,5.95,4.62,15
313,313.00,-7.64,0.67,0.04,5.58,5.96,5.58,15
314,314.00,-7.68,0.36,0.31,5.87,5.40,5.40,15
315,315.00,-7.66,0.25,0.11,4.92,4.81,4.81,15
316,316.00,-7.68,0.25,0.02,4.01,4.37,4.01,15
317,317.00,-7.68,0.24,0.01,3.10,4.12,3.10,15
318,318.00,-7.68,0.24,0.00,2.30,4.10,2.30,15
319,319.00,-7.68,0.24,0.00,1.71,4.32,1.71,15
320,320.00,-7.67,0.25,0.01,1.60,4.76,1.60,15
321,321.00,-7.67,0.25,0.00,2.03,5.33,2.03,15
322,322.00,-7.69,0.22,0.04,2.76,5.97,2.76,15
323,323.00,-7.69,0.22,0.00,2.37,6.63,2.37,15
324,324.00,-7.67,0.27,0.06,1.80,5.94,1.80,15
325,325.00,-7.67,0.25,0.02,1.57,5.22,1.57,15
326,326.00,-7.67,0.31,0.06,1.95,4.71,1.95,15
327,327.00,-7.67,0.40,0.09,2.66,4.39,2.66,15
328,328.00,-7.67,0.40,0.00,3.49,4.17,3.49,15
329,329.00,-7.67,0.40,0.00,4.40,4.20,4.20,15
330,330.00,-7.67,0.40,0.00,5.34,4.46,4.46,15
331,331.00,-7.67,0.40,0.00,6.17,4.91,4.91,15
332,332.00,-7.68,0.39,0.01,5.26,5.52,5.26,15
333,333.00,-7.67,0.26,0.14,4.39,6.26,4.39,15
334,334.00,-7.68,0.23,0.03,3.47,6.03,3.47,15
335,335.00,-7.68,0.23,0.00,2.61,5.32,2.61,15
336,336.00,-7.68,0.23,0.00,1.92,4.74,1.92,15
337,337.00,-7.68,0.23,0.00,1.56,4.31,1.56,15
338,338.00,-7.68,0.23,0.00,1.78,4.10,1.78,15
339,339.00,-7.68,0.23,0.00,2.45,4.12,2.45,15
340,340.00,-7.68,0.22,0.01,2.69,4.37,2.69,15
341,341.00,-7.67,0.28,0.06,2.01,4.85,2.01,15
342,342.00,-7.68,0.24,0.04,1.57,5.45,1.57,15
343,343.00,-7.69,0.22,0.02,1.74,6.13,1.74,15
344,344.00,-7.67,0.22,0.02,2.36,6.50,2.36,15
345,345.00,-7.62,0.22,0.05,3.13,5.72,3.13,15
346,346.00,-7.57,0.22,0.05,4.01,5.05,4.01,15
347,347.00,-7.52,0.22,0.05,4.90,4.47,4.47,15
348,348.00,-7.47,0.22,0.05,5.78,4.06,4.06,15
349,349.00,-7.42,0.22,0.05,5.48,3.85,3.85,15
350,350.00,-7.37,0.21,0.05,4.51,3.88,3.88,15
351,351.00,-7.46,0.10,0.14,3.67,4.28,3.67,15
352,352.00,-7.87,-0.41,0.65,3.31,5.32,3.31,15
353,353.00,-8.19,-0.98,0.66,2.91,6.53,2.91,15
354,354.00,-8.22,-1.60,0.62,2.23,7.70,2.23,15
355,355.00,-8.00,-2.22,0.66,1.43,7.22,1.43,15
356,356.00,-7.63,-2.79,0.68,0.85,6.35,0.85,15
357,357.00,-7.14,-3.23,0.66,1.43,5.28,1.43,15
358,358.00,-6.66,-3.45,0.53,1.83,4.12,1.83,15
359,359.00,-6.39,-3.39,0.27,2.18,2.91,2.18,15
360,360.00,-6.28,-3.34,0.12,2.69,1.92,1.92,15
361,361.00,-6.18,-3.28,0.12,3.39,1.14,1.14,15
362,362.00,-6.09,-3.23,0.10,4.15,1.13,1.13,15
363,363.00,-6.05,-3.24,0.04,5.05,1.83,1.83,15
364,364.00,-6.04,-3.33,0.10,6.05,2.67,2.67,15
365,365.00,-6.04,-3.33,0.00,6.98,2.76,2.76,15
366,366.00,-6.03,-3.34,0.01,7.47,1.82,1.82,15
367,367.00,-6.01,-3.34,0.02,6.55,1.04,1.04,15
368,368.00,-5.99,-3.35,0.02,5.58,0.88,0.88,15
369,369.00,-5.99,-3.35,0.00,4.69,1.59,1.59,15
370,370.00,-5.96,-3.35,0.02,3.85,2.45,2.45,15
371,371.00,-5.94,-3.33,0.03,3.04,3.41,3.04,15
372,372.00,-5.95,-3.33,0.01,2.48,4.41,2.48,15
373,373.00,-5.95,-3.38,0.05,2.26,5.40,2.26,15
374,374.00,-5.96,-3.38,0.00,2.42,6.42,2.42,15
375,375.00,-5.96,-3.38,0.01,2.40,7.34,2.40,15
376,376.00,-5.96,-3.36,0.01,2.25,6.32,2.25,15
377,377.00,-5.94,-3.36,0.02,2.53,5.32,2.53,15
378,378.00,-5.98,-3.31,0.06,3.09,4.36,3.09,15
379,379.00,-6.03,-3.30,0.05,3.86,3.38,3.38,15
380,380.00,-6.04,-3.30,0.02,4.71,2.46,2.46,15
381,381.00,-5.94,-3.26,0.12,5.57,1.43,1.43,15
382,382.00,-5.91,-3.35,0.10,6.56,0.78,0.78,15
383,383.00,-5.92,-3.34,0.02,7.52,1.08,1.08,15
384,384.01,-5.92,-3.25,0.09,6.80,2.01,2.01,15
385,385.00,-5.92,-3.24,0.01,5.82,2.94,2.94,15
386,386.00,-5.97,-3.25,0.05,4.93,2.68,2.68,15
387,387.00,-6.04,-3.25,0.07,4.11,1.79,1.79,15
388,388.00,-6.03,-3.27,0.02,3.28,1.02,1.02,15
389,389.00,-6.06,-3.29,0.04,2.63,1.05,1.05,15
390,390.00,-6.09,-3.26,0.05,2.14,1.77,1.77,15
391,391.00,-6.12,-3.23,0.04,2.08,2.70,2.08,15
392,392.00,-6.15,-3.21,0.04,2.31,3.64,2.31,15
393,393.00,-6.15,-3.21,0.00,2.00,4.63,2.00,15
394,394.00,-6.15,-3.21,0.00,2.15,5.60,2.15,15
395,395.00,-6.15,-3.20,0.00,2.71,6.57,2.71,15
396,396.00,-6.16,-3.18,0.03,3.43,7.12,3.43,15
397,397.00,-6.18,-3.16,0.03,4.29,6.16,4.29,15
398,398.00,-6.20,-3.13,0.03,5.19,5.14,5.14,15
399,399.00,-6.20,-3.13,0.00,6.11,4.16,4.16,15
400,400.01,-6.18,-3.13,0.02,7.08,3.19,3.19,15
401,401.31,-7.01,0.80,3.07,4.74,4.00,4.00,15
402,402.00,-7.01,0.77,0.04,4.10,4.24,4.10,15
403,403.00,-6.96,0.72,0.08,3.17,4.72,3.17,15
404,404.00,-6.70,0.21,0.57,2.21,4.84,2.21,15
405,405.00,-6.76,-0.43,0.63,1.54,5.01,1.54,15
406,406.00,-6.94,-1.11,0.70,1.11,5.16,1.11,15
407,407.00,-7.10,-1.77,0.68,0.71,4.04,0.71,15
408,408.00,-7.11,-2.44,0.67,0.79,2.69,0.79,15
409,409.00,-6.97,-3.11,0.68,1.46,1.78,1.46,15
410,410.00,-6.79,-3.70,0.62,1.93,1.95,1.93,15
411,411.00,-6.68,-4.07,0.38,2.66,2.89,2.66,15
412,412.00,-6.62,-4.26,0.21,3.50,3.92,3.50,16
413,413.00,-6.55,-4.76,0.50,4.73,5.26,4.73,16
414,414.00,-6.77,-5.36,0.64,6.22,6.83,6.22,16
415,415.00,-7.12,-5.73,0.51,7.57,8.37,7.57,16
416,416.00,-7.33,-5.79,0.22,8.61,9.53,8.61,16
417,417.00,-7.42,-5.73,0.11,9.57,9.74,9.57,16
418,418.00,-7.52,-5.68,0.11,10.42,8.76,8.76,17
419,419.00,-7.53,-5.67,0.02,9.46,7.78,7.78,17
420,420.00,-7.53,-5.66,0.00,8.52,6.77,6.77,17
421,421.00,-7.53,-5.66,0.00,7.62,5.79,5.79,17
422,422.00,-7.53,-5.64,0.02,6.65,4.77,4.77,17
423,423.00,-7.53,-5.63,0.02,5.77,3.79,3.79,17
424,424.00,-7.53,-5.61,0.02,4.87,2.86,2.86,17
425,425.00,-7.50,-5.60,0.03,4.09,1.95,1.95,17
426,426.00,-7.46,-5.52,0.10,3.35,1.14,1.14,17
427,427.00,-7.21,-5.05,0.53,2.82,1.36,1.36,17
428,428.00,-6.78,-4.65,0.58,3.00,1.01,1.01,17
429,429.00,-6.58,-4.58,0.22,3.55,0.74,0.74,17
430,430.00,-6.63,-4.60,0.05,4.26,1.50,1.50,17
431,431.00,-6.40,-4.63,0.23,5.08,2.27,2.27,17
432,432.00,-6.18,-4.76,0.25,6.00,3.24,3.24,17
433,433.00,-6.09,-4.85,0.12,6.90,4.26,4.26,17
434,434.00,-6.02,-4.97,0.15,7.91,5.32,5.32,17
435,435.00,-5.99,-5.06,0.10,8.89,6.39,6.39,18
436,436.00,-6.01,-5.07,0.02,8.63,7.37,7.37,18
437,437.00,-6.03,-5.07,0.03,7.74,8.41,7.74,18
438,438.00,-6.06,-5.07,0.03,6.88,8.28,6.88,18
439,439.00,-6.09,-5.07,0.03,6.02,7.27,6.02,18
440,440.00,-6.09,-5.07,0.00,5.26,6.28,5.26,18
441,441.00,-6.09,-5.07,0.00,4.52,5.29,4.52,18
442,442.00,-6.09,-5.07,0.00,3.93,4.28,3.93,18
443,443.00,-6.09,-5.07,0.00,3.53,3.31,3.31,18
444,444.00,-6.09,-5.07,0.00,3.39,2.28,2.28,18
445,445.00,-6.07,-5.05,0.03,3.49,1.25,1.25,18
446,446.00,-6.22,-5.14,0.18,3.92,0.45,0.45,18
447,447.00,-6.83,-5.29,0.62,4.69,0.58,0.58,18
448,448.00,-7.41,-5.09,0.62,5.47,1.37,1.37,18
449,449.00,-7.95,-4.70,0.66,6.26,1.84,1.84,18
450,450.00,-8.32,-4.16,0.66,6.94,2.60,2.60,18
451,451.00,-8.56,-3.53,0.68,7.64,3.33,3.33,18
452,452.00,-8.60,-2.87,0.66,8.17,3.85,3.85,18
453,453.00,-8.39,-2.24,0.67,8.11,4.15,4.15,18
454,454.00,-8.05,-1.61,0.71,6.45,4.35,4.35,18
455,455.00,-7.70,-1.01,0.70,4.83,4.53,4.53,18
456,456.00,-7.39,-0.41,0.68,3.25,4.79,3.25,18
457,457.00,-7.19,0.14,0.59,1.98,5.16,1.98,18
458,458.00,-7.22,0.45,0.31,1.45,5.81,1.45,18
459,459.00,-7.28,0.59,0.15,1.67,5.46,1.67,18
460,460.00,-7.32,0.66,0.09,2.32,4.88,2.32,19
461,461.00,-7.33,0.66,0.01,3.12,4.37,3.12,19
462,462.00,-7.33,0.66,0.00,3.05,4.07,3.05,19
463,463.00,-7.33,0.66,0.00,2.25,4.00,2.25,19
464,464.00,-7.33,0.67,0.00,1.73,4.18,1.73,19
465,465.00,-7.33,0.66,0.00,1.69,4.56,1.69,19
466,466.00,-7.33,0.67,0.00,2.18,5.14,2.18,19
467,467.00,-7.32,0.67,0.01,2.89,5.81,2.89,19
468,468.00,-7.30,0.67,0.02,3.78,6.59,3.78,19
469,469.00,-7.30,0.67,0.00,4.68,6.81,4.68,19
470,470.00,-7.29,0.65,0.02,5.65,6.04,5.65,19
471,471.00,-7.24,0.65,0.05,4.95,5.28,4.95,19
472,472.00,-7.19,0.64,0.05,3.99,4.65,3.99,19
473,473.00,-7.14,0.63,0.05,3.02,4.13,3.02,19
474,474.00,-7.09,0.62,0.05,2.16,3.81,2.16,19
475,475.00,-7.04,0.61,0.05,1.50,3.74,1.50,19
476,476.00,-7.00,0.60,0.04,1.43,3.93,1.43,19
477,477.00,-7.07,0.59,0.06,1.94,4.43,1.94,19
478,478.00,-7.38,0.48,0.33,2.59,5.39,2.59,19
479,479.00,-7.60,0.27,0.31,2.94,6.39,2.94,19
480,480.00,-7.48,0.32,0.13,2.19,5.62,2.19,19
481,481.00,-7.55,0.21,0.13,1.54,5.03,1.54,19
482,482.00,-7.62,0.17,0.07,1.59,4.56,1.59,19
483,483.00,-7.62,0.17,0.00,2.17,4.16,2.17,19
484,484.00,-7.62,0.17,0.00,2.97,4.00,2.97,19
485,485.00,-7.62,0.18,0.00,3.89,4.09,3.89,19
486,486.00,-7.70,0.20,0.08,4.85,4.47,4.47,19
487,487.00,-7.70,0.21,0.01,5.83,4.96,4.96,19
488,488.00,-7.70,0.21,0.00,5.93,5.60,5.60,19
489,489.00,-7.70,0.21,0.00,5.00,6.30,5.00,19
490,490.00,-7.70,0.21,0.00,4.03,6.28,4.03,19
491,491.00,-7.70,0.21,0.00,3.15,5.55,3.15,19
492,492.00,-7.70,0.21,0.00,2.31,4.94,2.31,19
493,493.00,-7.70,0.21,0.00,1.71,4.45,1.71,19
494,494.00,-7.70,0.21,0.00,1.58,4.15,1.58,19
495,495.00,-7.70,0.21,0.00,2.01,4.09,2.01,19
496,496.00,-7.70,0.21,0.00,2.73,4.26,2.73,19
497,497.00,-7.69,0.22,0.01,2.37,4.63,2.37,19
498,498.00,-7.67,0.27,0.06,1.80,5.17,1.80,19
499,499.00,-7.69,0.22,0.05,1.57,5.85,1.57,19
500,500.00,-7.69,0.22,0.01,1.97,6.44,1.97,19
501,501.00,-7.69,0.22,0.00,2.69,5.70,2.69,19
502,502.00,-7.69,0.22,0.00,3.57,5.05,3.57,19
503,503.00,-7.69,0.22,0.00,4.49,4.53,4.49,19
504,504.00,-7.69,0.22,0.00,5.44,4.20,4.20,19
505,505.00,-7.69,0.22,0.00,6.31,4.08,4.08,19
506,506.00,-7.69,0.22,0.00,5.38,4.20,4.20,19
507,507.00,-7.67,0.29,0.08,4.34,4.60,4.34,19
508,508.00,-7.67,0.39,0.10,3.43,5.23,3.43,19
509,509.00,-7.67,0.41,0.02,2.58,5.89,2.58,19
510,510.00,-7.67,0.41,0.00,1.93,6.65,1.93,19
511,511.00,-7.67,0.41,0.00,1.68,6.35,1.68,19
512,512.00,-7.67,0.41,0.00,1.97,5.61,1.97,19
513,513.00,-7.67,0.41,0.00,2.61,5.00,2.61,19
514,514.00,-7.67,0.28,0.13,2.75,4.42,2.75,19
515,515.00,-7.59,0.32,0.08,2.07,4.11,2.07,19
516,516.00,-7.46,0.34,0.13,1.55,3.95,1.55,19
517,517.00,-7.48,0.32,0.03,1.60,4.14,1.60,19
518,518.00,-7.62,0.27,0.14,2.29,4.66,2.29,19
519,519.00,-7.64,0.22,0.05,3.16,5.24,3.16,19
520,520.00,-7.69,0.21,0.06,4.11,6.01,4.11,19
521,521.00,-7.69,0.21,0.00,5.07,6.32,5.07,19
522,522.00,-7.69,0.21,0.00,6.02,5.58,5.58,19
523,523.00,-7.69,0.21,0.00,5.77,4.95,4.95,19
524,524.00,-7.69,0.21,0.00,4.78,4.45,4.45,19
525,525.00,-7.69,0.21,0.00,3.87,4.16,3.87,19
526,526.00,-7.69,0.21,0.00,2.96,4.08,2.96,19
527,527.00,-7.69,0.21,0.00,2.17,4.25,2.17,19
528,528.00,-7.69,0.21,0.00,1.64,4.62,1.64,19
529,529.00,-7.69,0.21,0.00,1.62,5.18,1.62,19
530,530.00,-7.66,0.22,0.03,2.14,5.85,2.14,19
531,531.00,-7.62,0.22,0.04,2.96,6.59,2.96,19
532,532.00,-7.57,0.22,0.05,2.26,5.99,2.26,19
533,533.00,-7.52,0.23,0.05,1.61,5.28,1.61,19
534,534.00,-7.47,0.23,0.05,1.43,4.65,1.43,19
535,535.00,-7.42,0.23,0.05,1.81,4.16,1.81,19
536,536.00,-7.53,0.22,0.11,2.71,3.97,2.71,19
537,537.00,-7.64,0.21,0.11,3.69,4.07,3.69,19
538,538.00,-7.69,0.21,0.06,4.69,4.37,4.37,19
539,539.00,-7.70,0.21,0.00,5.63,4.84,4.84,19
540,540.00,-7.70,0.21,0.00,6.17,5.43,5.43,19
541,541.00,-7.70,0.21,0.00,5.16,6.16,5.16,19
542,542.00,-7.70,0.21,0.00,4.25,6.17,4.25,19
543,543.00,-7.70,0.21,0.00,3.31,5.49,3.31,19
544,544.00,-7.70,0.21,0.00,2.47,4.85,2.47,19
545,545.00,-7.70,0.21,0.00,1.80,4.41,1.80,19
546,546.00,-7.70,0.21,0.00,1.55,4.13,1.55,19
547,547.00,-7.70,0.21,0.00,1.88,4.10,1.88,19
548,548.00,-7.69,0.21,0.00,2.60,4.30,2.60,19
549,549.00,-7.69,0.22,0.01,2.52,4.72,2.52,19
550,550.00,-7.67,0.26,0.05,1.88,5.33,1.88,19
551,551.00,-7.68,0.23,0.03,1.56,6.01,1.56,19
552,552.00,-7.69,0.22,0.02,1.83,6.64,1.83,19
553,553.01,-7.69,0.22,0.00,2.54,5.91,2.54,19
554,554.00,-7.69,0.22,0.00,3.37,5.21,3.37,19
555,555.00,-7.69,0.22,0.00,4.31,4.66,4.31,19
556,556.00,-7.69,0.22,0.00,5.25,4.26,4.26,19
557,557.58,-7.00,0.82,0.58,5.08,3.83,3.83,19
558,558.00,-7.00,0.80,0.06,4.66,3.78,3.78,19
559,559.00,-7.00,0.76,0.04,3.78,3.88,3.78,19
560,560.00,-6.85,0.59,0.22,2.75,4.08,2.75,19
561,561.00,-6.63,0.04,0.60,1.80,4.58,1.80,19
562,562.00,-6.72,-0.58,0.63,1.23,5.69,1.23,19
563,563.00,-6.97,-1.24,0.71,0.79,5.99,0.79,19
564,564.00,-7.25,-1.89,0.70,0.54,5.69,0.54,19
565,565.00,-7.54,-2.52,0.69,0.54,5.41,0.54,19
566,566.00,-7.81,-3.11,0.65,0.78,5.03,0.78,19
567,567.00,-7.94,-3.45,0.37,1.63,4.48,1.63,19
568,568.00,-7.99,-3.61,0.16,2.66,3.76,2.66,19
569,569.00,-8.00,-3.68,0.07,3.63,3.09,3.09,20
570,570.00,-7.96,-3.68,0.03,4.62,2.54,2.54,20
571,571.00,-7.92,-3.68,0.05,5.54,2.31,2.31,20
572,572.00,-7.60,-3.97,0.44,6.61,2.11,2.11,20
573,573.00,-7.08,-4.24,0.58,7.53,2.00,2.00,20
574,574.00,-6.47,-4.26,0.61,8.18,1.12,1.12,20
575,575.00,-5.89,-4.03,0.63,7.82,0.48,0.48,20
576,576.00,-5.61,-3.81,0.35,6.60,0.45,0.45,20
577,577.00,-5.67,-3.88,0.09,5.78,1.47,1.47,20
578,578.00,-5.56,-3.75,0.16,4.79,2.32,2.32,20
579,579.00,-5.47,-3.60,0.19,3.86,3.12,3.12,20
580,580.00,-5.29,-3.27,0.37,2.96,3.75,2.96,20
581,581.00,-5.06,-2.68,0.63,2.37,4.13,2.37,20
582,582.00,-5.10,-2.11,0.57,2.48,4.66,2.48,20
583,583.00,-5.21,-1.86,0.28,3.12,5.56,3.12,20
584,584.00,-5.29,-1.74,0.14,2.65,4.87,2.65,20
585,585.00,-5.33,-1.69,0.06,1.88,3.87,1.88,20
586,586.00,-5.37,-1.66,0.06,1.42,2.94,1.42,20
587,587.00,-5.41,-1.63,0.05,1.58,2.07,1.58,21
588,588.00,-5.41,-1.61,0.02,2.23,1.37,1.37,21
589,589.00,-5.42,-1.53,0.08,3.05,1.28,1.28,21
590,590.00,-5.45,-1.52,0.03,3.97,1.87,1.87,21
591,591.00,-5.42,-1.51,0.03,4.89,2.68,2.68,21
592,592.00,-5.29,-1.37,0.19,5.60,3.78,3.78,21
593,593.00,-5.36,-1.49,0.13,4.77,4.61,4.61,21
594,594.00,-5.39,-1.58,0.10,3.90,4.66,3.90,21
595,595.00,-5.41,-1.59,0.02,3.01,3.67,3.01,21
596,596.00,-5.39,-1.58,0.02,2.14,2.76,2.14,21
597,597.00,-5.24,-1.26,0.36,1.25,2.19,1.25,21
598,598.00,-4.80,-0.81,0.63,1.72,1.80,1.72,21
599,599.00,-4.57,-0.65,0.28,2.84,1.20,1.20,21
600,600.00,-4.42,-0.58,0.17,3.92,0.86,0.86,21
601,601.00,-4.33,-0.55,0.09,4.30,1.33,1.33,21
602,602.00,-4.30,-0.52,0.05,3.41,2.19,2.19,21
603,603.00,-4.21,-0.46,0.10,2.62,3.05,2.62,21
604,604.00,-4.24,-0.49,0.04,1.79,4.04,1.79,21
605,605.00,-4.25,-0.50,0.01,1.35,3.06,1.35,21
606,606.00,-4.25,-0.52,0.01,1.57,2.12,1.57,21
607,607.00,-4.24,-0.53,0.01,2.27,1.21,1.21,21
608,608.00,-4.25,-0.54,0.02,3.12,0.73,0.73,21
609,609.00,-4.26,-0.55,0.01,4.08,1.23,1.23,21
610,610.00,-4.26,-0.55,0.00,3.81,2.12,2.12,21
611,611.00,-4.26,-0.54,0.01,2.88,3.05,2.88,21
612,612.00,-4.26,-0.54,0.00,2.05,4.07,2.05,21
613,613.00,-4.26,-0.57,0.03,1.47,5.01,1.47,21
614,614.00,-4.34,-0.58,0.08,1.38,5.97,1.38,21
615,615.00,-4.37,-0.59,0.03,1.86,5.74,1.86,21
616,616.00,-4.37,-0.59,0.00,2.70,4.76,2.70,21
617,617.00,-4.36,-0.58,0.01,3.59,3.77,3.59,21
618,618.00,-4.35,-0.59,0.01,4.53,2.83,2.83,21
619,619.00,-4.35,-0.59,0.00,3.70,1.86,1.86,21
620,620.00,-4.35,-0.59,0.00,2.81,1.05,1.05,21
621,621.01,-4.35,-0.59,0.00,1.97,0.85,0.85,21
622,622.00,-4.40,-0.57,0.05,1.36,1.57,1.36,21
623,623.00,-4.43,-0.55,0.04,1.37,2.47,1.37,21
624,624.00,-4.46,-0.53,0.03,1.99,3.45,1.99,21
625,625.00,-4.48,-0.51,0.03,2.80,4.02,2.80,21
626,626.00,-4.48,-0.50,0.01,3.76,3.05,3.05,21
627,627.00,-4.48,-0.49,0.01,4.26,2.12,2.12,21
628,628.00,-4.46,-0.54,0.05,3.32,1.32,1.32,21
629,629.00,-4.42,-0.60,0.07,2.46,0.85,0.85,21
630,630.00,-4.42,-0.60,0.01,1.68,1.33,1.33,21
631,631.00,-4.41,-0.60,0.00,1.29,2.22,1.29,21
632,632.00,-4.41,-0.60,0.00,1.56,3.16,1.56,21
633,633.00,-4.41,-0.60,0.00,2.30,4.12,2.30,21
634,634.00,-4.41,-0.60,0.00,3.15,5.12,3.15,21
635,635.00,-4.41,-0.60,0.00,4.12,6.07,4.12,21
636,636.00,-4.39,-0.58,0.04,4.06,5.56,4.06,21
637,637.00,-4.36,-0.58,0.03,3.18,4.58,3.18,21
638,638.01,-4.33,-0.57,0.03,2.31,3.65,2.31,21
639,639.00,-4.32,-0.57,0.01,1.61,2.65,1.61,21
640,640.00,-4.35,-0.57,0.02,1.33,1.73,1.33,21
641,641.00,-4.37,-0.57,0.03,1.73,0.96,0.96,21
642,642.00,-4.34,-0.52,0.06,2.41,0.92,0.92,21
643,643.00,-4.35,-0.52,0.01,3.34,1.64,1.64,21
644,644.00,-4.33,-0.52,0.02,4.24,2.56,2.56,21
645,645.00,-4.34,-0.52,0.01,3.62,3.48,3.48,21
646,646.00,-4.35,-0.56,0.04,2.75,3.79,2.75,21
647,647.00,-4.36,-0.61,0.05,1.98,2.89,1.98,21
648,648.00,-4.36,-0.66,0.05,1.46,1.95,1.46,21
649,649.00,-4.37,-0.71,0.05,1.47,1.13,1.13,21
650,650.00,-4.38,-0.76,0.05,2.02,0.74,0.74,21
651,651.00,-4.39,-0.81,0.05,2.76,1.28,1.28,21
652,652.00,-4.38,-0.74,0.07,3.72,2.25,2.25,21
653,653.00,-4.41,-0.74,0.03,4.35,3.22,3.22,21
654,654.00,-4.42,-0.74,0.02,3.43,4.18,3.43,21
655,655.00,-4.42,-0.74,0.01,2.53,5.13,2.53,21
656,656.00,-4.43,-0.74,0.01,1.78,6.05,1.78,21
657,657.00,-4.43,-0.74,0.00,1.39,5.24,1.39,21
658,658.00,-4.42,-0.74,0.01,1.65,4.24,1.65,21
659,659.00,-4.41,-0.60,0.14,2.20,3.40,2.20,21
660,660.00,-4.38,-0.56,0.05,3.03,2.47,2.47,21
661,661.00,-4.41,-0.56,0.03,3.94,1.57,1.57,21
662,662.00,-4.42,-0.59,0.03,4.09,0.90,0.90,21
663,663.00,-4.44,-0.60,0.02,3.18,1.13,1.13,21
664,664.00,-4.44,-0.60,0.00,2.33,1.91,1.91,21
665,665.00,-4.43,-0.60,0.01,1.57,2.85,1.57,21
666,666.00,-4.43,-0.54,0.06,1.24,3.78,1.24,21
667,667.00,-4.40,-0.52,0.04,1.71,3.65,1.71,21
668,668.00,-4.38,-0.46,0.06,2.53,2.62,2.53,21
669,669.00,-4.41,-0.46,0.03,3.44,1.74,1.74,21
670,670.00,-4.43,-0.46,0.02,4.36,1.03,1.03,21
671,671.00,-4.41,-0.52,0.07,3.90,0.99,0.99,21
672,672.00,-4.45,-0.59,0.07,2.88,1.62,1.62,21
673,673.00,-4.44,-0.60,0.02,2.05,2.54,2.05,21
674,674.00,-4.44,-0.60,0.00,1.41,3.47,1.41,21
675,675.00,-4.44,-0.60,0.00,1.34,4.48,1.34,21
676,676.00,-4.43,-0.60,0.00,1.89,5.45,1.89,21
677,677.00,-4.41,-0.57,0.03,2.70,6.18,2.70,21
678,678.00,-4.39,-0.57,0.02,3.56,5.20,3.56,21
679,679.00,-4.45,-0.57,0.06,4.48,4.21,4.21,21
680,680.00,-4.43,-0.57,0.02,3.52,3.23,3.23,21
681,681.00,-4.40,-0.63,0.06,2.66,2.27,2.27,21
682,682.00,-4.40,-0.60,0.03,1.83,1.38,1.38,21
683,683.00,-4.41,-0.61,0.01,1.34,0.84,0.84,21
684,684.00,-4.41,-0.59,0.02,1.47,1.20,1.20,21
685,685.00,-4.40,-0.58,0.02,2.15,2.05,2.05,21
686,686.00,-4.40,-0.56,0.02,3.04,2.96,2.96,21
687,687.00,-4.39,-0.56,0.01,3.96,3.94,3.94,21
688,688.00,-4.40,-0.55,0.01,4.29,3.47,3.47,21
689,689.00,-4.43,-0.54,0.03,3.28,2.51,2.51,21
690,690.00,-4.43,-0.54,0.01,2.40,1.63,1.63,21
691,691.00,-4.39,-0.55,0.05,1.66,0.93,0.93,21
692,692.00,-4.39,-0.55,0.00,1.28,1.06,1.06,21
693,693.00,-4.39,-0.55,0.00,1.57,1.82,1.57,21
694,694.00,-4.39,-0.55,0.00,2.32,2.77,2.32,21
695,695.00,-4.39,-0.55,0.00,3.19,3.73,3.19,21
696,696.00,-4.39,-0.55,0.00,4.15,4.70,4.15,21
697,697.00,-4.37,-0.55,0.01,3.85,5.71,3.85,21
698,698.00,-4.37,-0.55,0.00,2.93,6.04,2.93,21
699,699.00,-4.37,-0.55,0.00,2.07,5.04,2.07,21
700,700.00,-4.37,-0.55,0.00,1.44,4.07,1.44,21
701,701.00,-4.37,-0.54,0.01,1.33,3.14,1.33,21
702,702.00,-4.36,-0.48,0.07,1.89,2.23,1.89,21
703,703.00,-4.36,-0.41,0.07,2.75,1.44,1.44,21
704,704.00,-4.36,-0.40,0.02,3.68,0.90,0.90,21
705,705.00,-4.38,-0.37,0.04,4.63,1.26,1.26,21
706,706.00,-4.38,-0.36,0.01,3.77,2.08,2.08,21
707,707.00,-4.36,-0.44,0.08,2.87,3.03,2.87,21
708,708.00,-4.37,-0.49,0.06,1.95,4.05,1.95,21
709,709.00,-4.37,-0.53,0.03,1.36,3.26,1.36,21
710,710.66,-7.00,0.82,1.78,2.64,4.13,2.64,21
711,711.00,-7.00,0.81,0.02,2.92,4.01,2.92,21
712,712.00,-7.00,0.80,0.02,3.81,3.79,3.79,21
713,713.00,-7.00,0.80,0.00,4.77,3.83,3.83,21
714,714.00,-7.00,0.79,0.00,5.23,4.13,4.13,21
715,715.00,-7.00,0.79,0.00,4.27,4.62,4.27,21
716,716.00,-7.00,0.79,0.00,3.37,5.27,3.37,21
717,717.00,-7.00,0.80,0.01,2.54,6.01,2.54,21
718,718.00,-7.00,0.79,0.01,1.81,6.77,1.81,21
719,719.00,-6.74,0.75,0.27,1.29,6.73,1.29,21
720,720.00,-6.39,0.75,0.34,1.75,5.90,1.75,21
721,721.00,-6.27,0.80,0.13,2.71,5.10,2.71,21
722,722.00,-6.20,0.82,0.07,3.69,4.36,3.69,21
723,723.00,-6.17,0.83,0.04,3.64,3.74,3.64,21
724,724.00,-6.16,0.84,0.01,2.74,3.26,2.74,21
725,725.00,-6.16,0.82,0.02,1.78,3.06,1.78,21
726,726.00,-6.16,0.79,0.03,1.04,3.19,1.04,21
727,727.00,-6.16,0.77,0.02,1.03,3.60,1.03,21
728,728.00,-6.21,0.78,0.05,1.81,4.28,1.81,21
729,729.00,-6.26,0.79,0.05,2.74,4.91,2.74,21
730,730.00,-6.31,0.80,0.05,3.75,4.26,3.75,21
731,731.00,-6.36,0.81,0.05,4.76,3.70,3.70,21
732,732.00,-6.41,0.82,0.05,4.10,3.38,3.38,21
733,733.00,-6.45,0.82,0.05,3.20,3.32,3.20,21
734,734.00,-6.46,0.83,0.01,2.34,3.52,2.34,21
735,735.00,-6.47,0.82,0.02,1.54,3.95,1.54,21
736,736.00,-6.15,0.85,0.32,0.98,4.53,0.98,21
737,737.00,-6.01,0.96,0.17,1.70,5.37,1.70,21
738,738.00,-5.88,1.18,0.25,2.84,6.48,2.84,21
739,739.00,-5.84,1.22,0.07,3.84,7.43,3.84,21
740,740.00,-5.84,1.23,0.00,4.55,7.12,4.55,21
741,741.00,-5.85,1.21,0.03,3.56,6.17,3.56,21
742,742.00,-5.90,1.21,0.05,2.58,5.34,2.58,21
743,743.00,-5.97,1.22,0.08,1.73,4.56,1.73,21
744,744.00,-6.34,1.56,0.50,1.63,4.35,1.63,21
745,745.00,-6.87,1.77,0.58,2.32,4.37,2.32,21
746,746.00,-7.39,1.65,0.53,3.38,4.55,3.38,21
747,747.00,-7.61,1.46,0.29,4.41,4.80,4.41,21
748,748.00,-7.71,1.32,0.17,5.41,5.25,5.25,21
749,749.00,-7.75,1.25,0.08,5.59,5.82,5.59,21
750,750.00,-7.77,1.21,0.05,4.71,6.14,4.71,21
751,751.00,-7.78,1.20,0.01,3.88,5.54,3.88,21
752,752.00,-7.76,1.18,0.03,3.12,5.06,3.12,21
753,753.00,-7.74,1.16,0.03,2.54,4.71,2.54,21
754,754.00,-7.74,1.15,0.01,2.26,4.59,2.26,21
755,755.00,-7.75,1.15,0.01,2.43,4.69,2.43,21
756,756.00,-7.75,1.15,0.01,2.93,5.00,2.93,21
757,757.00,-7.74,1.15,0.01,3.67,5.44,3.67,21
758,758.00,-7.74,1.15,0.00,3.30,6.06,3.30,21
759,759.00,-7.74,1.15,0.00,2.65,6.74,2.65,21
760,760.00,-7.74,1.15,0.00,2.29,7.52,2.29,21
761,761.00,-7.75,1.15,0.01,2.34,6.96,2.34,21
762,762.00,-7.76,1.15,0.01,2.79,6.23,2.79,21
763,763.00,-7.76,1.15,0.00,3.45,5.61,3.45,21
764,764.00,-7.76,1.15,0.00,4.28,5.13,4.28,21
765,765.00,-7.76,1.15,0.00,5.15,4.76,4.76,21
766,766.00,-7.74,1.15,0.02,5.94,4.60,4.60,21
767,767.00,-7.74,1.15,0.01,5.04,4.66,4.66,21
768,768.00,-7.74,1.15,0.00,4.19,4.93,4.19,21
769,769.00,-7.75,1.15,0.01,3.38,5.37,3.38,21
770,770.00,-7.69,1.15,0.06,2.69,5.90,2.69,21
771,771.00,-7.69,1.15,0.00,2.28,5.96,2.28,21
772,772.00,-7.77,1.16,0.08,2.34,5.43,2.34,21
773,773.00,-7.77,1.16,0.00,2.70,4.99,2.70,21
774,774.00,-7.79,1.13,0.03,3.34,4.72,3.34,21
775,775.00,-7.83,1.17,0.06,3.61,4.68,3.61,21
776,776.00,-7.83,1.16,0.01,2.90,4.80,2.90,21
777,777.00,-7.82,1.14,0.02,2.43,5.11,2.43,21
778,778.00,-7.82,1.13,0.01,2.32,5.58,2.32,21
779,779.00,-7.82,1.12,0.02,2.63,6.18,2.63,21
780,780.00,-7.82,1.10,0.02,3.21,6.86,3.21,21
781,781.00,-7.83,1.10,0.01,4.03,7.55,4.03,21
782,782.00,-7.82,1.10,0.02,4.86,6.78,4.86,21
783,783.00,-7.82,1.10,0.01,5.77,6.12,5.77,21
784,784.00,-7.82,1.10,0.00,5.50,5.50,5.50,21
785,785.00,-7.82,1.10,0.00,4.62,5.03,4.62,21
786,786.00,-7.82,1.10,0.00,3.77,4.74,3.77,21
787,787.00,-7.82,1.10,0.00,3.04,4.64,3.04,21
788,788.00,-7.83,1.10,0.00,2.49,4.76,2.49,21
789,789.00,-7.84,1.10,0.01,2.30,5.09,2.30,21
790,790.00,-7.83,1.10,0.01,2.48,5.56,2.48,21
791,791.00,-7.83,1.10,0.00,3.04,6.18,3.04,21
792,792.00,-7.84,1.10,0.01,3.74,5.99,3.74,21
793,793.00,-7.82,1.07,0.04,3.07,5.42,3.07,21
794,794.00,-7.82,1.09,0.02,2.52,4.96,2.52,21
795,795.00,-7.83,1.10,0.01,2.29,4.71,2.29,21
796,796.00,-7.83,1.10,0.00,2.46,4.65,2.46,21
797,797.00,-7.83,1.10,0.01,2.98,4.81,2.98,21
798,798.00,-7.84,1.11,0.01,3.71,5.16,3.71,21
799,799.00,-7.85,1.16,0.05,4.53,5.72,4.53,21
800,800.00,-7.85,1.21,0.05,5.40,6.39,5.40,21
801,801.00,-7.86,1.26,0.05,5.85,7.16,5.85,21
802,802.00,-7.87,1.31,0.05,4.98,7.62,4.98,21
803,803.01,-7.88,1.36,0.05,4.12,6.94,4.12,21
804,804.00,-7.89,1.39,0.03,3.40,6.27,3.40,21
805,805.00,-7.86,1.27,0.12,2.76,5.58,2.76,21
806,806.00,-7.84,1.21,0.06,2.40,5.06,2.40,21
807,807.00,-7.83,1.19,0.02,2.43,4.76,2.43,21
808,808.00,-7.82,1.17,0.02,2.86,4.68,2.86,21
809,809.00,-7.83,1.15,0.03,3.48,4.82,3.48,21
810,810.00,-7.84,1.15,0.01,3.43,5.15,3.43,21
811,811.00,-7.83,1.14,0.01,2.77,5.65,2.77,21
812,812.00,-7.81,1.14,0.01,2.37,6.24,2.37,21
813,813.00,-7.82,1.14,0.00,2.36,5.85,2.36,21
814,814.00,-7.83,1.14,0.01,2.74,5.32,2.74,21
815,815.00,-7.83,1.14,0.00,3.40,4.92,3.40,21
816,816.00,-7.82,1.14,0.01,4.17,4.69,4.17,21
817,817.00,-7.83,1.14,0.01,5.04,4.69,4.69,21
818,818.00,-7.83,1.14,0.00,5.95,4.89,4.89,21
819,819.00,-7.83,1.14,0.00,5.34,5.27,5.27,21
820,820.00,-7.81,1.14,0.01,4.42,5.77,4.42,21
821,821.00,-7.81,1.14,0.00,3.62,6.44,3.62,21
822,822.00,-7.83,1.14,0.02,2.92,7.15,2.92,21
823,823.00,-7.82,1.14,0.01,2.44,7.30,2.44,21
824,824.00,-7.83,1.14,0.00,2.33,6.57,2.33,21
825,825.00,-7.83,1.14,0.00,2.62,5.92,2.62,21
826,826.81,-7.00,0.83,0.49,3.73,4.27,3.73,21
827,827.00,-7.00,0.82,0.02,3.64,4.18,3.64,21
828,828.00,-6.99,0.76,0.06,2.70,3.81,2.70,21
829,829.00,-6.88,0.65,0.15,1.85,3.61,1.85,21
830,830.00,-6.83,0.56,0.10,1.23,3.77,1.23,21
831,831.00,-6.66,0.38,0.24,1.21,4.08,1.21,21
832,832.00,-6.66,0.37,0.02,2.00,4.74,2.00,21
833,833.00,-6.66,0.36,0.01,2.92,5.53,2.92,21
834,834.00,-6.66,0.35,0.01,3.87,4.77,3.87,21
835,835.00,-6.63,0.02,0.33,5.02,4.10,4.10,21
836,836.00,-6.78,-0.64,0.68,5.69,3.73,3.73,21
837,837.00,-6.95,-1.31,0.69,5.23,3.39,3.39,21
838,838.00,-7.04,-1.99,0.69,4.80,2.93,2.93,21
839,839.00,-6.90,-2.64,0.66,4.24,2.30,2.30,21
840,840.00,-6.59,-3.21,0.65,3.68,1.49,1.49,21
841,841.00,-6.33,-3.45,0.36,3.05,1.13,1.13,21
842,842.00,-6.05,-3.48,0.27,2.50,1.73,1.73,21
843,843.00,-5.79,-3.46,0.27,2.43,2.74,2.43,21
844,844.00,-5.67,-3.43,0.12,2.78,2.65,2.65,21
845,845.00,-5.63,-3.40,0.05,2.62,1.69,1.69,21
846,846.01,-5.48,-3.33,0.17,2.54,0.86,0.86,22
847,847.00,-5.22,-3.25,0.27,2.78,0.20,0.20,22
848,848.00,-5.13,-3.23,0.10,3.20,0.98,0.98,22
849,849.01,-5.22,-3.25,0.09,3.86,2.01,2.01,22
850,850.00,-5.22,-3.25,0.00,4.64,3.04,3.04,22
851,851.00,-5.22,-3.25,0.00,5.50,4.02,4.02,22
852,852.00,-5.23,-3.25,0.01,6.38,5.05,5.05,22
853,853.00,-5.24,-3.25,0.01,7.18,6.05,6.05,22
854,854.00,-5.25,-3.24,0.02,6.29,6.69,6.29,22
855,855.00,-5.23,-3.05,0.18,5.24,5.50,5.24,22
856,856.00,-5.21,-2.79,0.26,4.14,4.32,4.14,22
857,857.00,-5.21,-2.62,0.17,3.16,3.16,3.16,22
858,858.00,-5.22,-2.51,0.11,2.45,2.11,2.11,22
859,859.00,-5.24,-2.45,0.07,2.08,1.20,1.20,22
860,860.00,-5.26,-2.35,0.10,2.17,0.69,0.69,22
861,861.00,-5.33,-2.23,0.15,2.67,1.40,1.40,22
862,862.00,-5.44,-1.93,0.32,2.81,2.59,2.59,22
863,863.00,-5.35,-1.35,0.59,2.20,4.10,2.20,22
864,864.00,-5.03,-0.78,0.66,1.76,5.72,1.76,22
865,865.00,-4.74,-0.54,0.38,1.33,5.50,1.33,22
866,866.00,-4.54,-0.51,0.19,1.14,4.64,1.14,22
867,867.00,-4.45,-0.54,0.10,1.56,3.63,1.56,22
868,868.00,-4.35,-0.58,0.11,2.34,2.68,2.34,22
869,869.00,-3.91,-0.62,0.44,3.11,1.80,1.80,22
870,870.00,-3.48,-0.47,0.45,3.71,1.06,1.06,22
871,871.00,-3.05,-0.10,0.58,3.00,0.63,0.63,22
872,872.00,-2.82,0.41,0.56,1.87,0.16,0.16,22
873,873.00,-2.93,0.90,0.51,1.29,0.56,0.56,22
874,874.00,-3.15,1.19,0.36,1.69,1.50,1.50,22
875,875.01,-3.48,1.74,0.64,2.57,1.78,1.78,22
876,876.00,-3.82,2.26,0.63,3.72,1.77,1.77,22
877,877.00,-4.25,2.49,0.48,4.61,2.45,2.45,22
878,878.00,-4.86,2.46,0.62,5.24,3.20,3.20,22
879,879.00,-5.50,2.24,0.68,5.67,3.84,3.84,22
880,880.00,-6.11,1.86,0.71,4.21,4.31,4.21,22
881,881.00,-6.65,1.42,0.70,2.76,4.73,2.76,22
882,882.00,-7.08,0.99,0.61,1.79,5.10,1.79,22
883,883.00,-7.30,0.67,0.39,1.81,5.50,1.81,22
884,884.00,-7.50,0.30,0.41,2.67,5.94,2.67,22
885,885.00,-7.71,0.02,0.35,3.83,6.44,3.83,22
886,886.00,-7.82,-0.07,0.15,4.92,5.72,4.92,22
887,887.00,-7.89,-0.12,0.08,5.94,5.04,5.04,22
888,888.00,-7.91,-0.14,0.03,6.47,4.54,4.54,22
889,889.00,-7.94,-0.15,0.03,5.54,4.21,4.21,22
890,890.00,-7.99,-0.13,0.06,4.62,4.17,4.17,22
891,891.00,-8.00,-0.10,0.03,3.69,4.33,3.69,22
892,892.00,-8.05,-0.06,0.06,2.88,4.73,2.88,22
893,893.00,-8.03,-0.05,0.03,2.08,5.22,2.08,22
894,894.00,-7.99,-0.11,0.07,1.57,5.84,1.57,22
895,895.00,-8.00,-0.10,0.02,1.67,6.56,1.67,22
896,896.00,-8.03,-0.09,0.03,2.26,6.54,2.26,22
897,897.00,-8.07,-0.11,0.05,2.17,5.87,2.17,22
898,898.00,-8.07,-0.15,0.03,1.61,5.22,1.61,22
899,899.00,-8.07,-0.10,0.04,1.65,4.71,1.65,22
900,900.00,-8.04,-0.07,0.04,2.16,4.36,2.16,22
901,901.00,-8.01,-0.10,0.04,2.91,4.20,2.91,22
902,902.00,-8.00,-0.10,0.01,3.78,4.30,3.78,22
903,903.00,-8.00,-0.10,0.00,4.71,4.65,4.65,22
904,904.00,-8.00,-0.13,0.03,5.66,5.13,5.13,22
905,905.00,-8.00,-0.15,0.02,6.66,5.73,5.73,22
906,906.00,-8.01,-0.15,0.01,6.00,6.28,6.00,22
907,907.00,-8.01,-0.15,0.00,5.01,5.59,5.01,22
908,908.00,-8.02,-0.15,0.01,4.09,4.97,4.09,22
909,909.00,-8.01,-0.15,0.01,3.21,4.50,3.21,22
910,910.00,-8.01,-0.15,0.00,2.34,4.22,2.34,22
911,911.01,-8.01,-0.15,0.00,1.71,4.18,1.71,22
912,912.00,-8.01,-0.15,0.00,1.52,4.36,1.52,22
913,913.00,-8.01,-0.15,0.00,1.92,4.76,1.92,22
914,914.00,-8.01,-0.15,0.00,2.44,5.30,2.44,22
915,915.00,-8.01,-0.15,0.00,1.75,5.99,1.75,22
916,916.00,-8.00,-0.14,0.01,1.51,6.74,1.51,22
917,917.00,-8.00,-0.14,0.01,1.86,6.41,1.86,22
918,918.00,-8.00,-0.14,0.00,2.57,5.66,2.57,22
919,919.00,-8.01,-0.14,0.02,3.44,5.06,3.44,22
920,920.00,-8.00,-0.14,0.02,4.34,4.55,4.34,22
921,921.00,-8.01,-0.15,0.01,5.28,4.25,4.25,22
922,922.00,-8.01,-0.15,0.00,6.28,4.17,4.17,22
923,923.00,-8.02,-0.15,0.01,6.39,4.33,4.33,22
924,924.00,-8.00,-0.15,0.01,5.40,4.67,4.67,22
925,925.00,-8.01,-0.15,0.01,4.46,5.22,4.46,22
926,926.00,-8.02,-0.10,0.05,3.54,5.93,3.54,22
927,927.00,-8.02,-0.05,0.05,2.66,6.24,2.66,22
928,928.00,-8.03,-0.00,0.05,1.99,5.60,1.99,22
929,929.00,-8.02,0.02,0.02,1.64,5.05,1.64,22
930,930.00,-8.02,0.02,0.00,1.87,4.58,1.87,22
931,931.00,-8.03,0.02,0.00,2.50,4.33,2.50,22
932,932.00,-8.03,0.02,0.00,2.16,4.29,2.16,22
933,933.00,-8.03,0.02,0.00,1.70,4.48,1.70,22
934,934.00,-8.03,0.02,0.00,1.75,4.87,1.75,22
935,935.00,-8.04,0.02,0.00,2.30,5.43,2.30,22
936,936.00,-8.06,0.03,0.02,3.10,6.12,3.10,22
937,937.00,-8.15,-0.19,0.23,4.14,7.04,4.14,23
938,938.00,-8.34,-0.37,0.26,5.29,6.65,5.29,23
939,939.00,-8.39,-0.40,0.06,6.34,6.02,6.02,23
940,940.00,-8.39,-0.40,0.00,7.21,5.35,5.35,23
941,941.00,-8.39,-0.39,0.01,6.24,4.86,4.86,23
942,942.00,-8.39,-0.37,0.02,5.28,4.52,4.52,23
943,943.00,-8.41,-0.41,0.05,4.38,4.39,4.38,23
944,944.00,-8.44,-0.64,0.23,3.55,4.35,3.55,23
945,945.00,-8.35,-0.93,0.31,2.68,4.33,2.68,23
946,946.00,-7.99,-1.41,0.60,1.55,4.16,1.55,23
947,947.00,-7.70,-1.59,0.34,0.43,4.54,0.43,23
948,948.00,-7.84,-1.54,0.15,0.65,4.65,0.65,23
949,949.00,-7.83,-1.56,0.02,0.94,3.98,0.94,23
950,950.00,-7.36,-1.74,0.51,0.14,3.09,0.14,23
951,951.00,-6.90,-1.63,0.47,0.61,2.55,0.61,23
952,952.00,-6.88,-1.62,0.02,1.53,2.48,1.53,23
953,953.00,-6.93,-1.66,0.06,2.55,2.84,2.55,23
954,954.00,-6.56,-1.45,0.42,3.18,3.06,3.06,23
955,955.00,-6.45,-1.26,0.22,3.91,3.63,3.63,23
956,956.00,-6.50,-1.13,0.14,4.88,4.43,4.43,24
957,957.00,-6.55,-1.08,0.07,5.85,5.32,5.32,24
958,958.00,-6.57,-1.06,0.03,5.58,6.11,5.58,24
959,959.00,-6.57,-1.04,0.02,4.56,5.17,4.56,24
960,960.00,-6.58,-1.06,0.02,3.61,4.34,3.61,24
961,961.00,-6.61,-1.09,0.04,2.62,3.60,2.62,24
962,962.00,-6.98,-1.23,0.40,2.00,3.34,2.00,24
963,963.00,-7.44,-1.62,0.60,1.58,3.30,1.58,24
964,964.00,-7.62,-2.02,0.44,1.00,3.04,1.00,24
965,965.00,-7.45,-2.47,0.49,0.61,2.53,0.61,24
966,966.00,-7.20,-2.67,0.32,1.24,2.33,1.24,24
967,967.00,-7.03,-2.68,0.17,1.01,2.74,1.01,24
968,968.00,-6.94,-2.62,0.11,1.31,3.50,1.31,24
969,969.00,-6.91,-2.60,0.04,2.06,3.27,2.06,24
970,970.00,-6.89,-2.58,0.03,2.95,2.57,2.57,24
971,971.00,-6.88,-2.57,0.01,3.88,2.07,2.07,24
972,972.00,-6.88,-2.57,0.00,4.84,2.01,2.01,24
973,973.00,-6.88,-2.57,0.00,5.82,2.38,2.38,24
974,974.00,-6.88,-2.63,0.06,6.83,3.10,3.10,24
975,975.00,-6.96,-2.65,0.08,7.42,3.98,3.98,24
976,976.00,-6.97,-2.65,0.01,6.44,4.91,4.91,24
977,977.00,-6.97,-2.64,0.01,5.48,5.83,5.48,24
978,978.00,-6.97,-2.60,0.05,4.44,6.75,4.44,24
979,979.00,-6.92,-2.56,0.06,3.42,7.15,3.42,24
980,980.00,-6.90,-2.54,0.03,2.43,6.18,2.43,24
981,981.00,-6.85,-2.40,0.15,1.43,5.10,1.43,25
982,982.00,-6.86,-2.35,0.05,0.89,4.19,0.89,25
983,983.00,-6.86,-2.35,0.01,1.28,3.34,1.28,25
984,984.00,-6.87,-2.35,0.01,1.22,2.65,1.22,25
985,985.00,-6.86,-2.35,0.01,0.90,2.18,0.90,25
986,986.00,-6.88,-2.32,0.03,1.44,2.13,1.44,25
987,987.00,-6.91,-2.26,0.07,2.29,2.57,2.29,25
988,988.00,-7.04,-1.58,0.69,2.78,3.93,2.78,25
989,989.00,-7.05,-1.04,0.54,3.40,5.26,3.40,25
990,990.00,-7.00,-0.78,0.26,4.22,4.97,4.22,25
991,991.00,-6.98,-0.68,0.10,5.09,4.28,4.28,26
992,992.00,-7.00,-0.68,0.02,6.14,3.65,3.65,26
993,993.00,-7.04,-0.68,0.04,5.48,3.22,3.22,26
994,994.00,-7.06,-0.68,0.03,4.53,3.08,3.08,26
995,995.00,-7.07,-0.68,0.00,3.51,3.25,3.25,26
996,996.00,-7.07,-0.68,0.00,2.54,3.69,2.54,26
997,997.00,-7.07,-0.68,0.00,1.55,4.29,1.55,26
998,998.00,-7.07,-0.68,0.00,0.67,5.06,0.67,26
999,999.00,-7.07,-0.68,0.00,0.69,5.87,0.69,26
1000,1000.00,-7.07,-0.68,0.00,1.60,5.97,1.60,26
1001,1001.00,-7.26,-0.54,0.24,2.32,5.28,2.32,26
1002,1002.00,-7.50,-0.46,0.25,1.41,4.77,1.41,26
1003,1003.00,-7.58,-0.56,0.12,0.91,4.25,0.91,26
1004,1004.00,-8.11,-0.93,0.65,1.95,4.30,1.95,26
1005,1005.00,-8.46,-1.40,0.59,3.41,4.18,3.41,26
1006,1006.00,-8.63,-1.92,0.54,4.79,3.93,3.93,26
1007,1007.00,-8.52,-2.54,0.63,6.12,3.44,3.44,26
1008,1008.00,-8.23,-3.16,0.68,7.34,2.84,2.84,26
1009,1009.00,-7.83,-3.72,0.68,8.52,2.38,2.38,26
1010,1010.00,-7.58,-4.03,0.41,8.70,2.46,2.46,26
1011,1011.00,-7.31,-4.34,0.41,7.87,1.54,1.54,26
1012,1012.00,-7.22,-4.44,0.13,6.91,1.43,1.43,26
1013,1013.00,-7.10,-4.56,0.17,6.06,1.94,1.94,26
1014,1014.00,-7.01,-4.68,0.15,5.20,2.77,2.77,26
1015,1015.00,-6.93,-4.81,0.16,4.47,3.79,3.79,26
1016,1016.00,-6.84,-5.00,0.20,3.90,4.83,3.90,26
1017,1017.00,-6.78,-5.23,0.24,3.52,6.00,3.52,26
1018,1018.00,-6.77,-5.31,0.08,3.21,7.05,3.21,27
1019,1019.00,-6.77,-5.31,0.00,3.38,8.03,3.38,27
1020,1020.00,-6.74,-5.31,0.03,3.89,9.04,3.89,27
1021,1021.00,-6.73,-5.31,0.01,4.55,8.81,4.55,27
1022,1022.00,-6.72,-5.32,0.01,5.33,7.78,5.33,27
1023,1023.00,-6.73,-5.32,0.01,6.15,6.79,6.15,27
1024,1024.00,-6.74,-5.32,0.01,7.05,5.83,5.83,27
1025,1025.00,-6.74,-5.31,0.01,7.95,4.80,4.80,27
1026,1026.00,-6.46,-5.31,0.28,8.78,3.66,3.66,27
1027,1027.00,-6.21,-5.25,0.26,9.43,2.44,2.44,27
1028,1028.00,-6.13,-5.15,0.12,8.44,1.33,1.33,27
1029,1029.00,-5.95,-4.83,0.37,7.13,0.06,0.06,27
1030,1030.00,-5.97,-4.85,0.03,6.31,1.01,1.01,27
1031,1031.00,-6.10,-4.29,0.58,4.93,2.09,2.09,27
1032,1032.00,-6.26,-3.61,0.70,3.49,1.77,1.77,27
1033,1033.00,-6.41,-3.21,0.43,2.40,1.49,1.49,27
1034,1034.00,-6.74,-2.62,0.67,1.22,1.84,1.22,27
1035,1035.00,-6.87,-2.46,0.20,1.15,2.17,1.15,27
1036,1036.00,-6.87,-2.46,0.00,1.34,2.69,1.34,27
1037,1037.00,-6.86,-2.47,0.01,0.97,3.45,0.97,27
1038,1038.00,-6.92,-2.37,0.11,1.31,4.30,1.31,27
1039,1039.00,-7.01,-2.22,0.18,2.11,5.20,2.11,27
1040,1040.00,-7.15,-1.91,0.34,2.87,6.03,2.87,27
1041,1041.00,-7.28,-1.28,0.64,3.54,6.65,3.54,27
1042,1042.00,-7.12,-0.61,0.69,3.99,5.70,3.99,27
1043,1043.00,-6.81,-0.04,0.65,4.42,4.45,4.42,27
1044,1044.00,-6.52,0.23,0.39,5.01,3.52,3.52,27
1045,1045.00,-6.33,0.32,0.22,4.52,3.00,3.00,27
1046,1046.00,-6.22,0.32,0.11,3.42,2.91,2.91,28
1047,1047.00,-6.22,0.29,0.03,2.50,3.22,2.50,28
1048,1048.00,-6.22,0.25,0.04,1.53,3.75,1.53,28
1049,1049.00,-6.22,0.24,0.01,0.70,4.47,0.70,28
1050,1050.00,-6.16,0.17,0.09,0.71,5.18,0.71,28
1051,1051.00,-6.21,0.28,0.12,1.71,6.19,1.71,28
1052,1052.00,-6.19,-0.02,0.30,2.42,6.08,2.42,28
1053,1053.00,-6.33,-0.42,0.42,3.04,4.82,3.04,28
1054,1054.00,-6.69,-0.80,0.52,1.62,3.71,1.62,28
1055,1055.00,-7.05,-0.92,0.38,0.38,3.22,0.38,28
1056,1056.00,-7.32,-0.81,0.29,1.01,3.25,1.01,29
1057,1057.00,-7.55,-0.51,0.37,2.00,3.65,2.00,29
1058,1058.00,-7.72,-0.01,0.53,2.95,4.19,2.95,29
1059,1059.00,-7.73,0.07,0.09,3.81,4.62,3.81,29
1060,1060.00,-7.71,-0.00,0.08,4.79,5.15,4.79,29
1061,1061.00,-7.72,0.03,0.03,5.74,5.86,5.74,29
1062,1062.00,-7.73,0.06,0.03,6.24,6.61,6.24,29
1063,1063.00,-7.72,0.04,0.03,5.26,5.90,5.26,29
1064,1064.00,-7.72,0.00,0.04,4.32,5.20,4.32,29
1065,1065.00,-7.72,-0.05,0.05,3.41,4.63,3.41,29
1066,1066.00,-7.72,-0.10,0.05,2.54,4.19,2.54,29
1067,1067.00,-7.72,-0.15,0.05,1.79,3.95,1.79,29
1068,1068.00,-7.72,-0.20,0.05,1.29,3.93,1.29,29
1069,1069.00,-7.72,-0.25,0.05,1.43,4.14,1.43,29
1070,1070.00,-7.69,-0.26,0.03,2.14,4.55,2.14,29
1071,1071.00,-7.48,0.12,0.44,2.47,5.48,2.47,29
1072,1072.00,-7.00,0.54,0.64,2.17,6.59,2.17,29
1073,1073.00,-6.39,0.80,0.66,1.71,6.72,1.71,29
1074,1074.01,-5.88,0.80,0.51,1.05,5.88,1.05,29
1075,1075.00,-5.81,0.77,0.08,0.71,4.99,0.71,29
1076,1076.01,-5.84,0.81,0.05,1.42,4.22,1.42,29
1077,1077.00,-5.71,0.83,0.13,2.25,3.52,2.25,29
1078,1078.00,-5.56,0.76,0.17,3.12,2.82,2.82,29
1079,1079.00,-5.44,0.74,0.12,4.01,2.42,2.42,29
1080,1080.00,-5.26,0.64,0.21,3.27,2.28,2.28,29
1081,1081.00,-5.20,0.61,0.06,2.25,2.71,2.25,29
1082,1082.00,-5.20,0.59,0.01,1.24,3.41,1.24,29
1083,1083.00,-5.21,0.61,0.02,0.28,3.98,0.28,29
1084,1084.00,-5.12,0.34,0.28,0.61,3.19,0.61,29
1085,1085.00,-5.18,0.40,0.08,1.63,2.50,1.63,29
1086,1086.00,-5.26,0.29,0.13,2.48,2.12,2.12,30
1087,1087.00,-5.74,-0.18,0.67,2.84,2.22,2.22,30
1088,1088.00,-6.29,-0.61,0.70,2.84,2.45,2.45,30
1089,1089.00,-6.73,-0.99,0.58,1.28,2.68,1.28,30
1090,1090.00,-6.76,-1.01,0.03,0.22,3.03,0.22,30
1091,1091.00,-6.70,-0.96,0.08,0.69,3.66,0.69,30
1092,1092.00,-6.87,-1.13,0.24,1.96,4.25,1.96,30
1093,1093.00,-6.99,-1.23,0.15,3.06,5.00,3.06,30
1094,1094.00,-7.11,-1.33,0.15,4.24,4.50,4.24,30
1095,1095.00,-7.30,-1.57,0.31,5.55,3.60,3.60,30
1096,1096.00,-7.37,-1.70,0.15,6.67,3.03,3.03,30
1097,1097.00,-7.40,-1.81,0.11,6.89,2.80,2.80,31
1098,1098.00,-7.37,-1.79,0.03,5.87,2.97,2.97,31
1099,1099.00,-7.34,-1.79,0.03,4.83,3.40,3.40,31
1100,1100.00,-7.31,-1.79,0.03,3.82,4.05,3.82,31
1101,1101.00,-7.30,-1.79,0.00,2.86,4.83,2.86,31
1102,1102.00,-7.32,-1.79,0.02,1.83,5.71,1.83,31
1103,1103.00,-7.34,-1.80,0.02,0.89,6.61,0.89,31
1104,1104.00,-7.41,-1.76,0.07,0.15,6.97,0.15,31
1105,1105.00,-7.37,-1.71,0.06,1.20,5.97,1.20,31
1106,1106.00,-6.90,-1.50,0.51,1.20,4.62,1.20,31
1107,1107.00,-6.64,-1.28,0.34,0.59,3.49,0.59,31
1108,1108.00,-6.43,-1.03,0.32,0.26,2.65,0.26,32
1109,1109.00,-6.40,-0.99,0.05,1.13,2.36,1.13,32
1110,1110.00,-6.40,-0.99,0.00,2.11,2.51,2.11,32
1111,1111.00,-6.40,-0.99,0.00,3.11,2.99,2.99,32
1112,1112.00,-6.40,-0.99,0.00,4.11,3.70,3.70,32
1113,1113.01,-6.40,-0.99,0.00,5.07,4.51,4.51,32
1114,1114.00,-6.40,-0.99,0.00,6.01,5.39,5.39,32
1115,1115.00,-6.49,-1.09,0.13,5.16,4.54,4.54,32
1116,1116.00,-6.57,-1.13,0.10,4.22,3.72,3.72,32
1117,1117.00,-6.65,-1.16,0.08,3.31,3.02,3.02,32
1118,1118.00,-6.71,-1.19,0.07,2.39,2.62,2.39,32
1119,1119.00,-6.76,-1.24,0.07,1.44,2.57,1.44,32
1120,1120.00,-6.78,-1.26,0.03,0.53,2.92,0.53,32
1121,1121.00,-6.74,-1.35,0.10,0.56,3.51,0.56,32
1122,1122.00,-6.71,-1.39,0.05,1.52,4.28,1.52,32
1123,1123.00,-6.71,-1.41,0.03,1.81,5.11,1.81,32
1124,1124.00,-6.71,-1.43,0.02,0.83,6.05,0.83,32
1125,1125.00,-6.76,-1.38,0.07,0.33,6.02,0.33,32
1126,1126.00,-6.76,-1.46,0.08,1.33,5.20,1.33,32
1127,1127.00,-6.94,-1.96,0.53,2.81,4.70,2.81,32
1128,1128.00,-7.00,-2.57,0.61,4.34,4.20,4.20,32
1129,1129.00,-6.79,-3.23,0.69,5.74,3.46,3.46,32
1130,1130.00,-6.44,-3.83,0.70,7.02,2.62,2.62,32
1131,1131.00,-6.02,-4.38,0.70,8.29,1.72,1.72,32
1132,1132.00,-5.67,-4.71,0.48,8.20,0.83,0.83,32
1133,1133.00,-5.47,-4.84,0.23,7.35,0.41,0.41,34
1134,1134.00,-5.24,-4.96,0.26,6.56,1.35,1.35,34
1135,1135.00,-5.18,-4.91,0.08,5.75,2.17,2.17,34
1136,1136.00,-5.18,-4.88,0.03,5.02,1.25,1.25,34
1137,1137.00,-5.15,-4.84,0.05,4.42,0.68,0.68,34
1138,1138.00,-4.84,-4.31,0.61,3.74,0.72,0.72,34
1139,1139.00,-4.58,-3.69,0.67,3.59,0.85,0.85,34
1140,1140.00,-4.25,-3.07,0.70,4.21,1.06,1.06,34
1141,1141.00,-3.86,-2.52,0.68,3.95,1.37,1.37,34
1142,1142.00,-3.48,-2.02,0.63,3.66,1.75,1.75,34
1143,1143.00,-3.07,-1.49,0.66,3.37,2.06,2.06,34
1144,1144.00,-2.65,-0.93,0.70,3.12,2.41,2.41,34
1145,1145.00,-2.35,-0.41,0.60,2.77,2.76,2.76,34
1146,1146.00,-2.36,0.19,0.60,2.17,1.81,1.81,34
1147,1147.00,-2.63,0.82,0.69,1.51,0.32,0.32,34
1148,1148.00,-2.88,1.12,0.39,1.70,0.90,0.90,34
1149,1149.00,-2.99,1.21,0.15,2.08,1.91,1.91,34
1150,1150.00,-3.14,1.33,0.19,1.13,2.91,1.13,34
1151,1151.00,-3.14,1.33,0.00,0.77,3.93,0.77,34
1152,1152.00,-3.14,1.34,0.00,1.37,4.89,1.37,34
1153,1153.00,-3.15,1.35,0.02,2.29,5.91,2.29,34
1154,1154.00,-3.19,1.38,0.05,3.21,6.91,3.21,34
1155,1155.00,-3.21,1.39,0.02,4.22,7.88,4.22,34
1156,1156.00,-3.81,1.67,0.66,4.91,8.36,4.91,34
1157,1157.00,-4.45,1.97,0.71,5.68,7.49,5.68,34
1158,1158.00,-5.07,2.27,0.69,5.45,6.73,5.45,34
1159,1159.00,-5.69,2.55,0.68,4.48,6.15,4.48,34
1160,1160.00,-6.32,2.73,0.65,3.64,5.71,3.64,34
1161,1161.00,-6.71,2.79,0.39,3.12,5.29,3.12,34
1162,1162.00,-6.92,2.81,0.22,2.93,5.02,2.93,35
1163,1163.00,-7.00,2.80,0.08,3.04,4.82,3.04,35
1164,1164.00,-7.00,2.79,0.01,3.42,4.80,3.42,35
1165,1165.00,-7.03,2.78,0.03,4.06,5.01,4.06,35
1166,1166.00,-7.05,2.78,0.02,4.78,5.40,4.78,35
1167,1167.00,-7.05,2.79,0.01,4.29,5.11,4.29,35
1168,1168.00,-7.03,2.78,0.02,3.61,4.85,3.61,35
1169,1169.00,-6.98,2.76,0.05,3.11,4.76,3.11,35
1170,1170.00,-6.94,2.75,0.05,2.87,4.89,2.87,35
1171,1171.00,-6.89,2.73,0.05,2.99,5.21,2.99,35
1172,1172.00,-6.84,2.71,0.05,3.43,5.68,3.43,35
1173,1173.00,-6.80,2.69,0.05,4.09,6.31,4.09,35
1174,1174.00,-6.77,2.68,0.03,4.88,7.01,4.88,35
1175,1175.00,-6.79,2.69,0.02,5.47,7.83,5.47,35
1176,1176.00,-6.83,2.70,0.04,4.67,8.67,4.67,35
1177,1177.00,-6.86,2.71,0.03,3.89,8.74,3.89,35
1178,1178.00,-6.88,2.72,0.03,3.30,7.91,3.30,35
1179,1179.00,-6.91,2.72,0.03,2.92,7.16,2.92,35
1180,1180.00,-6.93,2.73,0.02,2.88,6.43,2.88,35
1181,1181.00,-6.94,2.76,0.02,3.16,5.82,3.16,35
1182,1182.00,-6.94,2.79,0.03,3.71,5.32,3.71,35
1183,1183.00,-6.85,3.09,0.32,4.30,5.11,4.30,35
1184,1184.00,-6.47,3.56,0.60,4.03,4.90,4.03,35
1185,1185.00,-5.89,3.82,0.64,3.08,4.42,3.08,35
1186,1186.00,-5.33,3.77,0.56,2.55,3.84,2.55,35
1187,1187.00,-4.95,3.50,0.47,2.57,3.47,2.57,35
1188,1188.00,-4.86,3.28,0.24,3.03,3.18,3.03,35
1189,1189.00,-4.93,3.15,0.15,3.76,3.28,3.28,35
1190,1190.00,-4.97,3.08,0.08,4.58,3.65,3.65,35
1191,1191.00,-4.98,3.05,0.03,5.50,4.20,4.20,35
1192,1192.00,-5.02,3.01,0.05,6.39,4.90,4.90,35
1193,1193.00,-5.13,2.95,0.13,5.84,5.64,5.64,36
1194,1194.00,-5.79,2.70,0.71,4.39,6.26,4.39,36
1195,1195.00,-6.46,2.57,0.68,3.35,7.01,3.35,36
1196,1196.00,-6.81,2.54,0.36,2.83,7.80,2.83,36
1197,1197.00,-7.01,2.54,0.20,2.78,8.67,2.78,37
1198,1198.00,-7.02,2.47,0.07,2.97,8.35,2.97,37
1199,1199.00,-7.47,2.10,0.58,3.91,7.24,3.91,37
1200,1200.00,-7.66,1.54,0.59,4.94,6.07,4.94,37
1201,1201.00,-7.54,0.90,0.66,5.86,4.89,4.89,37
1202,1202.00,-7.28,0.27,0.69,4.95,3.86,3.86,37
1203,1203.00,-7.01,-0.21,0.54,4.02,3.30,3.30,37
1204,1204.00,-6.86,-0.43,0.27,3.00,3.38,3.00,37
1205,1205.00,-6.75,-0.57,0.18,2.02,3.84,2.02,38
1206,1206.00,-6.66,-0.70,0.16,1.00,4.49,1.00,38
1207,1207.00,-6.57,-0.85,0.17,0.03,5.36,0.03,38
1208,1208.00,-6.53,-1.07,0.22,0.84,5.93,0.84,38
1209,1209.00,-6.53,-1.05,0.02,1.87,5.00,1.87,38
1210,1210.00,-6.58,-1.03,0.05,2.15,4.20,2.15,38
1211,1211.00,-6.57,-1.03,0.01,1.14,3.45,1.14,38
1212,1212.00,-6.57,-0.98,0.05,0.24,2.84,0.24,38
1213,1213.90,-7.00,0.82,0.97,1.71,4.24,1.71,38
1214,1214.00,-7.00,0.82,0.00,1.76,4.30,1.76,38
1215,1215.00,-7.00,0.77,0.05,2.41,4.79,2.41,38
1216,1216.00,-7.00,0.76,0.01,3.29,5.46,3.29,38
1217,1217.00,-6.98,0.73,0.03,4.18,6.19,4.18,38
1218,1218.00,-6.92,0.27,0.46,5.33,6.53,5.33,38
1219,1219.00,-7.02,-0.42,0.70,5.50,5.32,5.32,38
1220,1220.00,-7.11,-1.08,0.67,5.00,3.96,3.96,38
1221,1221.00,-7.18,-1.79,0.71,4.52,2.81,2.81,38
1222,1222.00,-7.18,-2.49,0.71,4.11,2.36,2.36,38
1223,1223.00,-7.19,-3.18,0.69,3.71,2.93,2.93,38
1224,1224.00,-7.18,-3.88,0.70,3.45,4.12,3.45,38
1225,1225.00,-7.17,-4.58,0.70,3.33,5.51,3.33,38
1226,1226.00,-7.14,-5.18,0.60,3.29,6.96,3.29,38
1227,1227.00,-7.12,-5.48,0.30,3.15,8.19,3.15,38
1228,1228.00,-7.11,-5.64,0.16,3.70,9.28,3.70,39
1229,1229.00,-7.12,-5.63,0.02,4.31,9.46,4.31,39
1230,1230.00,-7.13,-5.58,0.04,5.03,8.45,5.03,39
1231,1231.00,-7.13,-5.54,0.04,5.81,7.39,5.81,39
1232,1232.00,-7.13,-5.46,0.08,6.57,6.34,6.34,39
1233,1233.00,-7.13,-5.44,0.02,7.49,5.33,5.33,39
1234,1234.00,-7.13,-5.33,0.10,8.31,4.27,4.27,39
1235,1235.00,-7.14,-5.28,0.05,9.23,3.29,3.29,39
1236,1236.00,-7.14,-5.19,0.09,9.63,2.25,2.25,39
1237,1237.00,-7.14,-5.16,0.04,8.67,1.39,1.39,39
1238,1238.00,-7.13,-5.14,0.01,7.69,0.90,0.90,39
1239,1239.00,-7.14,-5.14,0.01,6.81,1.25,1.25,39
1240,1240.00,-7.15,-5.14,0.00,5.87,0.91,0.91,39
1241,1241.00,-7.17,-5.14,0.03,5.01,1.42,1.42,39
1242,1242.00,-7.19,-5.14,0.02,4.23,2.25,2.25,39
1243,1243.00,-7.19,-5.14,0.00,3.49,3.22,3.22,39
1244,1244.00,-7.18,-5.14,0.01,2.97,4.18,2.97,39
1245,1245.00,-7.15,-5.14,0.02,3.01,5.11,3.01,39
1246,1246.00,-7.13,-5.14,0.03,3.56,6.11,3.56,39
1247,1247.00,-7.13,-5.12,0.02,4.26,7.07,4.26,39
1248,1248.01,-7.14,-5.12,0.02,5.06,8.09,5.06,39
1249,1249.00,-7.14,-5.09,0.03,5.86,9.06,5.86,39
1250,1250.00,-7.14,-5.09,0.00,6.80,8.84,6.80,39
1251,1251.00,-7.09,-5.09,0.05,7.69,7.83,7.69,39
1252,1252.00,-7.10,-5.09,0.00,8.66,6.87,6.87,39
1253,1253.00,-7.17,-5.07,0.08,9.64,5.89,5.89,39
1254,1254.00,-7.18,-5.01,0.07,8.94,4.88,4.88,39
1255,1255.00,-6.80,-4.71,0.48,7.53,3.44,3.44,39
1256,1256.00,-6.47,-4.19,0.62,6.00,1.87,1.87,39
1257,1257.00,-6.30,-3.64,0.57,4.52,0.95,0.95,39
1258,1258.00,-6.38,-3.04,0.61,3.11,1.88,1.88,39
1259,1259.00,-6.65,-2.52,0.58,1.84,3.21,1.84,39
1260,1260.00,-6.89,-2.14,0.45,0.79,4.11,0.79,39
1261,1261.00,-7.02,-1.99,0.20,0.81,3.50,0.81,39
1262,1262.00,-7.02,-1.94,0.04,1.47,2.91,1.47,40
1263,1263.00,-7.08,-1.79,0.16,0.56,2.63,0.56,40
1264,1264.00,-7.15,-1.59,0.21,0.49,2.70,0.49,40
1265,1265.00,-7.09,-1.74,0.16,1.54,2.87,1.54,40
1266,1266.00,-7.05,-1.78,0.05,2.53,3.40,2.53,40
1267,1267.00,-7.11,-1.84,0.08,3.61,4.22,3.61,40
1268,1268.00,-7.14,-1.91,0.09,4.67,5.12,4.67,40
1269,1269.00,-6.95,-2.04,0.23,5.66,5.92,5.66,40
1270,1270.00,-6.65,-2.43,0.49,6.76,6.89,6.76,41
1271,1271.01,-6.45,-3.06,0.66,7.29,6.70,6.70,41
1272,1272.00,-6.55,-3.68,0.63,6.88,6.22,6.22,41
1273,1273.00,-6.88,-4.24,0.65,6.59,5.87,5.87,41
1274,1274.00,-7.36,-4.64,0.62,6.20,5.54,5.54,41
1275,1275.00,-7.84,-4.77,0.50,5.60,5.00,5.00,41
1276,1276.00,-8.03,-4.69,0.20,4.72,4.19,4.19,41
1277,1277.00,-8.10,-4.63,0.09,3.74,3.35,3.35,41
1278,1278.00,-8.14,-4.58,0.06,2.87,2.65,2.65,41
1279,1279.00,-8.19,-4.47,0.12,1.99,2.24,1.99,42
1280,1280.00,-8.29,-4.06,0.42,1.94,2.53,1.94,42
1281,1281.00,-8.25,-3.96,0.11,2.72,2.69,2.69,42
1282,1282.00,-8.09,-3.65,0.35,3.31,2.51,2.51,42
1283,1283.01,-7.65,-3.20,0.63,3.64,2.32,2.32,42
1284,1284.00,-7.12,-2.93,0.60,4.12,2.06,2.06,42
1285,1285.00,-6.91,-2.83,0.23,4.85,2.28,2.28,42
1286,1286.00,-6.83,-2.79,0.09,5.78,2.87,2.87,42
1287,1287.00,-6.81,-2.79,0.02,6.75,3.70,3.70,42
1288,1288.00,-6.79,-2.79,0.02,7.59,4.54,4.54,42
1289,1289.00,-6.79,-2.80,0.02,6.65,5.51,5.51,42
1290,1290.00,-6.74,-2.82,0.05,5.68,6.44,5.68,42
1291,1291.00,-6.71,-2.84,0.04,4.69,7.37,4.69,42
1292,1292.00,-6.66,-2.86,0.06,3.74,6.49,3.74,42
1293,1293.00,-6.40,-2.95,0.27,2.86,5.42,2.86,42
1294,1294.00,-6.07,-3.14,0.38,2.35,4.33,2.35,42
1295,1295.00,-5.93,-3.25,0.18,2.19,3.35,2.19,42
1296,1296.00,-5.84,-3.34,0.13,2.44,2.39,2.39,42
1297,1297.00,-5.79,-3.38,0.06,2.62,1.42,1.42,42
1298,1298.00,-5.76,-3.40,0.04,2.41,0.67,0.67,42
1299,1299.00,-5.86,-3.36,0.11,2.49,0.98,0.98,42
1300,1300.00,-5.95,-3.33,0.09,2.96,1.85,1.85,42
1301,1301.00,-6.00,-3.31,0.06,3.71,2.80,2.80,42
1302,1302.00,-6.04,-3.30,0.03,4.56,2.70,2.70,42
1303,1303.00,-6.05,-3.30,0.01,5.48,1.79,1.79,42
1304,1304.00,-6.02,-3.30,0.03,6.39,1.03,1.03,42
1305,1305.00,-5.98,-3.33,0.06,7.31,0.93,0.93,42
1306,1306.00,-5.98,-3.33,0.00,7.06,1.67,1.67,42
1307,1307.00,-5.98,-3.33,0.00,6.14,2.58,2.58,42
1308,1308.00,-5.98,-3.33,0.00,5.20,3.50,3.50,42
1309,1309.00,-5.98,-3.33,0.00,4.31,4.52,4.31,42
1310,1310.00,-5.95,-3.34,0.03,3.49,5.48,3.49,42
1311,1311.00,-5.89,-3.38,0.08,2.85,6.48,2.85,42
1312,1312.00,-5.86,-3.40,0.03,2.43,7.19,2.43,42
1313,1313.00,-5.86,-3.40,0.01,2.36,6.21,2.36,42
1314,1314.00,-5.82,-3.40,0.04,2.71,5.17,2.71,42
1315,1315.00,-5.77,-3.40,0.05,2.45,4.16,2.45,42
1316,1316.00,-5.67,-3.40,0.10,2.50,3.11,2.50,42
1317,1317.00,-5.65,-3.41,0.03,2.85,2.12,2.12,42
1318,1318.00,-5.63,-3.40,0.02,3.46,1.15,1.15,42
1319,1319.00,-5.65,-3.38,0.03,4.18,0.50,0.50,42
1320,1320.00,-5.79,-3.41,0.15,5.13,1.04,1.04,42
1321,1321.00,-5.84,-3.41,0.05,6.04,1.95,1.95,42
1322,1322.00,-5.84,-3.40,0.01,6.92,2.92,2.92,42
1323,1323.00,-5.39,-3.12,0.52,6.98,2.87,2.87,42
1324,1324.00,-5.03,-2.66,0.58,5.52,2.45,2.45,42
1325,1325.00,-4.94,-2.25,0.42,4.19,1.93,1.93,42
1326,1326.00,-5.15,-1.85,0.45,3.01,1.36,1.36,42
1327,1327.00,-5.34,-1.73,0.22,2.13,1.08,1.08,42
1328,1328.00,-5.44,-1.74,0.09,1.54,1.51,1.51,42
1329,1329.00,-5.52,-1.78,0.10,1.42,2.38,1.42,42
1330,1330.00,-5.60,-1.83,0.09,1.82,3.35,1.82,42
1331,1331.00,-5.63,-1.84,0.03,2.53,4.35,2.53,43
1332,1332.00,-5.65,-1.84,0.02,2.46,5.32,2.46,43
1333,1333.00,-5.65,-1.82,0.02,1.71,5.65,1.71,43
1334,1334.00,-5.64,-1.79,0.03,1.33,4.67,1.33,43
1335,1335.00,-5.61,-1.74,0.06,1.55,3.66,1.55,43
1336,1336.00,-5.63,-1.71,0.04,2.21,2.74,2.21,43
1337,1337.00,-5.61,-1.73,0.02,3.12,1.95,1.95,43
1338,1338.00,-5.59,-1.77,0.05,4.08,1.34,1.34,43
1339,1339.00,-5.57,-1.82,0.05,5.05,1.33,1.33,43
1340,1340.00,-5.55,-1.86,0.05,6.06,1.92,1.92,43
1341,1341.00,-5.53,-1.91,0.05,5.44,2.73,2.73,43
1342,1342.00,-5.51,-1.95,0.05,4.48,3.61,3.61,43
1343,1343.00,-5.53,-1.87,0.08,3.49,4.66,3.49,43
1344,1344.00,-5.54,-1.80,0.07,2.57,3.96,2.57,43
1345,1345.00,-5.50,-1.69,0.11,1.69,3.10,1.69,43
1346,1346.00,-5.30,-1.28,0.46,1.23,2.63,1.23,44
1347,1347.00,-5.02,-0.90,0.47,2.16,2.17,2.16,44
1348,1348.00,-4.58,-0.62,0.52,3.58,1.58,1.58,44
1349,1349.00,-3.98,-0.44,0.63,4.85,0.90,0.90,44
1350,1350.00,-3.95,-0.47,0.04,3.93,0.60,0.60,44
1351,1351.00,-4.03,-0.57,0.12,2.97,1.53,1.53,44
1352,1352.00,-4.03,-0.57,0.01,2.15,2.51,2.15,44
1353,1353.00,-4.02,-0.59,0.02,1.64,3.49,1.64,44
1354,1354.00,-3.95,-0.90,0.31,1.94,3.72,1.94,44
1355,1355.00,-4.07,-1.52,0.63,3.09,3.28,3.09,44
1356,1356.00,-4.37,-2.09,0.64,4.46,2.93,2.93,44
1357,1357.00,-4.67,-2.34,0.39,5.69,2.29,2.29,44
1358,1358.00,-4.85,-2.40,0.19,5.91,1.45,1.45,45
1359,1359.00,-4.99,-2.43,0.14,5.08,0.68,0.68,45
1360,1360.00,-5.11,-2.48,0.13,4.29,0.62,0.62,45
1361,1361.00,-5.21,-2.52,0.11,3.55,1.40,1.40,45
1362,1362.00,-5.21,-2.53,0.01,2.80,2.34,2.34,45
1363,1363.00,-5.31,-2.66,0.17,2.39,3.17,2.39,45
1364,1364.00,-5.39,-2.80,0.16,2.22,3.84,2.22,45
1365,1365.00,-5.31,-2.75,0.10,2.44,2.91,2.44,45
1366,1366.00,-5.20,-2.69,0.12,3.10,2.04,2.04,45
1367,1367.00,-5.21,-2.72,0.03,2.77,1.04,1.04,45
1368,1368.00,-5.23,-2.74,0.04,2.36,0.48,0.48,45
1369,1369.00,-5.65,-3.21,0.63,2.58,1.80,1.80,45
1370,1370.00,-6.14,-3.68,0.67,3.60,3.46,3.46,45
1371,1371.00,-6.54,-4.22,0.67,5.06,5.06,5.06,45
1372,1372.00,-6.76,-4.68,0.52,6.47,6.59,6.47,45
1373,1373.00,-6.77,-4.91,0.22,7.57,7.75,7.57,45
1374,1374.00,-6.77,-4.99,0.08,8.60,8.84,8.60,46
1375,1375.00,-6.82,-4.99,0.05,9.48,8.50,8.50,46
1376,1376.00,-7.10,-5.25,0.38,8.89,7.91,7.91,46
1377,1377.00,-7.68,-5.50,0.63,8.44,7.44,7.44,46
1378,1378.00,-8.30,-5.50,0.62,7.83,6.89,6.89,46
1379,1379.00,-8.65,-5.22,0.45,6.77,5.99,5.99,46
1380,1380.00,-8.90,-4.67,0.60,5.51,5.02,5.02,46
1381,1381.00,-8.83,-4.06,0.62,3.95,3.99,3.95,47
1382,1382.00,-8.62,-3.39,0.70,2.32,3.22,2.32,47
1383,1383.00,-8.40,-2.81,0.62,0.73,3.22,0.73,47
1384,1384.00,-8.39,-2.76,0.05,0.39,3.59,0.39,47
1385,1385.00,-8.41,-2.83,0.07,1.42,3.77,1.42,47
1386,1386.00,-8.40,-2.37,0.46,2.12,3.68,2.12,47
1387,1387.00,-8.32,-1.68,0.69,2.61,3.82,2.61,47
1388,1388.00,-8.08,-1.02,0.71,3.09,3.88,3.09,47
1389,1389.00,-7.77,-0.40,0.69,3.49,3.86,3.49,47
1390,1390.00,-7.45,0.22,0.70,3.86,3.88,3.86,47
1391,1391.00,-7.27,0.68,0.50,4.48,3.96,3.96,47
1392,1392.00,-7.23,0.94,0.26,5.27,4.20,4.20,47
1393,1393.00,-7.25,1.05,0.11,4.98,4.58,4.58,48
1394,1394.00,-7.27,1.05,0.02,4.09,5.13,4.09,48
1395,1395.00,-7.28,1.05,0.01,3.25,5.78,3.25,48
1396,1396.00,-7.29,1.05,0.01,2.50,5.31,2.50,48
1397,1397.00,-7.29,1.07,0.02,2.01,4.76,2.01,48
1398,1398.00,-7.29,1.07,0.01,1.93,4.38,1.93,48
1399,1399.00,-7.29,1.09,0.02,2.34,4.18,2.34,48
1400,1400.00,-7.38,1.25,0.19,3.20,4.41,3.20,48
1401,1401.00,-7.48,1.39,0.16,4.12,4.86,4.12,48
1402,1402.00,-7.49,1.47,0.08,3.50,5.41,3.50,48
1403,1403.00,-7.45,1.48,0.04,2.82,5.99,2.82,48
1404,1404.00,-7.42,1.48,0.03,2.37,6.70,2.37,48
1405,1405.00,-7.43,1.47,0.01,2.31,7.46,2.31,48
1406,1406.00,-7.42,1.47,0.01,2.65,7.54,2.65,48
1407,1407.00,-7.42,1.47,0.01,3.25,6.77,3.25,48
1408,1408.00,-7.42,1.47,0.00,4.06,6.06,4.06,48
1409,1409.00,-7.42,1.47,0.00,4.90,5.43,4.90,48
1410,1410.00,-7.42,1.47,0.00,5.36,4.95,4.95,48
1411,1411.00,-7.42,1.47,0.00,4.48,4.61,4.48,48
1412,1412.00,-7.42,1.47,0.01,3.64,4.48,3.64,48
1413,1413.00,-7.42,1.47,0.01,2.94,4.58,2.94,48
1414,1414.00,-7.42,1.47,0.00,2.45,4.88,2.45,48
1415,1415.00,-7.42,1.47,0.00,2.28,5.34,2.28,48
1416,1416.00,-7.42,1.47,0.00,2.53,5.90,2.53,48
1417,1417.00,-7.44,1.47,0.02,3.12,5.35,3.12,48
1418,1418.00,-7.45,1.45,0.02,3.86,4.89,3.86,48
1419,1419.00,-7.43,1.44,0.02,3.79,4.56,3.79,48
1420,1420.00,-7.43,1.44,0.00,3.03,4.48,3.03,48
1421,1421.00,-7.43,1.44,0.01,2.48,4.61,2.48,48
1422,1422.00,-7.51,1.44,0.08,2.31,4.99,2.31,48
1423,1423.00,-7.52,1.44,0.01,2.55,5.49,2.55,48
1424,1424.00,-7.46,1.44,0.06,3.01,6.09,3.01,48
1425,1425.00,-7.45,1.40,0.04,3.77,6.78,3.77,48
1426,1426.00,-7.46,1.34,0.06,4.61,7.49,4.61,48
1427,1427.00,-7.49,1.31,0.04,5.57,7.29,5.57,48
1428,1428.00,-7.64,1.06,0.29,5.16,6.29,5.16,48
1429,1429.00,-7.66,0.93,0.14,4.31,5.52,4.31,48
1430,1430.00,-7.63,0.48,0.44,3.52,4.59,3.52,48
1431,1431.00,-7.61,0.30,0.18,2.70,4.13,2.70,48
1432,1432.00,-7.58,0.26,0.06,1.92,4.01,1.92,48
1433,1433.00,-7.60,0.21,0.06,1.51,4.20,1.51,48
1434,1434.00,-7.60,0.19,0.02,1.64,4.60,1.64,48
1435,1435.00,-7.61,0.17,0.02,2.26,5.21,2.26,48
1436,1436.00,-7.56,0.17,0.05,2.86,5.84,2.86,48
1437,1437.00,-7.58,0.16,0.02,2.03,6.30,2.03,48
1438,1438.00,-7.55,0.13,0.05,1.46,5.51,1.46,48
1439,1439.00,-7.58,0.12,0.04,1.54,4.91,1.54,48
1440,1440.00,-7.56,0.11,0.03,2.11,4.35,2.11,48
1441,1441.00,-7.55,0.10,0.01,2.92,4.01,2.92,48
1442,1442.00,-7.83,-0.14,0.36,4.19,4.03,4.03,48
1443,1443.00,-8.18,-0.63,0.60,5.66,4.08,4.08,48
1444,1444.00,-8.31,-1.10,0.50,7.04,4.00,4.00,48
1445,1445.00,-8.09,-1.60,0.54,7.27,3.76,3.76,48
1446,1446.00,-7.82,-1.78,0.32,6.21,3.93,3.93,48
1447,1447.00,-7.64,-1.76,0.18,5.04,4.59,4.59,48
1448,1448.00,-7.56,-1.71,0.09,3.96,4.17,3.96,48
1449,1449.00,-7.51,-1.67,0.07,2.87,3.57,2.87,49
1450,1450.00,-7.49,-1.67,0.02,1.87,3.11,1.87,49
1451,1451.00,-7.36,-1.61,0.14,0.73,2.87,0.73,49
1452,1452.00,-7.40,-1.65,0.06,0.21,3.05,0.21,49
1453,1453.00,-7.40,-1.68,0.03,1.16,3.50,1.16,49
1454,1454.00,-7.27,-1.76,0.15,0.76,4.01,0.76,49
1455,1455.00,-7.35,-1.68,0.11,0.25,4.88,0.25,49
1456,1456.00,-7.32,-1.80,0.12,1.35,5.74,1.35,49
1457,1457.00,-7.40,-2.41,0.61,2.86,7.08,2.86,49
1458,1458.00,-7.69,-3.01,0.67,4.49,7.90,4.49,49
1459,1459.00,-8.00,-3.35,0.46,5.95,7.39,5.95,49
1460,1460.00,-8.29,-3.51,0.33,7.20,6.79,6.79,49
1461,1461.00,-8.43,-3.53,0.14,8.35,6.03,6.03,50
1462,1462.00,-8.46,-3.51,0.04,9.26,5.16,5.16,50
1463,1463.00,-8.46,-3.48,0.03,8.27,4.39,4.39,50
1464,1464.00,-8.46,-3.46,0.03,7.22,3.67,3.67,50
1465,1465.00,-8.46,-3.45,0.01,6.24,3.16,3.16,50
1466,1466.71,-7.00,0.82,2.64,1.59,6.17,1.59,50
1467,1467.00,-6.96,0.82,0.14,1.49,6.40,1.49,50
1468,1468.00,-6.74,0.90,0.23,1.76,7.22,1.76,50
1469,1469.00,-6.32,1.24,0.54,2.92,6.80,2.92,50
1470,1470.00,-5.73,1.57,0.68,4.37,6.28,4.37,50
1471,1471.00,-5.11,1.69,0.63,5.15,5.52,5.15,50
1472,1472.00,-4.46,1.61,0.66,4.53,4.60,4.53,50
1473,1473.00,-3.83,1.35,0.68,3.78,3.54,3.54,50
1474,1474.01,-3.29,0.96,0.67,3.05,2.27,2.27,50
1475,1475.00,-2.89,0.45,0.65,2.44,0.96,0.96,50
1476,1476.00,-2.58,-0.17,0.68,2.33,0.69,0.69,50
1477,1477.00,-2.39,-0.81,0.67,2.91,2.16,2.16,50
1478,1478.00,-2.46,-1.42,0.61,3.88,3.66,3.66,50
1479,1479.00,-2.74,-1.98,0.63,5.07,4.12,4.12,50
1480,1480.00,-3.19,-2.40,0.62,5.30,3.69,3.69,50
1481,1481.00,-3.78,-2.63,0.63,4.84,3.09,3.09,50
1482,1482.00,-4.44,-2.64,0.66,4.18,2.35,2.35,50
1483,1483.00,-4.95,-2.52,0.52,3.34,1.57,1.57,50
1484,1484.00,-5.17,-2.43,0.24,2.59,0.77,0.77,50
1485,1485.00,-5.28,-2.37,0.13,2.05,0.82,0.82,50
1486,1486.00,-5.34,-2.34,0.07,1.97,1.65,1.65,50
1487,1487.00,-5.34,-2.33,0.00,2.40,2.58,2.40,50
1488,1488.00,-5.32,-2.33,0.02,3.13,3.56,3.13,50
1489,1489.00,-5.30,-2.33,0.02,2.52,4.20,2.52,50
1490,1490.00,-5.32,-2.33,0.02,2.01,3.25,2.01,50
1491,1491.00,-5.39,-2.32,0.07,1.94,2.26,1.94,50
1492,1492.00,-5.50,-2.30,0.11,2.34,1.43,1.43,50
1493,1493.00,-5.54,-2.30,0.04,3.12,0.95,0.95,50
1494,1494.00,-5.55,-2.30,0.02,3.98,1.36,1.36,50
1495,1495.00,-5.58,-2.29,0.03,4.92,2.19,2.19,50
1496,1496.00,-5.53,-2.32,0.06,5.85,3.11,3.11,50
1497,1497.00,-5.44,-2.31,0.09,6.28,3.99,3.99,50
1498,1498.00,-5.42,-2.31,0.02,5.33,4.99,4.99,50
1499,1499.00,-5.42,-2.31,0.00,4.43,5.96,4.43,50
1500,1500.00,-5.42,-2.31,0.00,3.52,5.48,3.52,50
1501,1501.00,-5.42,-2.31,0.00,2.73,4.46,2.73,50
1502,1502.00,-5.42,-2.31,0.00,2.09,3.51,2.09,50
1503,1503.00,-5.41,-2.29,0.02,1.84,2.50,1.84,50
1504,1504.00,-5.41,-2.30,0.01,2.10,1.60,1.60,50
1505,1505.00,-5.38,-2.30,0.02,2.76,0.90,0.90,50
1506,1506.00,-5.40,-2.30,0.02,2.70,1.05,1.05,50
1507,1507.00,-5.40,-2.30,0.01,2.06,1.83,1.83,50
1508,1508.00,-5.41,-2.30,0.01,1.84,2.78,1.84,50
1509,1509.00,-5.40,-2.30,0.02,2.12,3.71,2.12,50
1510,1510.00,-5.40,-2.30,0.00,2.78,4.02,2.78,50
1511,1511.00,-5.40,-2.30,0.01,3.57,3.06,3.06,50
1512,1512.00,-5.39,-2.30,0.01,4.48,2.14,2.14,50
1513,1513.00,-5.36,-2.30,0.03,5.39,1.24,1.24,50
1514,1514.00,-5.31,-2.31,0.05,6.33,0.75,0.75,50
1515,1515.00,-5.26,-2.31,0.05,5.64,1.24,1.24,50
1516,1516.00,-5.22,-2.32,0.05,4.73,2.10,2.10,50
1517,1517.00,-5.17,-2.33,0.05,3.81,3.02,3.02,50
1518,1518.00,-5.12,-2.33,0.05,3.03,3.99,3.03,50
1519,1519.00,-5.16,-2.33,0.05,2.37,4.97,2.37,50
1520,1520.00,-5.28,-2.31,0.11,1.96,6.05,1.96,50
1521,1521.00,-5.33,-2.29,0.06,2.00,5.20,2.00,50
1522,1522.00,-5.36,-2.30,0.03,2.51,4.23,2.51,50
1523,1523.00,-5.40,-2.30,0.05,2.97,3.29,2.97,50
1524,1524.00,-5.56,-2.26,0.16,2.10,2.45,2.10,50
1525,1525.00,-5.63,-2.24,0.07,1.66,1.63,1.63,50
1526,1526.00,-5.63,-2.33,0.08,1.90,1.07,1.07,50
1527,1527.00,-5.63,-2.33,0.00,2.53,1.24,1.24,50
1528,1528.00,-5.63,-2.32,0.01,3.31,1.97,1.97,50
1529,1529.00,-5.63,-2.28,0.04,4.18,2.87,2.87,50
1530,1530.00,-5.61,-2.26,0.03,5.09,3.89,3.89,50
1531,1531.00,-5.62,-2.18,0.09,5.98,3.92,3.92,50
1532,1532.00,-5.61,-2.12,0.05,6.02,3.01,3.01,50
1533,1533.00,-5.61,-2.11,0.01,5.05,2.13,2.13,50
1534,1534.00,-5.60,-2.10,0.01,4.10,1.39,1.39,50
1535,1535.00,-5.60,-2.10,0.00,3.22,1.12,1.12,50
1536,1536.00,-5.60,-2.10,0.00,2.37,1.58,1.58,50
1537,1537.00,-5.60,-2.10,0.00,1.75,2.44,1.75,50
1538,1538.00,-5.60,-2.10,0.00,1.58,3.36,1.58,50
1539,1539.00,-5.60,-2.10,0.00,1.98,4.32,1.98,50
1540,1540.00,-5.60,-2.09,0.00,2.70,5.29,2.70,50
1541,1541.00,-5.60,-2.10,0.00,2.32,6.05,2.32,50
1542,1542.00,-5.60,-2.10,0.00,1.72,5.04,1.72,50
1543,1543.00,-5.60,-2.10,0.00,1.58,4.08,1.58,50
1544,1544.00,-5.60,-2.09,0.00,2.02,3.11,2.02,50
1545,1545.00,-5.60,-2.10,0.00,2.74,2.21,2.21,50
1546,1546.00,-5.60,-2.10,0.00,3.64,1.47,1.47,50
1547,1547.00,-5.60,-2.10,0.00,4.56,1.11,1.11,50
1548,1548.00,-5.60,-2.10,0.00,5.51,1.53,1.53,50
1549,1549.00,-5.60,-2.03,0.07,6.32,2.42,2.42,50
1550,1550.00,-5.52,-2.01,0.08,5.31,3.37,3.37,50
1551,1551.00,-5.53,-1.99,0.03,4.33,4.33,4.33,50
1552,1552.00,-5.56,-1.95,0.05,3.43,3.96,3.43,50
1553,1553.00,-5.62,-1.94,0.06,2.54,3.03,2.54,50
1554,1554.00,-5.64,-1.96,0.03,1.82,2.12,1.82,50
1555,1555.00,-5.66,-1.96,0.02,1.44,1.43,1.43,50
1556,1556.00,-5.67,-1.97,0.01,1.66,1.26,1.26,50
1557,1557.00,-5.67,-1.96,0.00,2.33,1.77,1.77,50
1558,1558.00,-5.67,-1.96,0.00,2.58,2.56,2.56,50
1559,1559.00,-5.67,-1.96,0.00,1.83,3.49,1.83,50
1560,1560.00,-5.67,-1.96,0.00,1.43,4.43,1.43,50
1561,1561.00,-5.67,-1.95,0.00,1.65,5.42,1.65,50
1562,1562.00,-5.67,-1.95,0.00,2.29,5.79,2.29,50
1563,1563.00,-5.67,-1.95,0.00,3.16,4.83,3.16,50
1564,1564.00,-5.68,-1.95,0.01,4.09,3.87,3.87,50
1565,1565.00,-5.68,-1.95,0.00,5.04,2.96,2.96,50
1566,1566.00,-5.68,-1.95,0.00,6.01,2.08,2.08,50
1567,1567.00,-5.68,-1.95,0.00,5.73,1.42,1.42,50
1568,1568.00,-5.68,-1.95,0.00,4.75,1.29,1.29,50
1569,1569.00,-5.68,-1.95,0.00,3.81,1.83,1.83,50
1570,1570.00,-5.68,-1.95,0.00,2.89,2.64,2.64,50
1571,1571.00,-5.68,-1.95,0.00,2.09,3.57,2.09,50
1572,1572.00,-5.69,-1.95,0.00,1.51,4.52,1.51,50
1573,1573.00,-5.69,-1.94,0.01,1.47,3.76,1.47,50
1574,1574.00,-5.69,-1.94,0.00,2.00,2.86,2.00,50
1575,1575.00,-5.69,-1.93,0.01,2.83,2.04,2.04,50
1576,1576.00,-5.69,-1.93,0.00,2.09,1.39,1.39,50
1577,1577.00,-5.69,-1.92,0.01,1.50,1.34,1.34,50
1578,1578.00,-5.69,-1.92,0.00,1.44,1.91,1.44,50
1579,1579.00,-5.69,-1.92,0.00,1.98,2.74,1.98,50
1580,1580.00,-5.69,-1.90,0.02,2.77,3.62,2.77,50
1581,1581.00,-5.67,-1.86,0.05,3.63,4.55,3.63,50
1582,1582.00,-5.65,-1.81,0.05,4.52,5.42,4.52,50
1583,1583.00,-5.63,-1.77,0.05,5.43,5.45,5.43,50
1584,1584.00,-5.61,-1.72,0.05,5.90,4.44,4.44,50
1585,1585.00,-5.59,-1.67,0.05,4.85,3.48,3.48,50
1586,1586.00,-5.58,-1.67,0.01,3.89,2.55,2.55,50
1587,1587.00,-5.64,-1.79,0.13,3.08,1.86,1.86,50
1588,1588.00,-5.68,-1.86,0.08,2.30,1.35,1.35,50
1589,1589.00,-5.69,-1.87,0.02,1.63,1.42,1.42,50
1590,1590.00,-5.70,-1.89,0.03,1.35,2.04,1.35,50
1591,1591.00,-5.72,-1.91,0.02,1.70,2.86,1.70,50
1592,1592.00,-5.72,-1.91,0.01,2.46,3.73,2.46,50
1593,1593.00,-5.72,-1.90,0.01,2.38,4.59,2.38,50
1594,1594.00,-5.73,-1.90,0.01,1.66,3.67,1.66,50
1595,1595.00,-5.73,-1.90,0.01,1.33,2.74,1.33,50
1596,1596.00,-5.73,-1.90,0.00,1.69,1.92,1.69,50
1597,1597.00,-5.73,-1.91,0.01,2.46,1.38,1.38,50
1598,1598.00,-5.73,-1.91,0.00,3.32,1.45,1.45,50
1599,1599.00,-5.74,-1.91,0.01,4.27,2.08,2.08,50
1600,1600.00,-5.73,-1.90,0.01,5.22,2.94,2.94,50
1601,1602.16,-7.00,0.82,1.39,4.53,4.86,4.53,50
1602,1602.16,-7.00,0.82,nan,4.53,4.86,4.53,50
1603,1603.00,-6.59,0.88,0.49,3.34,5.03,3.34,50
1604,1604.00,-6.00,1.15,0.65,1.79,4.18,1.79,50
1605,1605.00,-5.56,1.58,0.61,1.09,3.16,1.09,50
1606,1606.00,-5.41,1.90,0.35,1.91,2.96,1.91,50
1607,1607.00,-5.46,2.07,0.18,2.93,3.35,2.93,50
1608,1608.00,-5.48,2.15,0.08,3.86,3.92,3.86,50
1609,1609.00,-5.50,2.19,0.05,4.87,4.63,4.63,50
1610,1610.00,-5.52,2.25,0.06,5.58,5.46,5.46,50
1611,1611.00,-5.87,2.48,0.42,4.71,6.52,4.71,51
1612,1612.00,-6.51,2.68,0.67,3.88,7.61,3.88,51
1613,1613.00,-7.21,2.70,0.70,3.36,8.51,3.36,51
1614,1614.00,-7.79,2.52,0.61,3.30,8.82,3.30,51
1615,1615.00,-8.08,2.27,0.39,3.63,7.84,3.63,52
1616,1616.00,-8.27,1.93,0.39,4.30,6.90,4.30,52
1617,1617.00,-8.31,1.42,0.50,5.11,5.91,5.11,52
1618,1618.00,-8.08,0.98,0.50,5.84,5.03,5.03,52
1619,1619.00,-8.09,0.98,0.02,5.98,4.84,4.84,52
1620,1620.00,-8.08,0.97,0.02,5.09,4.82,4.82,52
1621,1621.00,-8.09,0.98,0.02,4.21,5.03,4.21,52
1622,1622.00,-8.12,1.00,0.04,3.47,5.45,3.47,52
1623,1623.00,-8.09,0.97,0.04,2.82,5.94,2.82,52
1624,1624.00,-8.10,0.96,0.02,2.42,6.59,2.42,52
1625,1625.00,-8.08,0.95,0.01,2.41,6.13,2.41,52
1626,1626.00,-8.10,0.97,0.02,2.81,5.58,2.81,52
1627,1627.00,-8.08,0.95,0.03,3.44,5.12,3.44,52
1628,1628.00,-8.10,0.96,0.02,3.12,4.88,3.12,52
1629,1629.00,-8.10,0.98,0.02,2.59,4.82,2.59,52
1630,1630.00,-8.08,0.95,0.03,2.35,4.93,2.35,52
1631,1631.00,-8.07,0.95,0.01,2.55,5.24,2.55,52
1632,1632.00,-8.07,0.95,0.00,3.08,5.74,3.08,52
1633,1633.00,-8.11,0.97,0.04,3.84,6.37,3.84,52
1634,1634.00,-8.08,0.95,0.03,4.64,7.06,4.64,52
1635,1635.00,-8.07,0.95,0.01,5.48,7.15,5.48,52
1636,1636.00,-8.07,0.95,0.01,6.34,6.45,6.34,52
1637,1637.00,-8.08,0.96,0.01,5.45,5.82,5.45,52
1638,1638.00,-8.09,0.96,0.01,4.55,5.34,4.55,52
1639,1639.00,-8.16,0.95,0.08,3.81,5.02,3.81,52
1640,1640.00,-8.24,0.97,0.08,3.20,4.94,3.20,52
1641,1641.00,-8.24,1.04,0.08,2.70,5.02,2.70,52
1642,1642.00,-8.11,1.18,0.19,2.55,5.15,2.55,52
1643,1643.00,-7.55,1.53,0.66,3.07,5.00,3.07,52
1644,1644.01,-6.95,1.72,0.63,4.07,4.86,4.07,52
1645,1645.00,-6.32,1.67,0.64,4.54,4.80,4.54,52
1646,1646.00,-5.69,1.44,0.67,3.64,3.58,3.58,52
1647,1647.00,-5.38,1.17,0.42,2.63,2.78,2.63,52
1648,1648.00,-5.30,1.02,0.17,1.55,2.43,1.55,52
1649,1649.00,-5.29,0.91,0.10,0.58,2.47,0.58,53
1650,1650.00,-5.30,1.04,0.13,0.73,3.03,0.73,53
1651,1651.00,-5.28,1.03,0.02,1.58,3.72,1.58,53
1652,1652.00,-5.23,0.54,0.49,2.79,4.04,2.79,53
1653,1653.00,-5.42,-0.09,0.66,4.38,4.26,4.26,53
1654,1654.00,-5.79,-0.66,0.68,4.78,4.58,4.58,53
1655,1655.00,-6.28,-1.13,0.68,4.43,4.97,4.43,53
1656,1656.00,-6.82,-1.55,0.69,4.11,4.36,4.11,53
1657,1657.00,-7.32,-1.99,0.66,3.80,3.30,3.30,53
1658,1658.00,-7.67,-2.54,0.65,3.43,2.69,2.69,53
1659,1659.00,-7.94,-3.15,0.66,3.10,2.92,2.92,53
1660,1660.00,-8.13,-3.78,0.66,2.77,3.83,2.77,53
1661,1661.00,-8.12,-4.40,0.62,2.50,4.99,2.50,53
1662,1662.00,-8.03,-4.71,0.33,2.16,6.03,2.16,53
1663,1663.00,-7.96,-4.87,0.17,2.87,7.06,2.87,54
1664,1664.00,-7.96,-4.88,0.02,3.65,8.03,3.65,54
1665,1665.00,-7.96,-4.90,0.02,4.58,8.98,4.58,54
1666,1666.00,-7.97,-4.91,0.02,5.51,9.63,5.51,54
1667,1667.00,-8.00,-4.91,0.03,6.47,8.69,6.47,54
1668,1668.00,-8.03,-4.91,0.03,7.44,7.71,7.44,54
1669,1669.00,-8.05,-4.91,0.03,8.41,6.76,6.76,54
1670,1670.00,-8.06,-4.91,0.01,9.41,5.83,5.83,54
1671,1671.00,-8.06,-4.91,0.00,9.89,4.87,4.87,54
1672,1672.00,-8.07,-4.91,0.01,8.92,3.97,3.97,54
1673,1673.00,-8.08,-4.91,0.01,7.95,3.11,3.11,54
1674,1674.00,-8.10,-4.91,0.02,7.03,2.41,2.41,54
1675,1675.00,-8.12,-4.90,0.02,6.04,1.95,1.95,54
1676,1676.00,-8.12,-4.90,0.00,5.12,1.92,1.92,54
1677,1677.00,-8.12,-4.90,0.00,4.18,1.87,1.87,54
1678,1678.00,-8.12,-4.90,0.00,3.32,2.18,2.18,54
1679,1679.00,-8.12,-4.90,0.00,2.57,2.81,2.57,54
1680,1680.00,-8.12,-4.90,0.00,2.63,3.64,2.63,54
1681,1681.00,-8.12,-4.88,0.02,3.35,4.52,3.35,54
1682,1682.00,-8.48,-4.74,0.38,4.27,5.63,4.27,54
1683,1683.00,-8.84,-4.31,0.57,5.05,6.60,5.05,54
1684,1684.00,-8.93,-3.99,0.33,5.83,7.36,5.83,54
1685,1685.00,-8.82,-3.65,0.36,6.51,8.02,6.51,54
1686,1686.00,-8.68,-3.43,0.26,7.22,8.70,7.22,55
1687,1687.00,-8.25,-2.87,0.70,7.55,8.27,7.55,55
1688,1688.00,-7.84,-2.32,0.69,7.86,6.66,6.66,55
1689,1689.00,-7.41,-1.76,0.70,6.46,5.16,5.16,55
1690,1690.00,-7.01,-1.21,0.68,4.80,3.80,3.80,55
1691,1691.00,-6.81,-0.86,0.40,3.45,3.03,3.03,55
1692,1692.00,-6.73,-0.69,0.18,2.26,2.80,2.26,55
1693,1693.00,-6.67,-0.51,0.19,1.15,3.07,1.15,56
1694,1694.01,-6.47,0.18,0.71,0.87,4.12,0.87,56
1695,1695.00,-6.24,0.81,0.68,2.36,5.50,2.36,56
1696,1696.00,-5.91,1.44,0.71,3.99,6.97,3.99,56
1697,1697.00,-5.57,2.06,0.70,5.39,8.46,5.39,56
1698,1698.00,-5.28,2.66,0.67,5.10,8.31,5.10,56
1699,1699.00,-5.15,3.03,0.40,4.55,7.80,4.55,56
1700,1700.00,-5.09,3.22,0.20,3.87,7.08,3.87,57
1701,1701.00,-5.08,3.22,0.01,3.05,6.22,3.05,57
1702,1702.00,-5.06,3.22,0.02,2.36,5.39,2.36,57
1703,1703.00,-5.04,3.21,0.02,1.94,4.64,1.94,57
1704,1704.00,-5.03,3.18,0.03,1.98,3.99,1.98,57
1705,1705.00,-5.02,3.17,0.01,2.48,3.49,2.48,57
1706,1706.00,-4.97,3.19,0.05,2.50,3.25,2.50,57
1707,1707.00,-4.95,3.18,0.02,1.95,3.29,1.95,57
1708,1708.00,-4.95,3.18,0.00,1.85,3.27,1.85,57
1709,1709.00,-4.96,3.18,0.01,2.25,3.24,2.25,57
1710,1710.00,-4.94,3.17,0.02,2.92,3.49,2.92,57
1711,1711.00,-4.89,3.16,0.05,3.78,3.94,3.78,57
1712,1712.00,-4.85,3.14,0.05,4.69,4.61,4.61,57
1713,1713.00,-4.80,3.12,0.05,5.61,5.35,5.35,57
1714,1714.00,-4.75,3.10,0.05,6.61,6.20,6.20,57
1715,1715.00,-4.71,3.09,0.05,6.15,7.09,6.15,57
1716,1716.00,-4.68,3.07,0.03,5.17,7.97,5.17,57
1717,1717.00,-4.66,3.08,0.02,4.25,8.95,4.25,57
1718,1718.00,-4.83,3.08,0.18,3.32,9.58,3.32,57
1719,1719.00,-5.24,2.96,0.43,2.36,8.44,2.36,57
1720,1720.00,-5.59,2.47,0.60,1.75,7.04,1.75,57
1721,1721.00,-5.86,1.86,0.67,2.30,5.62,2.30,57
1722,1722.00,-5.99,1.24,0.64,3.46,4.26,3.46,57
1723,1723.00,-5.89,0.61,0.63,4.57,3.08,3.08,57
1724,1724.00,-5.74,0.31,0.34,3.64,2.45,2.45,57
1725,1725.00,-5.64,0.19,0.15,2.66,2.45,2.45,57
1726,1726.00,-5.58,0.13,0.09,1.64,2.87,1.64,57
1727,1727.00,-5.56,0.11,0.03,0.67,3.60,0.67,57
1728,1728.00,-5.49,0.05,0.09,0.39,4.40,0.39,57
1729,1729.00,-5.41,-0.00,0.10,1.41,3.94,1.41,57
1730,1730.00,-5.45,0.02,0.04,2.35,3.18,2.35,57
1731,1731.00,-5.49,0.03,0.04,3.36,2.52,2.52,57
1732,1732.00,-5.51,0.04,0.02,3.67,2.15,2.15,57
1733,1733.00,-5.53,0.03,0.02,2.63,2.19,2.19,57
1734,1734.00,-5.54,0.04,0.01,1.63,2.65,1.63,57
1735,1735.00,-5.55,0.03,0.01,0.60,3.33,0.60,57
1736,1736.01,-5.46,0.01,0.09,0.36,4.13,0.36,57
1737,1737.00,-5.38,-0.02,0.09,1.28,5.00,1.28,57
1738,1738.00,-5.47,0.00,0.09,2.34,5.94,2.34,57
1739,1739.00,-5.49,0.01,0.03,3.33,6.26,3.33,57
1740,1740.00,-5.50,0.01,0.01,4.36,5.36,4.36,57
1741,1741.00,-5.50,0.01,0.00,4.06,4.43,4.06,57
1742,1742.00,-5.50,0.01,0.00,3.08,3.58,3.08,57
1743,1743.00,-5.50,0.01,0.00,2.06,2.82,2.06,57
1744,1744.00,-5.50,0.02,0.01,1.07,2.28,1.07,57
1745,1745.00,-5.54,0.02,0.04,0.10,2.13,0.10,57
1746,1746.00,-5.46,-0.03,0.10,0.95,2.32,0.95,57
1747,1747.00,-5.45,-0.03,0.01,1.91,2.92,1.91,57
1748,1748.00,-5.51,-0.01,0.06,2.92,3.75,2.92,57
1749,1749.00,-5.53,-0.00,0.02,3.88,4.64,3.88,57
1750,1750.00,-5.54,0.00,0.01,3.00,3.93,3.00,57
1751,1751.00,-5.54,0.01,0.01,2.01,3.11,2.01,57
1752,1752.00,-5.54,0.01,0.00,1.00,2.48,1.00,57
1753,1753.00,-5.54,0.09,0.08,0.06,2.17,0.06,57
1754,1754.00,-5.54,0.10,0.01,0.89,2.31,0.89,57
1755,1755.00,-5.54,0.10,0.00,1.93,2.80,1.93,57
1756,1756.00,-5.54,0.10,0.00,2.90,3.54,2.90,57
1757,1757.00,-5.54,0.10,0.00,3.89,4.34,3.89,57
1758,1758.00,-5.54,0.10,0.00,4.43,5.27,4.43,57
1759,1759.00,-5.51,0.11,0.04,3.43,6.21,3.43,57
1760,1760.00,-5.44,0.12,0.06,2.35,6.24,2.35,57
1761,1761.00,-5.40,0.13,0.04,1.33,5.29,1.33,57
1762,1762.00,-5.35,0.17,0.07,0.25,4.45,0.25,57
1763,1763.00,-5.35,0.14,0.02,0.75,3.54,0.75,57
1764,1764.00,-5.23,0.12,0.12,1.78,2.73,1.78,58
1765,1765.00,-5.23,0.14,0.01,2.83,2.14,2.14,58
1766,1766.00,-4.89,0.29,0.37,4.16,1.72,1.72,58
1767,1767.00,-4.60,0.71,0.51,4.58,1.67,1.67,58
1768,1768.00,-4.47,1.20,0.52,4.00,1.94,1.94,58
1769,1769.00,-4.65,1.82,0.64,3.35,2.59,2.59,58
1770,1770.00,-4.97,2.41,0.67,2.79,3.33,2.79,58
1771,1771.00,-5.40,2.92,0.66,2.46,3.50,2.46,58
1772,1772.00,-5.85,3.34,0.62,2.60,4.11,2.60,58
1773,1773.00,-6.40,3.61,0.61,3.21,4.94,3.21,58
1774,1774.00,-7.09,3.78,0.72,4.30,5.86,4.30,58
1775,1775.00,-7.69,3.71,0.60,5.46,6.58,5.46,58
1776,1776.00,-7.95,3.59,0.28,5.27,7.10,5.27,58
1777,1777.00,-8.05,3.52,0.12,4.79,7.65,4.79,58
1778,1778.00,-8.10,3.47,0.07,4.43,8.26,4.43,59
1779,1779.00,-8.31,3.08,0.44,4.13,8.62,4.13,59
1780,1780.00,-8.32,2.86,0.22,3.91,9.17,3.91,59
1781,1781.00,-8.24,2.40,0.46,3.61,8.42,3.61,59
1782,1782.00,-8.25,2.25,0.15,3.81,7.56,3.81,59
1783,1783.00,-8.30,2.24,0.05,4.31,6.93,4.31,59
1784,1784.00,-8.32,2.18,0.06,4.73,6.36,4.73,59
1785,1785.00,-8.30,2.18,0.02,4.09,5.94,4.09,59
1786,1786.00,-8.16,2.19,0.14,3.61,5.59,3.61,59
1787,1787.00,-8.02,2.15,0.14,3.22,5.34,3.22,59
1788,1788.00,-8.41,1.83,0.50,3.37,5.68,3.37,59
1789,1789.00,-8.80,1.32,0.65,4.10,6.33,4.10,59
1790,1790.00,-8.97,0.69,0.65,5.04,7.13,5.04,59
1791,1791.00,-8.87,0.04,0.66,6.04,7.50,6.04,59
1792,1792.00,-8.57,-0.57,0.68,6.98,6.64,6.64,59
1793,1793.00,-8.19,-1.14,0.68,7.11,5.72,5.72,59
1794,1794.00,-7.78,-1.71,0.70,6.11,4.79,4.79,59
1795,1795.00,-7.34,-2.28,0.72,5.21,3.76,3.76,59
1796,1796.00,-6.90,-2.79,0.68,4.36,2.78,2.78,59
1797,1797.00,-6.43,-3.30,0.69,3.72,1.73,1.73,59
1798,1798.00,-5.93,-3.84,0.73,3.43,0.69,0.69,59
1799,1799.00,-5.73,-4.06,0.30,3.14,0.54,0.54,59
1800,1800.00,-5.84,-3.98,0.14,2.78,1.54,1.54,59
