1737225559.0245466,episode_start,0,x=-25.31,y=-25.38
1737225561.8845274,episode_start,1,x=-27.67,y=-28.36
1737225567.036772,episode_start,2,x=-19.71,y=-20.34
1737225569.156533,episode_start,3,x=-21.14,y=-22.33
1737225672.4345312,episode_start,4,x=-20.75,y=-20.25
1737225774.4885185,episode_start,5,x=-17.45,y=-20.05
1737225876.8995256,episode_start,6,x=-26.88,y=-26.17
1737225901.3504877,goal_reached,6,x=-24.54,y=-22.22
1737225979.345306,episode_start,7,x=-22.62,y=-27.92
1737225981.973577,episode_start,8,x=-26.02,y=-20.60
1737225984.286852,episode_start,9,x=-22.85,y=-27.25
1737225986.406536,episode_start,10,x=-23.18,y=-23.91
1737225989.2735426,episode_start,11,x=-19.94,y=-23.91
1737226092.155534,episode_start,12,x=-18.95,y=-20.43
1737226094.4905982,episode_start,13,x=-14.16,y=-25.04
1737226096.952568,episode_start,14,x=-15.72,y=-28.37
1737226119.2165596,episode_start,15,x=-18.60,y=-25.26
1737226212.8325274,episode_start,16,x=-19.78,y=-19.70
1737226247.3035426,episode_start,17,x=-20.45,y=-21.68
1737226249.3145292,episode_start,18,x=-28.34,y=-25.57
1737226258.9345171,episode_start,19,x=-24.53,y=-21.72
1737226759.4435697,episode_start,0,x=-17.89,y=-23.99
1737226831.5125902,episode_start,1,x=-20.51,y=-24.52
1737226892.8445365,episode_start,2,x=-15.24,y=-23.84
1737226904.097875,goal_reached,2,x=-14.85,y=-22.45
1737226915.8186536,episode_start,3,x=-22.37,y=-22.65
1737226955.0536482,goal_reached,3,x=-18.33,y=-25.51
1737227006.2428873,goal_reached,3,x=-23.84,y=-21.17
1737227017.7220902,episode_start,4,x=-26.22,y=-28.41
1737227019.8775845,episode_start,5,x=-14.09,y=-25.32
1737227021.9459248,episode_start,6,x=-19.48,y=-28.21
1737227024.9075196,episode_start,7,x=-28.37,y=-21.07
1737227027.9405572,episode_start,8,x=-21.22,y=-26.66
1737227054.9706101,goal_reached,8,x=-19.02,y=-20.75
1737227134.0685225,episode_start,9,x=-15.27,y=-20.87
1737227136.1825905,episode_start,10,x=-21.93,y=-26.69
1737227138.286542,episode_start,11,x=-21.70,y=-23.02
1737227166.2238913,goal_reached,11,x=-16.70,y=-25.55
1737227186.6945224,episode_start,12,x=-28.43,y=-25.39
1737227189.027598,episode_start,13,x=-16.87,y=-27.32
1737227214.7635412,episode_start,14,x=-28.45,y=-20.99
1737227216.9745474,episode_start,15,x=-22.53,y=-28.31
1737227219.0785317,episode_start,16,x=-17.73,y=-20.07
1737227220.761542,episode_start,17,x=-16.42,y=-20.33
1737227250.3913586,goal_reached,17,x=-17.99,y=-25.38
1737227322.5705209,episode_start,18,x=-23.70,y=-20.78
1737227324.7290807,episode_start,19,x=-16.33,y=-21.24
1737227326.9375384,episode_start,20,x=-21.32,y=-26.92
1737227428.825494,episode_start,21,x=-16.12,y=-20.86
1737227530.3515277,episode_start,22,x=-19.96,y=-22.77
1737227532.5474699,episode_start,23,x=-25.32,y=-20.72
1737227534.2366571,episode_start,24,x=-14.14,y=-25.97
1737227537.8065403,episode_start,25,x=-23.39,y=-27.10
1737227579.375215,goal_reached,25,x=-17.96,y=-23.04
1737227587.0032086,goal_reached,25,x=-15.88,y=-24.43
1737227587.9084277,goal_reached,25,x=-15.56,y=-24.22
1737227614.550596,episode_start,26,x=-26.50,y=-22.38
1737227685.3915317,episode_start,27,x=-28.08,y=-23.05
1737227687.5265422,episode_start,28,x=-23.46,y=-23.22
1737227690.4105294,episode_start,29,x=-20.71,y=-22.43
1737227692.1675472,episode_start,30,x=-22.71,y=-25.07
1737227743.3707356,goal_reached,30,x=-18.06,y=-20.63
1737227777.8408933,goal_reached,30,x=-19.50,y=-21.71
1737227778.73899,goal_reached,30,x=-20.26,y=-21.87
1737227797.547536,episode_start,31,x=-15.85,y=-24.48
1737227899.1995432,episode_start,32,x=-19.17,y=-25.26
1737227904.0268323,goal_reached,32,x=-16.77,y=-24.66
1737227906.8898594,goal_reached,32,x=-17.45,y=-25.20
1737228000.8195696,episode_start,33,x=-23.17,y=-20.04
1737228003.4715405,episode_start,34,x=-28.30,y=-20.71
1737228005.627594,episode_start,35,x=-23.96,y=-25.15
1737228007.3595533,episode_start,36,x=-16.15,y=-26.20
1737228038.650976,goal_reached,36,x=-20.24,y=-26.16
1737228109.3668811,episode_start,37,x=-24.03,y=-26.34
1737228120.0755317,episode_start,38,x=-22.67,y=-24.13
1737228133.463357,goal_reached,38,x=-26.30,y=-20.89
1737228155.3635783,episode_start,39,x=-21.91,y=-27.01
1737228256.9636045,episode_start,40,x=-26.49,y=-25.10
1737228259.1205397,episode_start,41,x=-26.76,y=-25.49
1737228261.4275682,episode_start,42,x=-22.85,y=-27.38
1737228263.5416355,episode_start,43,x=-18.63,y=-23.23
1737228264.2072902,goal_reached,43,x=-18.47,y=-22.84
1737228267.9047906,goal_reached,43,x=-19.86,y=-23.16
1737228357.96398,goal_reached,43,x=-22.43,y=-26.10
1737228360.0239205,goal_reached,43,x=-21.55,y=-25.56
1737228363.2707262,goal_reached,43,x=-20.23,y=-24.00
1737228366.0685194,episode_start,44,x=-16.67,y=-20.28
1737228368.6755202,episode_start,45,x=-22.16,y=-25.35
1737228374.8772037,goal_reached,45,x=-22.23,y=-24.61
1737228389.3345876,episode_start,46,x=-18.42,y=-19.53
1737228450.5353012,episode_start,47,x=-25.12,y=-24.94
1737228452.7235572,episode_start,48,x=-20.92,y=-26.66
1737228554.6465213,episode_start,49,x=-24.53,y=-20.97
1737228569.2180462,episode_start,50,x=-23.98,y=-19.99
1737228571.3245392,episode_start,51,x=-21.79,y=-27.28
1737228592.787512,episode_start,52,x=-14.62,y=-23.74
1737228662.6994414,goal_reached,52,x=-23.14,y=-27.89
1737228687.9838734,goal_reached,52,x=-25.79,y=-27.89
1737228694.4685392,episode_start,53,x=-22.50,y=-22.60
1737228696.710539,episode_start,54,x=-18.88,y=-27.15
1737228798.2995667,episode_start,55,x=-17.43,y=-27.76
1737228800.4555063,episode_start,56,x=-24.96,y=-28.33
1737228802.540621,episode_start,57,x=-23.40,y=-20.26
1737228904.3828356,episode_start,58,x=-17.35,y=-26.84
1737228906.5005472,episode_start,59,x=-21.65,y=-20.00
1737228909.0035303,episode_start,60,x=-27.21,y=-24.52
1737228910.6915958,episode_start,61,x=-22.63,y=-23.83
1737228912.8975222,episode_start,62,x=-21.98,y=-26.71
1737228927.7272143,goal_reached,62,x=-22.56,y=-24.08
1737228975.3185725,episode_start,63,x=-15.98,y=-20.51
1737229076.9825702,episode_start,64,x=-24.99,y=-22.24
1737229079.1877968,episode_start,65,x=-26.03,y=-22.38
1737229081.294574,episode_start,66,x=-24.91,y=-25.11
1737229083.3415778,episode_start,67,x=-21.79,y=-26.13
1737229184.9145286,episode_start,68,x=-16.93,y=-23.25
1737229286.499531,episode_start,69,x=-26.22,y=-24.59
1737229315.5415096,episode_start,70,x=-26.73,y=-20.50
1737229317.7125401,episode_start,71,x=-27.13,y=-25.76
1737229320.2815146,episode_start,72,x=-20.61,y=-22.47
1737229322.3095276,episode_start,73,x=-14.48,y=-23.31
1737229324.5165803,episode_start,74,x=-15.33,y=-28.48
1737229326.618536,episode_start,75,x=-19.52,y=-24.31
1737229329.126549,episode_start,76,x=-20.58,y=-22.58
1737229431.2985265,episode_start,77,x=-23.77,y=-26.10
1737229484.3845575,episode_start,78,x=-18.45,y=-20.92
1737229487.3915918,episode_start,79,x=-26.35,y=-19.98
1737229489.059307,episode_start,80,x=-16.39,y=-20.56
1737229590.6435544,episode_start,81,x=-18.62,y=-23.53
1737229592.8055654,episode_start,82,x=-27.52,y=-23.61
1737229594.516653,episode_start,83,x=-22.92,y=-23.73
1737229596.2895284,episode_start,84,x=-25.24,y=-26.55
1737229598.5025213,episode_start,85,x=-17.17,y=-19.60
1737229601.1665401,episode_start,86,x=-15.27,y=-22.59
1737229602.8345208,episode_start,87,x=-17.79,y=-27.15
1737229606.0895627,episode_start,88,x=-17.93,y=-27.77
1737229624.0510576,goal_reached,88,x=-17.73,y=-22.66
1737229659.0935202,episode_start,89,x=-26.11,y=-21.29
1737229687.154923,goal_reached,89,x=-18.49,y=-21.74
1737229697.0226126,goal_reached,89,x=-17.59,y=-20.36
1737229728.4542387,goal_reached,89,x=-15.17,y=-25.39
1737229736.282176,goal_reached,89,x=-14.86,y=-20.87
1737229760.6482713,episode_start,90,x=-17.12,y=-23.24
1737229799.613774,goal_reached,90,x=-18.86,y=-22.28
1737229862.5485256,episode_start,91,x=-19.66,y=-20.55
1737229865.167581,episode_start,92,x=-21.38,y=-20.54
1737229873.2554703,goal_reached,92,x=-20.51,y=-20.77
1737229967.298549,episode_start,93,x=-25.21,y=-25.60
1737229987.0199926,goal_reached,93,x=-27.60,y=-26.39
1737229991.1353686,goal_reached,93,x=-27.56,y=-26.63
1737230062.5125806,episode_start,94,x=-15.93,y=-21.76
1737230164.0361643,episode_start,95,x=-22.46,y=-23.03
1737230185.9889607,goal_reached,95,x=-19.16,y=-21.69
1737230266.10455,episode_start,96,x=-22.73,y=-27.16
1737230268.6096542,episode_start,97,x=-28.22,y=-25.84
1737230270.7729175,episode_start,98,x=-14.23,y=-27.64
1737230283.6945267,episode_start,99,x=-23.39,y=-20.24
1737230299.4153588,goal_reached,99,x=-28.33,y=-22.31
1737230388.9715354,episode_start,100,x=-25.63,y=-23.40
1737230390.745567,episode_start,101,x=-21.26,y=-26.78
1737230393.9415333,episode_start,102,x=-18.73,y=-20.68
1737230396.0465324,episode_start,103,x=-26.57,y=-28.36
1737230398.395534,episode_start,104,x=-17.31,y=-23.82
1737230499.981176,episode_start,105,x=-14.56,y=-22.68
1737230503.1945283,episode_start,106,x=-16.37,y=-23.66
1737230521.0665529,episode_start,107,x=-25.29,y=-21.11
1737230523.3745432,episode_start,108,x=-27.30,y=-26.29
1737230525.0805302,episode_start,109,x=-21.94,y=-22.22
1737230526.8275828,episode_start,110,x=-27.74,y=-27.49
1737230529.0435174,episode_start,111,x=-27.08,y=-25.73
1737230537.7083027,goal_reached,111,x=-23.52,y=-23.44
1737230593.328018,episode_start,112,x=-27.45,y=-22.04
1737230593.3552907,goal_reached,112,x=-27.44,y=-22.02
1737230595.6065357,episode_start,113,x=-23.57,y=-25.15
1737230597.294567,episode_start,114,x=-27.83,y=-20.32
1737230601.2165334,episode_start,115,x=-26.49,y=-22.11
1737230602.2365973,goal_reached,115,x=-26.39,y=-21.62
1737230702.9075475,episode_start,116,x=-18.19,y=-26.43
1737230804.5015717,episode_start,117,x=-18.94,y=-27.06
1737230906.1495402,episode_start,118,x=-21.23,y=-24.31
1737230908.4175441,episode_start,119,x=-16.68,y=-23.56
1737231010.0065413,episode_start,120,x=-25.38,y=-20.22
1737231012.2275422,episode_start,121,x=-27.48,y=-23.54
1737231094.0446262,goal_reached,121,x=-19.69,y=-22.10
1737231115.2815316,episode_start,122,x=-16.17,y=-23.78
1737231117.5100262,episode_start,123,x=-22.90,y=-28.15
1737231160.549414,goal_reached,123,x=-27.64,y=-26.60
1737231164.6632254,goal_reached,123,x=-25.76,y=-26.31
1737231220.1225526,episode_start,124,x=-14.70,y=-23.76
1737231321.6720593,episode_start,125,x=-14.85,y=-26.02
1737231423.2645998,episode_start,126,x=-15.46,y=-22.12
1737231425.938447,goal_reached,126,x=-16.79,y=-23.91
1737231434.511356,goal_reached,126,x=-15.12,y=-23.55
1737231524.848533,episode_start,127,x=-20.85,y=-27.50
1737231527.0955472,episode_start,128,x=-15.70,y=-21.70
1737231528.7685342,episode_start,129,x=-24.55,y=-21.31
1737231532.5323145,goal_reached,129,x=-24.62,y=-22.34
1737231536.0895596,goal_reached,129,x=-25.14,y=-24.53
1737231598.5815241,episode_start,130,x=-21.52,y=-23.10
1737231600.7315326,episode_start,131,x=-24.03,y=-23.92
1737231602.9625218,episode_start,132,x=-27.28,y=-28.44
1737231604.9655497,episode_start,133,x=-16.61,y=-23.86
1737231615.0157177,goal_reached,133,x=-20.31,y=-24.44
1737231636.8125336,episode_start,134,x=-20.57,y=-27.54
1737231692.4597223,goal_reached,134,x=-24.98,y=-27.21
1737231709.8949137,goal_reached,134,x=-21.97,y=-26.18
1737231739.4295611,episode_start,135,x=-24.32,y=-19.95
1737231743.3815281,episode_start,136,x=-22.68,y=-26.44
1737231745.6595762,episode_start,137,x=-14.97,y=-23.51
1737231747.8105688,episode_start,138,x=-20.37,y=-26.51
1737231749.5595832,episode_start,139,x=-26.29,y=-23.51
1737231755.986564,episode_start,140,x=-20.08,y=-23.62
1737231758.2305555,episode_start,141,x=-14.31,y=-28.26
1737231785.2844532,goal_reached,141,x=-17.22,y=-22.59
1737231860.2180464,episode_start,142,x=-23.90,y=-27.71
1737231962.0013173,episode_start,143,x=-24.86,y=-27.88
1737231970.7775373,episode_start,144,x=-15.67,y=-23.04
1737231991.9014373,episode_start,145,x=-18.19,y=-20.94
1737232093.4695303,episode_start,146,x=-23.11,y=-28.05
1737232095.5895276,episode_start,147,x=-24.15,y=-22.22
1737232097.6975315,episode_start,148,x=-19.34,y=-21.21
1737232099.8561516,episode_start,149,x=-21.60,y=-23.23
1737232104.8815455,episode_start,150,x=-27.94,y=-20.47
1737232116.0035238,episode_start,151,x=-25.47,y=-28.42
1737232118.1325946,episode_start,152,x=-14.28,y=-26.21
1737232119.8225613,episode_start,153,x=-18.63,y=-25.63
1737232121.9935474,episode_start,154,x=-25.07,y=-27.94
1737232134.3725426,episode_start,155,x=-28.23,y=-23.85
1737232165.3197637,goal_reached,155,x=-21.49,y=-23.06
1737232191.7229595,goal_reached,155,x=-27.66,y=-26.23
1737232221.4401221,goal_reached,155,x=-20.71,y=-23.67
1737232237.5643332,episode_start,156,x=-24.99,y=-21.48
1737232239.7695293,episode_start,157,x=-23.67,y=-26.36
1737232241.9205275,episode_start,158,x=-23.30,y=-26.84
1737232244.0855951,episode_start,159,x=-26.06,y=-21.33
1737232245.837615,episode_start,160,x=-14.62,y=-25.21
1737232248.3995059,episode_start,161,x=-21.67,y=-25.59
1737232250.2784758,episode_start,162,x=-22.33,y=-20.70
1737232251.9905329,episode_start,163,x=-24.71,y=-27.17
1737232254.6411676,episode_start,164,x=-24.31,y=-27.38
1737232275.4655397,episode_start,165,x=-20.80,y=-24.30
1737232277.5726688,episode_start,166,x=-20.13,y=-23.09
1737232401.1915672,episode_start,167,x=-16.14,y=-23.25
1737232502.8075244,episode_start,168,x=-18.36,y=-24.75
1737232504.9685829,episode_start,169,x=-27.60,y=-24.03
1737232557.9025388,episode_start,170,x=-18.26,y=-23.82
1737232557.9287887,goal_reached,170,x=-18.28,y=-23.79
1737232559.6872163,episode_start,171,x=-21.90,y=-28.14
1737232561.3815536,episode_start,172,x=-27.14,y=-26.98
1737232574.3915505,episode_start,173,x=-25.89,y=-21.89
1737232576.2175283,episode_start,174,x=-26.60,y=-24.87
1737232577.8915246,episode_start,175,x=-16.28,y=-19.96
1737232679.6405475,episode_start,176,x=-21.91,y=-25.73
1737232781.302541,episode_start,177,x=-28.11,y=-22.85
1737232786.233566,episode_start,178,x=-18.24,y=-20.40
1737232786.2592118,goal_reached,178,x=-18.24,y=-20.38
1737232788.3435376,episode_start,179,x=-24.51,y=-27.79
1737232790.0085642,episode_start,180,x=-14.60,y=-25.80
1737232792.3675478,episode_start,181,x=-25.08,y=-20.35
1737232804.8325686,episode_start,182,x=-28.02,y=-27.61
1737232808.591532,episode_start,183,x=-26.49,y=-27.18
1737232836.2595212,episode_start,184,x=-27.53,y=-20.04
1737232873.4425602,episode_start,185,x=-20.91,y=-24.97
1737232875.6185584,episode_start,186,x=-20.91,y=-20.27
1737232977.6045122,episode_start,187,x=-26.81,y=-21.62
1737232979.7605822,episode_start,188,x=-28.09,y=-28.41
1737232983.5745785,episode_start,189,x=-15.43,y=-24.24
1737232985.5775576,episode_start,190,x=-15.27,y=-21.32
1737232987.6916163,episode_start,191,x=-28.46,y=-25.80
1737233060.618311,episode_start,192,x=-23.66,y=-27.55
1737233136.8530395,episode_start,193,x=-15.78,y=-26.85
1737233139.08755,episode_start,194,x=-27.50,y=-23.28
1737233141.6105592,episode_start,195,x=-17.72,y=-21.93
1737233144.0795581,episode_start,196,x=-18.68,y=-22.70
1737233146.1750226,episode_start,197,x=-15.17,y=-20.51
1737233148.1239107,episode_start,198,x=-19.10,y=-25.83
1737233249.6995301,episode_start,199,x=-17.29,y=-22.24
1737233251.9215658,episode_start,200,x=-25.74,y=-21.53
1737233254.3785276,episode_start,201,x=-23.32,y=-25.73
1737233256.0505905,episode_start,202,x=-17.54,y=-21.35
1737233258.1535323,episode_start,203,x=-14.49,y=-19.93
1737233259.830078,episode_start,204,x=-28.21,y=-23.10
1737233262.0545294,episode_start,205,x=-27.93,y=-23.00
1737233281.170533,episode_start,206,x=-22.87,y=-28.39
1737233323.3485372,episode_start,207,x=-16.55,y=-20.77
1737233325.3977494,episode_start,208,x=-22.39,y=-22.54
1737233361.578585,goal_reached,208,x=-17.88,y=-20.53
1737233418.142912,goal_reached,208,x=-18.71,y=-25.09
1737233423.0026011,goal_reached,208,x=-19.74,y=-22.86
1737233427.0995243,episode_start,209,x=-19.03,y=-24.84
1737233530.448062,episode_start,210,x=-20.59,y=-19.98
1737233632.041718,episode_start,211,x=-28.49,y=-25.51
1737233636.001534,episode_start,212,x=-27.36,y=-26.29
1737233642.9722795,goal_reached,212,x=-27.86,y=-24.21
1737233648.4645736,episode_start,213,x=-14.93,y=-26.06
1737233750.0295217,episode_start,214,x=-25.10,y=-24.75
1737233764.8964472,goal_reached,214,x=-22.98,y=-24.24
1737233851.8685396,episode_start,215,x=-14.05,y=-24.19
1737233854.2025802,episode_start,216,x=-23.08,y=-24.77
1737233862.8772495,goal_reached,216,x=-21.28,y=-27.45
1737233867.0372095,goal_reached,216,x=-21.91,y=-25.47
1737233957.186524,episode_start,217,x=-25.67,y=-21.93
1737233981.2823925,goal_reached,217,x=-24.99,y=-20.65
1737233998.5975096,episode_start,218,x=-14.14,y=-27.73
1737234000.7355177,episode_start,219,x=-19.93,y=-22.26
1737234102.6075146,episode_start,220,x=-25.92,y=-21.81
1737234104.7655327,episode_start,221,x=-22.72,y=-23.09
1737234106.996565,episode_start,222,x=-24.10,y=-19.98
1737234108.6765482,episode_start,223,x=-25.56,y=-26.10
1737234144.5045295,episode_start,224,x=-19.70,y=-21.67
1737234146.9138417,episode_start,225,x=-26.90,y=-24.83
1737234148.6005378,episode_start,226,x=-22.78,y=-20.11
1737234250.0985394,episode_start,227,x=-14.92,y=-20.61
1737234253.4035618,episode_start,228,x=-18.56,y=-25.89
1737234255.3779678,goal_reached,228,x=-19.14,y=-25.88
1737234300.9509127,goal_reached,228,x=-20.66,y=-23.92
1737234356.7735555,episode_start,229,x=-18.75,y=-26.71
1737234359.130551,episode_start,230,x=-19.62,y=-26.10
1737234460.7095628,episode_start,231,x=-14.77,y=-21.44
1737234462.91554,episode_start,232,x=-23.43,y=-22.64
1737234464.6435525,episode_start,233,x=-20.41,y=-25.02
1737234470.7260756,goal_reached,233,x=-17.58,y=-25.35
1737234478.350895,goal_reached,233,x=-16.43,y=-22.26
1737234504.7360191,goal_reached,233,x=-16.07,y=-19.76
1737234516.124467,goal_reached,233,x=-16.80,y=-25.59
1737234523.3835523,episode_start,234,x=-25.50,y=-25.48
1737234525.5965607,episode_start,235,x=-19.75,y=-21.32
1737234527.605567,episode_start,236,x=-14.08,y=-22.32
1737234538.2505355,episode_start,237,x=-21.21,y=-25.58
1737234540.3705227,episode_start,238,x=-26.53,y=-26.12
1737234542.3196177,episode_start,239,x=-17.12,y=-25.11
1737234643.902528,episode_start,240,x=-19.82,y=-27.55
1737234677.4635487,episode_start,241,x=-26.40,y=-28.30
1737234684.6865282,episode_start,242,x=-24.02,y=-22.63
1737234686.8385653,episode_start,243,x=-19.95,y=-25.04
1737234753.010596,goal_reached,243,x=-20.62,y=-24.15
1737234789.2585037,episode_start,244,x=-28.49,y=-21.67
1737234791.4165206,episode_start,245,x=-25.32,y=-26.21
1737234793.0879636,episode_start,246,x=-20.15,y=-28.46
1737234868.0055306,episode_start,247,x=-14.39,y=-26.07
1737234969.562526,episode_start,248,x=-17.42,y=-23.01
1737234971.7665539,episode_start,249,x=-27.94,y=-22.09
1737234973.458595,episode_start,250,x=-15.89,y=-26.02
1737234975.572536,episode_start,251,x=-24.31,y=-27.04
1737234977.681535,episode_start,252,x=-23.62,y=-23.53
1737234979.7935407,episode_start,253,x=-27.62,y=-23.41
1737235004.5505278,episode_start,254,x=-28.01,y=-23.11
1737235007.7385492,episode_start,255,x=-26.37,y=-25.33
1737235112.6778426,episode_start,256,x=-22.74,y=-25.38
1737235115.0091467,episode_start,257,x=-19.54,y=-20.47
1737235117.1695206,episode_start,258,x=-22.40,y=-25.08
1737235177.6910655,goal_reached,258,x=-15.31,y=-25.22
1737235184.812611,goal_reached,258,x=-15.87,y=-23.44
1737235218.9330313,episode_start,259,x=-25.97,y=-24.93
1737235221.138527,episode_start,260,x=-20.71,y=-23.22
1737235222.9055302,episode_start,261,x=-24.50,y=-21.73
1737235238.1815999,episode_start,262,x=-26.25,y=-19.63
1737235244.146119,episode_start,263,x=-16.58,y=-23.79
1737235331.2286236,episode_start,264,x=-26.30,y=-22.80
1737235373.3545709,episode_start,265,x=-22.52,y=-24.07
1737235375.5615544,episode_start,266,x=-26.38,y=-27.78
1737235377.2475252,episode_start,267,x=-19.02,y=-22.19
1737235379.4240086,episode_start,268,x=-25.24,y=-22.48
1737235381.1825252,episode_start,269,x=-24.80,y=-23.80
1737235383.542529,episode_start,270,x=-28.07,y=-23.99
1737235386.749585,episode_start,271,x=-17.68,y=-21.68
1737235388.9065828,episode_start,272,x=-17.04,y=-20.77
1737235390.6565344,episode_start,273,x=-20.56,y=-25.19
1737235413.753527,episode_start,274,x=-23.82,y=-23.33
1737235415.9269137,episode_start,275,x=-28.40,y=-25.18
1737235519.3845258,episode_start,276,x=-20.56,y=-27.71
1737235578.7705498,episode_start,277,x=-19.33,y=-23.14
1737235584.0318134,episode_start,278,x=-19.76,y=-26.69
1737235586.041563,episode_start,279,x=-21.09,y=-27.19
1737235588.0195646,episode_start,280,x=-28.04,y=-23.01
1737235675.3387685,episode_start,281,x=-15.25,y=-22.17
1737235677.5505466,episode_start,282,x=-14.64,y=-21.58
1737235780.7675967,episode_start,283,x=-26.50,y=-20.69
1737235782.977594,episode_start,284,x=-20.07,y=-27.91
1737235784.9825232,episode_start,285,x=-24.94,y=-21.19
1737235787.1355338,episode_start,286,x=-26.90,y=-27.63
1737235811.9055653,episode_start,287,x=-21.87,y=-21.37
1737235831.2228787,goal_reached,287,x=-20.75,y=-24.91
1737235880.7977095,goal_reached,287,x=-19.16,y=-21.50
1737235914.170524,episode_start,288,x=-24.31,y=-19.83
1737235914.5860038,goal_reached,288,x=-24.03,y=-20.23
1737235917.0455475,episode_start,289,x=-20.46,y=-22.72
1737235926.2494664,goal_reached,289,x=-17.49,y=-25.98
1737236018.7574782,episode_start,290,x=-23.91,y=-28.15
1737236021.7290118,episode_start,291,x=-14.72,y=-22.91
1737236069.3515584,episode_start,292,x=-21.53,y=-22.22
1737236071.6395257,episode_start,293,x=-20.69,y=-28.12
1737236073.7185292,episode_start,294,x=-18.56,y=-23.76
1737236175.4295633,episode_start,295,x=-28.26,y=-21.80
1737236177.548525,episode_start,296,x=-24.04,y=-23.30
1737236287.3812122,episode_start,297,x=-19.91,y=-22.26
1737236289.5455406,episode_start,298,x=-26.00,y=-22.76
1737236291.236532,episode_start,299,x=-25.11,y=-22.97
1737236315.2278671,goal_reached,299,x=-25.52,y=-20.44
1737236323.3445427,episode_start,300,x=-23.64,y=-27.30
1737236325.5645351,episode_start,301,x=-25.82,y=-24.03
1737236331.5865436,episode_start,302,x=-23.92,y=-26.00
1737236333.7726297,episode_start,303,x=-24.97,y=-26.26
1737236345.9025552,episode_start,304,x=-15.99,y=-26.23
1737236371.6135378,goal_reached,304,x=-15.45,y=-24.70
1737236385.4398983,episode_start,305,x=-16.61,y=-26.22
1737236487.0575209,episode_start,306,x=-14.66,y=-22.89
1737236540.143528,episode_start,307,x=-27.20,y=-20.80
1737236542.2495565,episode_start,308,x=-21.87,y=-21.78
1737236563.8468769,goal_reached,308,x=-22.29,y=-23.09
1737236644.2894287,episode_start,309,x=-19.43,y=-23.57
1737236747.3875482,episode_start,310,x=-19.96,y=-23.21
1737236849.6413596,episode_start,311,x=-22.99,y=-22.36
1737236851.8255904,episode_start,312,x=-21.08,y=-22.45
1737236855.7255642,episode_start,313,x=-28.03,y=-24.75
1737236857.4995587,episode_start,314,x=-14.88,y=-20.98
1737236959.0755944,episode_start,315,x=-17.95,y=-25.48
1737237060.732537,episode_start,316,x=-26.07,y=-24.73
1737237062.889576,episode_start,317,x=-16.58,y=-22.02
1737237064.638565,episode_start,318,x=-26.75,y=-21.98
1737237066.7526317,episode_start,319,x=-18.23,y=-26.61
1737237066.7779927,goal_reached,319,x=-17.15,y=-25.83
1737237078.758913,goal_reached,319,x=-15.17,y=-25.91
1737237168.3556168,episode_start,320,x=-27.95,y=-26.20
1737237170.4545257,episode_start,321,x=-19.14,y=-20.33
1737237172.7145777,episode_start,322,x=-17.37,y=-21.03
1737237172.7420416,goal_reached,322,x=-16.78,y=-21.20
1737237174.9188297,episode_start,323,x=-14.15,y=-24.78
1737237277.6275625,episode_start,324,x=-27.72,y=-26.52
1737237324.3205438,episode_start,325,x=-23.41,y=-19.52
1737237326.524549,episode_start,326,x=-14.28,y=-24.17
1737237328.583563,episode_start,327,x=-14.23,y=-22.59
1737237330.2695327,episode_start,328,x=-28.28,y=-25.69
1737237333.3165941,episode_start,329,x=-20.38,y=-25.40
1737237335.5695653,episode_start,330,x=-24.41,y=-24.86
1737237437.979539,episode_start,331,x=-17.08,y=-22.16
1737237440.1315572,episode_start,332,x=-14.11,y=-27.98
1737237441.8575544,episode_start,333,x=-21.52,y=-23.01
1737237464.4579098,goal_reached,333,x=-20.48,y=-22.09
1737237482.193709,goal_reached,333,x=-24.36,y=-22.27
1737237540.2995243,episode_start,334,x=-14.07,y=-23.37
1737237542.4415705,episode_start,335,x=-24.79,y=-26.29
1737237544.1105282,episode_start,336,x=-22.15,y=-22.12
1737237645.7695146,episode_start,337,x=-27.50,y=-25.05
1737237652.0346143,goal_reached,337,x=-26.39,y=-25.06
1737237747.5245752,episode_start,338,x=-14.75,y=-25.77
1737237849.1855206,episode_start,339,x=-18.75,y=-25.33
1737237851.3435526,episode_start,340,x=-24.62,y=-22.40
1737237952.8625154,episode_start,341,x=-15.44,y=-25.03
1737238054.4664826,episode_start,342,x=-23.28,y=-22.19
1737238056.6905394,episode_start,343,x=-22.89,y=-20.64
1737238058.8485532,episode_start,344,x=-14.23,y=-21.20
1737238061.4065185,episode_start,345,x=-14.87,y=-21.59
1737238063.410912,episode_start,346,x=-24.14,y=-25.53
1737238066.1465762,episode_start,347,x=-27.71,y=-19.90
1737238067.8325608,episode_start,348,x=-22.02,y=-24.69
1737238067.8659897,goal_reached,348,x=-22.02,y=-24.69
1737238071.6595316,episode_start,349,x=-27.23,y=-25.76
1737238082.5525384,episode_start,350,x=-26.14,y=-19.89
1737238124.239544,episode_start,351,x=-18.20,y=-20.72
1737238127.502521,episode_start,352,x=-21.02,y=-26.46
1737238223.2835543,episode_start,353,x=-17.31,y=-25.37
1737238313.4885216,episode_start,354,x=-21.45,y=-23.19
1737238416.9060602,episode_start,355,x=-26.90,y=-27.87
1737238440.4345415,episode_start,356,x=-21.64,y=-21.89
1737238442.89358,episode_start,357,x=-23.32,y=-20.19
1737238445.013526,episode_start,358,x=-24.67,y=-23.58
1737238446.7225971,episode_start,359,x=-26.87,y=-23.59
1737238451.9907076,goal_reached,359,x=-24.39,y=-22.07
1737238548.610535,episode_start,360,x=-28.20,y=-28.04
1737238554.635526,episode_start,361,x=-20.45,y=-26.07
1737238567.5473807,goal_reached,361,x=-20.45,y=-28.04
1737238569.8405938,goal_reached,361,x=-20.59,y=-27.02
1737238656.77253,episode_start,362,x=-20.24,y=-21.13
1737238659.0785394,episode_start,363,x=-24.07,y=-20.11
1737238660.7685895,episode_start,364,x=-15.46,y=-23.02
1737238663.0565672,episode_start,365,x=-16.78,y=-28.45
1737238664.731518,episode_start,366,x=-14.04,y=-25.79
1737238666.9158149,episode_start,367,x=-19.21,y=-23.20
1737238669.0141325,episode_start,368,x=-16.98,y=-22.48
1737238672.1465364,episode_start,369,x=-24.07,y=-25.69
1737238673.8115356,episode_start,370,x=-20.10,y=-26.69
1737238775.336197,episode_start,371,x=-25.78,y=-26.68
1737238777.8465216,episode_start,372,x=-19.80,y=-24.67
1737238879.3855743,episode_start,373,x=-16.30,y=-27.35
1737238881.640578,episode_start,374,x=-27.27,y=-24.74
1737238934.0635235,episode_start,375,x=-25.60,y=-27.66
1737238950.7285273,episode_start,376,x=-14.20,y=-20.32
1737238953.2315392,episode_start,377,x=-21.90,y=-25.27
1737239055.0075357,episode_start,378,x=-28.46,y=-26.18
1737239057.2644851,episode_start,379,x=-27.39,y=-27.56
1737239144.291593,episode_start,380,x=-26.60,y=-28.10
1737239163.9611084,goal_reached,380,x=-28.01,y=-25.23
1737239246.0965195,episode_start,381,x=-18.02,y=-25.04
1737239248.2525935,episode_start,382,x=-25.39,y=-21.51
1737239249.945574,episode_start,383,x=-16.98,y=-26.45
1737239351.5625558,episode_start,384,x=-18.90,y=-26.84
1737239452.1655455,episode_start,385,x=-22.14,y=-26.19
1737239456.051546,episode_start,386,x=-17.34,y=-26.15
1737239458.990535,episode_start,387,x=-25.88,y=-24.21
1737239467.5815232,episode_start,388,x=-26.94,y=-23.28
1737239469.7605553,episode_start,389,x=-22.53,y=-21.51
1737239471.4526167,episode_start,390,x=-16.37,y=-27.51
1737239573.0399044,episode_start,391,x=-23.22,y=-19.67
1737239573.06135,goal_reached,391,x=-23.22,y=-19.67
1737239576.888526,episode_start,392,x=-26.42,y=-25.16
1737239637.007113,goal_reached,392,x=-24.16,y=-21.85
1737239679.945562,episode_start,393,x=-17.42,y=-27.62
1737239682.2675927,episode_start,394,x=-26.03,y=-24.12
1737239684.2715406,episode_start,395,x=-17.85,y=-25.06
1737239685.9646208,episode_start,396,x=-18.11,y=-23.09
1737239697.533314,goal_reached,396,x=-16.65,y=-22.05
1737239787.5655336,episode_start,397,x=-27.57,y=-25.42
1737239789.881559,episode_start,398,x=-20.03,y=-19.80
1737239791.985775,episode_start,399,x=-16.05,y=-24.82
1737239893.5915706,episode_start,400,x=-23.31,y=-24.92
1737239895.7565472,episode_start,401,x=-27.19,y=-28.22
1737239897.9101896,episode_start,402,x=-21.56,y=-21.30
1737239899.8585165,episode_start,403,x=-24.41,y=-27.95
1737239901.9655426,episode_start,404,x=-20.74,y=-25.71
1737240003.5320663,episode_start,405,x=-15.66,y=-20.95
1737240004.0483272,goal_reached,405,x=-15.44,y=-20.68
1737240019.1326756,goal_reached,405,x=-18.95,y=-21.54
1737240105.0275424,episode_start,406,x=-28.11,y=-22.37
1737240107.5543895,episode_start,407,x=-27.67,y=-26.51
1737240210.115533,episode_start,408,x=-26.29,y=-19.98
1737240212.2230623,episode_start,409,x=-27.65,y=-26.03
1737240213.8975227,episode_start,410,x=-24.68,y=-24.50
1737240213.9211726,goal_reached,410,x=-24.67,y=-24.82
1737240315.5332208,episode_start,411,x=-27.26,y=-24.02
1737240317.6755266,episode_start,412,x=-18.40,y=-27.11
1737240319.924358,episode_start,413,x=-23.19,y=-26.46
1737240321.6415262,episode_start,414,x=-20.33,y=-27.13
1737240324.4665563,episode_start,415,x=-23.84,y=-27.50
1737240326.5205781,episode_start,416,x=-17.63,y=-21.78
1737240328.5686133,episode_start,417,x=-25.88,y=-24.51
1737240330.6825213,episode_start,418,x=-24.68,y=-21.41
1737240332.8435585,episode_start,419,x=-23.95,y=-23.43
1737240334.6265988,episode_start,420,x=-27.66,y=-28.33
1737240436.626572,episode_start,421,x=-21.63,y=-28.11
1737240438.992527,episode_start,422,x=-27.03,y=-23.56
1737240540.6995203,episode_start,423,x=-27.30,y=-23.47
1737240542.8476164,episode_start,424,x=-23.04,y=-25.13
1737240647.2005424,episode_start,425,x=-27.38,y=-23.22
1737240653.3605428,episode_start,426,x=-25.60,y=-24.82
1737240655.2125654,episode_start,427,x=-14.82,y=-20.71
1737240657.4055614,episode_start,428,x=-15.48,y=-21.11
1737240659.506628,episode_start,429,x=-16.39,y=-22.24
1737240755.9958727,goal_reached,429,x=-20.54,y=-26.58
1737240761.128585,episode_start,430,x=-22.68,y=-26.26
1737240763.9028761,goal_reached,430,x=-21.77,y=-26.01
1737240819.557518,episode_start,431,x=-18.28,y=-23.40
1737240821.7815213,episode_start,432,x=-21.34,y=-21.91
1737240834.232566,goal_reached,432,x=-22.85,y=-21.16
1737240930.3455472,episode_start,433,x=-27.83,y=-22.49
1737240932.5045235,episode_start,434,x=-22.11,y=-23.87
1737240934.6685429,episode_start,435,x=-22.92,y=-23.69
1737240956.487065,goal_reached,435,x=-22.08,y=-22.44
1737241036.4295616,episode_start,436,x=-25.03,y=-24.15
1737241123.2425358,episode_start,437,x=-25.07,y=-19.77
1737241225.9355216,episode_start,438,x=-14.16,y=-23.02
1737241327.4416096,episode_start,439,x=-18.68,y=-26.89
1737241429.0725746,episode_start,440,x=-28.03,y=-26.40
1737241431.2866163,episode_start,441,x=-23.04,y=-22.24
1737241432.9665365,episode_start,442,x=-16.87,y=-19.88
1737241435.3045552,episode_start,443,x=-28.48,y=-23.72
1737241437.447572,episode_start,444,x=-23.10,y=-22.81
1737241439.2565632,episode_start,445,x=-18.98,y=-23.65
1737241454.2288554,goal_reached,445,x=-17.10,y=-20.35
1737241486.6675408,goal_reached,445,x=-20.03,y=-23.48
1737241541.51256,episode_start,446,x=-18.20,y=-25.97
1737241620.2753055,goal_reached,446,x=-19.10,y=-25.27
1737241643.076629,episode_start,447,x=-17.10,y=-22.31
1737241645.2364612,episode_start,448,x=-27.85,y=-23.87
1737241747.5235214,episode_start,449,x=-17.35,y=-20.38
1737241749.9164982,episode_start,450,x=-17.40,y=-25.33
1737241816.1806428,episode_start,451,x=-24.83,y=-21.68
1737241818.432189,episode_start,452,x=-21.18,y=-25.33
1737241847.3417916,goal_reached,452,x=-21.91,y=-27.31
1737241920.0485477,episode_start,453,x=-23.76,y=-21.02
1737241920.070099,goal_reached,453,x=-23.76,y=-21.01
1737241922.2775898,episode_start,454,x=-17.26,y=-26.38
1737241924.4455578,episode_start,455,x=-27.80,y=-22.78
1737241924.4796846,goal_reached,455,x=-28.02,y=-22.80
1737241926.605831,episode_start,456,x=-25.48,y=-25.13
1737241928.3839986,episode_start,457,x=-27.53,y=-20.03
1737241930.5195565,episode_start,458,x=-15.76,y=-21.32
1737241933.340548,episode_start,459,x=-27.30,y=-26.50
1737241935.0035381,episode_start,460,x=-15.60,y=-21.13
1737242036.5685945,episode_start,461,x=-27.93,y=-21.85
1737242138.1525466,episode_start,462,x=-25.84,y=-24.62
1737242140.4179485,episode_start,463,x=-19.67,y=-19.78
1737242142.5266771,episode_start,464,x=-26.19,y=-26.86
1737242144.250559,episode_start,465,x=-16.80,y=-24.32
1737242245.8275316,episode_start,466,x=-18.81,y=-20.93
1737242249.8665485,episode_start,467,x=-21.60,y=-20.00
1737242252.049561,episode_start,468,x=-16.43,y=-27.34
1737242353.6525211,episode_start,469,x=-20.11,y=-25.82
1737242360.7435668,goal_reached,469,x=-23.33,y=-26.13
1737242456.296527,episode_start,470,x=-24.81,y=-22.72
1737242458.4515412,episode_start,471,x=-23.05,y=-21.10
1737242460.553826,episode_start,472,x=-24.09,y=-21.69
1737242462.8095844,episode_start,473,x=-27.49,y=-26.96
1737242565.062519,episode_start,474,x=-16.83,y=-21.20
1737242666.590557,episode_start,475,x=-25.13,y=-23.26
1737242771.6175659,episode_start,476,x=-16.13,y=-26.47
1737242873.2055264,episode_start,477,x=-27.84,y=-21.60
1737242875.356003,episode_start,478,x=-24.89,y=-19.97
1737242977.00853,episode_start,479,x=-17.24,y=-24.31
1737243078.5988789,episode_start,480,x=-14.89,y=-21.86
1737243134.0594728,goal_reached,480,x=-16.27,y=-22.47
1737243180.9255247,episode_start,481,x=-24.83,y=-24.92
1737243183.077565,episode_start,482,x=-17.33,y=-20.03
1737243184.7615592,episode_start,483,x=-20.88,y=-27.02
1737243186.899536,episode_start,484,x=-23.12,y=-25.44
1737243189.1055276,episode_start,485,x=-14.16,y=-21.71
1737243226.8745718,episode_start,486,x=-15.34,y=-25.02
1737243328.4854746,episode_start,487,x=-21.64,y=-20.83
1737243330.7695892,episode_start,488,x=-14.56,y=-22.54
1737243333.0305505,episode_start,489,x=-19.43,y=-20.79
1737243334.716559,episode_start,490,x=-28.07,y=-23.49
1737243437.580565,episode_start,491,x=-18.56,y=-21.75
1737243439.869566,episode_start,492,x=-19.96,y=-26.47
1737243441.576612,episode_start,493,x=-16.86,y=-27.72
1737243447.6835325,episode_start,494,x=-26.73,y=-26.30
1737243449.8855278,episode_start,495,x=-16.24,y=-24.85
1737243493.6753714,goal_reached,495,x=-15.52,y=-21.77
1737243552.2345295,episode_start,496,x=-16.58,y=-22.33
1737243554.4415233,episode_start,497,x=-17.48,y=-19.59
1737243556.1095269,episode_start,498,x=-14.25,y=-26.67
1737243559.1985269,episode_start,499,x=-26.74,y=-25.97
1737243566.3693902,episode_start,500,x=-28.48,y=-27.93
1737243568.5245886,episode_start,501,x=-26.81,y=-25.79
1737243570.3475194,episode_start,502,x=-21.75,y=-22.99
1737243572.4365015,goal_reached,502,x=-22.71,y=-24.28
1737243605.2945342,episode_start,503,x=-22.86,y=-24.85
1737243607.4775698,episode_start,504,x=-23.44,y=-22.67
1737243609.633527,episode_start,505,x=-20.41,y=-20.06
1737243611.439557,episode_start,506,x=-18.08,y=-20.20
1737243712.966092,episode_start,507,x=-27.40,y=-22.47
1737243715.1295187,episode_start,508,x=-22.82,y=-23.09
1737243717.335663,episode_start,509,x=-14.19,y=-28.00
1737243719.989539,episode_start,510,x=-20.97,y=-28.40
1737243721.8524897,episode_start,511,x=-24.67,y=-23.06
1737243725.0175595,episode_start,512,x=-19.83,y=-19.99
1737243726.811606,episode_start,513,x=-22.74,y=-28.39
1737243729.0295353,episode_start,514,x=-27.46,y=-28.46
1737243730.7065275,episode_start,515,x=-17.71,y=-21.64
1737243732.8890626,episode_start,516,x=-24.08,y=-22.19
1737243735.0455203,episode_start,517,x=-17.15,y=-26.50
1737243736.993567,episode_start,518,x=-16.28,y=-25.80
1737243739.757565,episode_start,519,x=-17.58,y=-23.15
1737243842.0235336,episode_start,520,x=-20.35,y=-23.42
1737243845.0055218,episode_start,521,x=-15.47,y=-21.06
1737243946.5385695,episode_start,522,x=-16.96,y=-25.49
1737244048.1605244,episode_start,523,x=-22.95,y=-22.18
1737244052.191787,episode_start,524,x=-19.70,y=-25.34
1737244134.933547,episode_start,525,x=-24.54,y=-24.38
1737244149.95628,episode_start,526,x=-24.41,y=-25.22
1737244251.5835307,episode_start,527,x=-21.71,y=-21.75
1737244253.990452,episode_start,528,x=-23.25,y=-25.32
1737244255.6722105,episode_start,529,x=-22.24,y=-24.39
1737244292.3814936,goal_reached,529,x=-19.48,y=-20.99
1737244292.8252547,goal_reached,529,x=-19.48,y=-20.94
1737244371.5335414,episode_start,530,x=-19.50,y=-20.09
1737244373.958556,episode_start,531,x=-26.78,y=-25.88
1737244376.0815935,episode_start,532,x=-21.55,y=-24.09
1737244388.8068419,goal_reached,532,x=-24.81,y=-24.62
1737244478.9414287,episode_start,533,x=-14.77,y=-24.06
1737244547.3688154,goal_reached,533,x=-17.79,y=-25.07
1737244580.5146215,episode_start,534,x=-16.39,y=-26.05
1737244682.078531,episode_start,535,x=-19.94,y=-25.46
1737244684.2585733,episode_start,536,x=-27.72,y=-26.30
1737244686.688541,episode_start,537,x=-20.36,y=-25.31
1737244689.5465245,episode_start,538,x=-26.19,y=-21.20
1737244693.019526,episode_start,539,x=-24.06,y=-23.29
1737244796.5015697,episode_start,540,x=-23.20,y=-26.83
1737244796.5383263,goal_reached,540,x=-23.20,y=-26.83
1737244798.7194593,episode_start,541,x=-17.08,y=-21.85
1737244800.4055657,episode_start,542,x=-20.61,y=-27.55
1737244902.298571,episode_start,543,x=-14.90,y=-22.19
1737244904.4156508,episode_start,544,x=-16.87,y=-22.31
1737244907.6215355,episode_start,545,x=-27.69,y=-21.85
1737244909.7775238,episode_start,546,x=-17.81,y=-22.98
1737244911.5085325,episode_start,547,x=-19.02,y=-24.16
1737244925.7269518,goal_reached,547,x=-17.27,y=-26.27
1737245013.158606,episode_start,548,x=-19.26,y=-23.29
1737245015.4515712,episode_start,549,x=-18.53,y=-19.68
1737245049.654486,goal_reached,549,x=-19.70,y=-22.91
1737245117.5255888,episode_start,550,x=-17.88,y=-25.61
1737245119.7725594,episode_start,551,x=-17.60,y=-27.66
1737245121.869535,episode_start,552,x=-24.30,y=-24.97
1737245223.574599,episode_start,553,x=-21.10,y=-24.90
1737245325.2525303,episode_start,554,x=-17.14,y=-21.05
1737245342.2615447,goal_reached,554,x=-19.31,y=-22.10
1737245427.48461,episode_start,555,x=-25.20,y=-20.34
1737245430.0495784,episode_start,556,x=-19.91,y=-23.72
1737245431.7785273,episode_start,557,x=-18.61,y=-28.10
1737245533.3576412,episode_start,558,x=-16.14,y=-24.35
1737245536.9837666,goal_reached,558,x=-17.34,y=-25.66
1737245634.9267304,episode_start,559,x=-26.17,y=-21.88
1737245637.1644557,episode_start,560,x=-24.60,y=-19.62
1737245638.8495624,episode_start,561,x=-14.52,y=-25.58
1737245689.952524,episode_start,562,x=-21.31,y=-24.89
1737245692.874036,episode_start,563,x=-23.94,y=-21.35
1737245694.616534,episode_start,564,x=-27.54,y=-23.26
1737245696.8695385,episode_start,565,x=-26.64,y=-24.01
1737245698.879541,episode_start,566,x=-22.18,y=-20.05
1737245701.0005772,episode_start,567,x=-14.57,y=-24.00
1737245804.2405493,episode_start,568,x=-14.08,y=-26.49
1737245809.6035912,episode_start,569,x=-25.78,y=-28.47
1737245812.1880467,episode_start,570,x=-20.87,y=-23.41
1737245815.6561096,episode_start,571,x=-19.15,y=-24.73
1737245917.2055416,episode_start,572,x=-26.74,y=-27.84
1737246019.2115417,episode_start,573,x=-26.58,y=-23.10
1737246022.2145476,episode_start,574,x=-14.57,y=-24.44
1737246024.3205895,episode_start,575,x=-21.93,y=-19.62
1737246026.8225288,episode_start,576,x=-28.36,y=-24.68
1737246028.5078993,episode_start,577,x=-26.30,y=-24.66
1737246030.9365253,episode_start,578,x=-17.51,y=-26.54
1737246031.1573427,goal_reached,578,x=-17.59,y=-26.96
1737246132.5405653,episode_start,579,x=-16.64,y=-27.11
1737246234.1955285,episode_start,580,x=-14.04,y=-24.32
1737246236.2975523,episode_start,581,x=-18.73,y=-27.77
1737246270.1725497,goal_reached,581,x=-20.32,y=-26.85
1737246338.097538,episode_start,582,x=-27.83,y=-19.91
1737246340.2645576,episode_start,583,x=-16.87,y=-21.66
1737246341.9525104,episode_start,584,x=-20.88,y=-27.02
1737246443.4925497,episode_start,585,x=-19.08,y=-21.91
1737246445.7575183,episode_start,586,x=-25.08,y=-24.41
1737246447.8815289,episode_start,587,x=-23.90,y=-23.87
1737246449.8105326,episode_start,588,x=-14.48,y=-20.73
1737246452.1621387,episode_start,589,x=-24.71,y=-21.26
1737246454.3447433,episode_start,590,x=-21.24,y=-26.35
1737246456.0445287,episode_start,591,x=-25.93,y=-23.44
1737246478.6755276,episode_start,592,x=-18.50,y=-24.01
1737246580.3376472,episode_start,593,x=-23.95,y=-27.72
1737246682.2515316,episode_start,594,x=-24.77,y=-19.72
1737246854.7915983,episode_start,595,x=-20.53,y=-22.39
1737246858.7165754,episode_start,596,x=-14.98,y=-24.58
1737246960.2695365,episode_start,597,x=-20.84,y=-19.65
1737246963.1335719,episode_start,598,x=-23.81,y=-19.98
1737246964.933525,episode_start,599,x=-27.79,y=-25.37
1737246967.2435288,episode_start,600,x=-14.17,y=-28.23
1737246969.340522,episode_start,601,x=-21.35,y=-27.21
1737246972.145495,episode_start,602,x=-19.54,y=-24.83
1737247073.768266,episode_start,603,x=-28.39,y=-23.62
1737247076.2365613,episode_start,604,x=-26.96,y=-22.31
1737247077.9225218,episode_start,605,x=-22.44,y=-23.98
1737247106.228265,goal_reached,605,x=-22.03,y=-26.08
1737247180.6449895,episode_start,606,x=-20.85,y=-25.20
1737247282.1206362,episode_start,607,x=-24.34,y=-22.99
1737247291.0475712,goal_reached,607,x=-19.83,y=-25.35
1737247384.324526,episode_start,608,x=-25.77,y=-23.73
1737247482.678636,goal_reached,608,x=-20.45,y=-27.09
1737247486.4445353,episode_start,609,x=-25.56,y=-24.10
1737247488.6345263,episode_start,610,x=-17.77,y=-28.05
1737247588.1465154,episode_start,611,x=-25.51,y=-21.60
1737247637.9835339,episode_start,612,x=-15.52,y=-20.19
1737247640.1857142,episode_start,613,x=-27.88,y=-26.52
1737247642.1895828,episode_start,614,x=-15.76,y=-24.05
1737247680.680761,goal_reached,614,x=-17.65,y=-24.93
1737247683.0420566,goal_reached,614,x=-17.72,y=-24.82
1737247743.8975608,episode_start,615,x=-16.34,y=-22.60
1737247847.5335674,episode_start,616,x=-16.93,y=-19.62
1737247849.6515715,episode_start,617,x=-23.29,y=-21.24
1737247852.1925578,episode_start,618,x=-23.75,y=-20.69
1737247855.024302,episode_start,619,x=-18.40,y=-22.19
1737247857.1785362,episode_start,620,x=-14.03,y=-21.26
1737247858.8815887,episode_start,621,x=-28.39,y=-23.85
1737247963.2465398,episode_start,622,x=-16.36,y=-22.38
1737247965.503701,episode_start,623,x=-20.01,y=-21.83
1737247967.7170694,episode_start,624,x=-19.72,y=-26.02
1737247983.9485419,goal_reached,624,x=-22.41,y=-23.39
1737247984.047131,goal_reached,624,x=-22.51,y=-23.38
1737248069.3555233,episode_start,625,x=-27.95,y=-23.35
1737248071.5516121,episode_start,626,x=-15.09,y=-24.97
1737248073.710591,episode_start,627,x=-16.54,y=-23.33
1737248176.8785386,episode_start,628,x=-21.09,y=-24.26
1737248213.9177053,goal_reached,628,x=-18.31,y=-20.44
1737248280.103539,episode_start,629,x=-25.69,y=-25.63
1737248284.3825243,episode_start,630,x=-15.07,y=-21.84
1737248287.862557,episode_start,631,x=-24.91,y=-24.80
1737248310.305642,goal_reached,631,x=-22.11,y=-25.23
1737248322.7089574,goal_reached,631,x=-17.21,y=-19.29
1737248392.4725723,episode_start,632,x=-16.77,y=-27.35
1737248439.9955375,episode_start,633,x=-18.52,y=-25.37
1737248442.198537,episode_start,634,x=-26.70,y=-21.38
1737248543.739525,episode_start,635,x=-17.12,y=-21.67
1737248645.246552,episode_start,636,x=-26.57,y=-28.09
1737248732.6865249,episode_start,637,x=-21.59,y=-21.45
1737248735.7875588,episode_start,638,x=-15.63,y=-22.89
1737248737.4591544,episode_start,639,x=-17.25,y=-25.85
1737248747.8356962,goal_reached,639,x=-21.22,y=-25.93
1737248794.098903,goal_reached,639,x=-20.35,y=-28.63
1737248839.9915822,episode_start,640,x=-17.41,y=-21.84
1737248842.2275612,episode_start,641,x=-24.01,y=-24.38
1737248843.8925157,episode_start,642,x=-22.27,y=-26.71
1737248846.1375606,episode_start,643,x=-18.95,y=-19.68
1737248848.370532,episode_start,644,x=-14.02,y=-22.11
1737248852.276541,episode_start,645,x=-17.68,y=-26.97
1737248939.840535,episode_start,646,x=-24.11,y=-21.74
1737248942.0086145,episode_start,647,x=-20.65,y=-28.08
1737249044.0405388,episode_start,648,x=-22.24,y=-28.03
1737249046.2485285,episode_start,649,x=-22.39,y=-20.35
1737249063.4412427,goal_reached,649,x=-20.67,y=-25.07
1737249148.3780897,episode_start,650,x=-23.76,y=-26.17
1737249150.5965424,episode_start,651,x=-16.87,y=-23.05
1737249152.8314884,episode_start,652,x=-28.00,y=-20.38
1737249154.5165708,episode_start,653,x=-14.90,y=-24.95
1737249256.1265242,episode_start,654,x=-27.81,y=-19.61
1737249266.72753,episode_start,655,x=-25.16,y=-23.25
1737249268.870525,episode_start,656,x=-28.21,y=-26.09
1737249372.7296925,episode_start,657,x=-14.24,y=-25.56
1737249396.6855407,episode_start,658,x=-25.64,y=-21.97
1737249400.482567,episode_start,659,x=-23.27,y=-26.97
1737249402.1605563,episode_start,660,x=-24.70,y=-21.71
1737249403.8515408,episode_start,661,x=-21.49,y=-23.52
1737249406.1865623,episode_start,662,x=-24.30,y=-23.52
1737249408.1359682,episode_start,663,x=-27.68,y=-19.75
1737249509.7205536,episode_start,664,x=-19.15,y=-22.51
1737249511.8276062,episode_start,665,x=-22.39,y=-20.42
1737249513.937544,episode_start,666,x=-22.10,y=-19.77
1737249516.1195762,episode_start,667,x=-23.02,y=-20.33
1737249518.195572,episode_start,668,x=-18.67,y=-21.90
1737249518.218174,goal_reached,668,x=-18.58,y=-21.92
1737249520.1591556,goal_reached,668,x=-19.31,y=-22.15
1737249619.7255187,episode_start,669,x=-23.20,y=-19.50
1737249621.8802474,episode_start,670,x=-17.18,y=-20.17
1737249623.8856928,episode_start,671,x=-17.71,y=-25.07
1737249626.185395,episode_start,672,x=-27.29,y=-28.08
1737249628.3511794,episode_start,673,x=-23.08,y=-28.13
1737249630.0971024,episode_start,674,x=-23.89,y=-22.52
1737249632.3715906,episode_start,675,x=-24.81,y=-23.77
1737249640.798166,goal_reached,675,x=-26.87,y=-22.85
1737249645.067821,goal_reached,675,x=-26.30,y=-24.06
1737249717.4495347,episode_start,676,x=-22.50,y=-22.73
1737249719.5505404,episode_start,677,x=-24.67,y=-26.65
1737249822.8464425,episode_start,678,x=-20.43,y=-27.48
1737249825.1545417,episode_start,679,x=-21.82,y=-27.72
1737249926.6842337,episode_start,680,x=-24.69,y=-19.95
1737249928.9365654,episode_start,681,x=-20.66,y=-26.89
1737249931.0411742,episode_start,682,x=-14.37,y=-27.22
1737249933.6955326,episode_start,683,x=-16.04,y=-23.61
1737250035.3195293,episode_start,684,x=-17.09,y=-20.82
1737250037.482568,episode_start,685,x=-28.14,y=-25.86
1737250040.0626261,episode_start,686,x=-22.29,y=-20.03
1737250050.86759,episode_start,687,x=-19.94,y=-22.96
1737250052.9465287,episode_start,688,x=-17.50,y=-20.91
1737250054.9045303,episode_start,689,x=-23.23,y=-27.80
1737250156.691579,episode_start,690,x=-26.99,y=-23.69
1737250259.2302008,episode_start,691,x=-14.86,y=-23.78
1737250360.736524,episode_start,692,x=-18.63,y=-22.74
1737250362.8635361,episode_start,693,x=-19.01,y=-24.47
1737250375.6828048,goal_reached,693,x=-18.78,y=-24.49
1737250464.4685373,episode_start,694,x=-19.08,y=-20.25
1737250466.6565182,episode_start,695,x=-26.46,y=-26.83
1737250468.9665468,episode_start,696,x=-21.60,y=-21.87
1737250470.7505817,episode_start,697,x=-16.89,y=-26.31
1737250572.319529,episode_start,698,x=-22.73,y=-21.81
1737250574.528598,episode_start,699,x=-24.15,y=-22.42
1737250576.729557,episode_start,700,x=-24.01,y=-20.74
1737250642.0228498,goal_reached,700,x=-26.73,y=-21.39
1737250678.3105488,episode_start,701,x=-24.34,y=-23.83
1737250780.8505192,episode_start,702,x=-23.34,y=-23.66
1737250783.082527,episode_start,703,x=-20.92,y=-27.17
1737250884.6975782,episode_start,704,x=-19.20,y=-25.53
1737250886.954563,episode_start,705,x=-14.84,y=-27.98
1737250889.056858,episode_start,706,x=-14.10,y=-19.75
1737250891.2585828,episode_start,707,x=-28.09,y=-25.99
1737250892.935999,episode_start,708,x=-20.21,y=-25.20
1737250895.07553,episode_start,709,x=-20.78,y=-22.76
1737250998.271529,episode_start,710,x=-16.28,y=-24.09
1737251026.9099655,goal_reached,710,x=-19.18,y=-22.90
1737251101.6455655,episode_start,711,x=-17.67,y=-27.26
1737251203.34955,episode_start,712,x=-18.91,y=-20.19
1737251205.5707138,episode_start,713,x=-19.02,y=-24.17
1737251248.3992493,episode_start,714,x=-24.59,y=-27.08
1737251250.526223,episode_start,715,x=-23.64,y=-26.62
1737251352.3295662,episode_start,716,x=-27.80,y=-23.42
1737251354.4535291,episode_start,717,x=-26.68,y=-24.01
1737251457.239522,episode_start,718,x=-16.70,y=-20.66
1737251558.7545319,episode_start,719,x=-28.17,y=-22.61
1737251590.681554,episode_start,720,x=-20.63,y=-28.40
1737251592.7326987,episode_start,721,x=-22.48,y=-21.23
1737251594.7356255,episode_start,722,x=-22.89,y=-26.97
1737251600.3355417,episode_start,723,x=-26.47,y=-25.94
1737251701.935574,episode_start,724,x=-14.15,y=-25.27
1737251731.637608,episode_start,725,x=-21.70,y=-19.83
1737251734.061559,episode_start,726,x=-27.33,y=-24.16
1737251737.7545357,episode_start,727,x=-26.15,y=-23.31
1737251841.08452,episode_start,728,x=-26.13,y=-23.70
1737251843.6615276,episode_start,729,x=-22.97,y=-19.64
1737251845.7745569,episode_start,730,x=-24.56,y=-20.33
1737251847.4764817,episode_start,731,x=-14.51,y=-23.95
1737251948.9805493,episode_start,732,x=-17.10,y=-28.26
1737251951.5895505,episode_start,733,x=-23.84,y=-19.80
1737251953.2535212,episode_start,734,x=-21.67,y=-20.50
1737251955.616577,episode_start,735,x=-23.76,y=-23.74
1737251957.7615929,episode_start,736,x=-15.65,y=-19.73
1737251959.721517,episode_start,737,x=-16.47,y=-26.27
1737251962.0255206,episode_start,738,x=-23.91,y=-24.81
1737251965.7667007,episode_start,739,x=-21.04,y=-19.92
1737251967.460758,episode_start,740,x=-25.53,y=-21.24
1737251969.577235,episode_start,741,x=-17.45,y=-20.58
1737251973.349542,episode_start,742,x=-27.40,y=-25.32
1737251975.5395358,episode_start,743,x=-25.26,y=-22.20
1737252009.5005603,episode_start,744,x=-22.90,y=-22.43
1737252070.4555676,episode_start,745,x=-25.95,y=-28.17
1737252072.8206637,episode_start,746,x=-28.09,y=-26.32
1737252081.793536,episode_start,747,x=-14.85,y=-28.48
1737252083.5465128,episode_start,748,x=-18.77,y=-21.85
1737252085.6685276,episode_start,749,x=-28.09,y=-24.00
1737252087.7165296,episode_start,750,x=-24.91,y=-27.79
1737252189.221521,episode_start,751,x=-27.97,y=-21.24
1737252191.3795862,episode_start,752,x=-19.25,y=-26.80
1737252193.5345297,episode_start,753,x=-14.80,y=-20.68
1737252195.2155359,episode_start,754,x=-28.30,y=-25.80
1737252209.6845376,episode_start,755,x=-18.15,y=-27.92
1737252213.6785247,episode_start,756,x=-18.48,y=-22.96
1737252217.531618,episode_start,757,x=-19.45,y=-23.12
1737252219.843549,episode_start,758,x=-22.33,y=-27.65
1737252222.1515937,episode_start,759,x=-27.66,y=-25.68
1737252225.5805202,episode_start,760,x=-18.65,y=-19.72
1737252227.6935322,episode_start,761,x=-22.97,y=-20.87
1737252229.8475745,episode_start,762,x=-21.28,y=-20.66
1737252241.0185325,episode_start,763,x=-24.21,y=-25.09
1737252243.1005428,episode_start,764,x=-22.09,y=-22.73
1737252244.786522,episode_start,765,x=-14.34,y=-23.65
1737252346.4865086,episode_start,766,x=-27.14,y=-23.57
1737252396.848588,episode_start,767,x=-26.27,y=-27.46
1737252399.0585346,episode_start,768,x=-15.38,y=-19.57
1737252402.9395452,episode_start,769,x=-15.37,y=-21.29
1737252489.370572,episode_start,770,x=-19.18,y=-21.71
1737252533.5245478,episode_start,771,x=-27.96,y=-21.00
1737252535.7465324,episode_start,772,x=-16.95,y=-22.22
1737252539.208635,episode_start,773,x=-18.98,y=-25.90
1737252640.7673264,episode_start,774,x=-21.86,y=-22.88
1737252642.9275596,episode_start,775,x=-22.13,y=-20.18
1737252645.1575472,episode_start,776,x=-18.06,y=-20.05
1737252647.4149735,episode_start,777,x=-26.96,y=-24.81
1737252649.4385343,episode_start,778,x=-24.94,y=-23.04
1737252651.5435548,episode_start,779,x=-20.29,y=-21.00
1737252653.6525593,episode_start,780,x=-15.53,y=-19.62
1737252656.2065237,episode_start,781,x=-14.60,y=-19.91
1737252657.8725243,episode_start,782,x=-21.00,y=-19.66
1737252676.9135268,episode_start,783,x=-26.18,y=-22.56
1737252687.2825432,episode_start,784,x=-26.92,y=-26.20
1737252689.508332,episode_start,785,x=-22.23,y=-22.76
1737252691.830539,episode_start,786,x=-22.47,y=-25.69
1737252693.957526,episode_start,787,x=-26.70,y=-23.15
1737252696.597564,episode_start,788,x=-14.78,y=-24.55
1737252696.6221075,goal_reached,788,x=-14.83,y=-24.94
1737252698.7044933,episode_start,789,x=-26.45,y=-25.02
1737252700.7635746,episode_start,790,x=-22.78,y=-20.61
1737252702.771562,episode_start,791,x=-19.62,y=-28.12
1737252704.8266408,episode_start,792,x=-17.72,y=-23.19
1737252706.4945316,episode_start,793,x=-17.17,y=-28.07
1737252798.0075157,episode_start,794,x=-24.91,y=-21.68
1737252802.0635297,episode_start,795,x=-21.81,y=-23.54
1737252880.1027453,goal_reached,795,x=-16.07,y=-26.31
1737252906.8365555,episode_start,796,x=-25.34,y=-24.02
1737253008.877554,episode_start,797,x=-15.32,y=-20.40
1737253011.1465292,episode_start,798,x=-19.15,y=-26.09
1737253044.2272968,goal_reached,798,x=-17.79,y=-20.53
1737253074.3545685,episode_start,799,x=-19.84,y=-27.24
1737253175.916526,episode_start,800,x=-23.95,y=-26.57
1737253262.74359,episode_start,801,x=-24.96,y=-28.37
1737253266.780548,episode_start,802,x=-23.92,y=-27.72
1737253365.3675432,episode_start,803,x=-14.43,y=-21.03
1737253367.5175388,episode_start,804,x=-14.43,y=-25.77
1737253371.2635598,episode_start,805,x=-18.31,y=-24.88
1737253459.6725876,episode_start,806,x=-18.03,y=-22.15
1737253461.8925953,episode_start,807,x=-15.65,y=-20.33
1737253465.3740423,episode_start,808,x=-27.56,y=-20.68
1737253466.6090028,goal_reached,808,x=-27.05,y=-20.37
1737253512.6013422,episode_start,809,x=-24.27,y=-24.29
1737253514.6183035,episode_start,810,x=-14.64,y=-26.11
1737253616.1625266,episode_start,811,x=-27.57,y=-21.42
1737253618.5135353,episode_start,812,x=-14.42,y=-23.64
1737253622.3966033,episode_start,813,x=-18.16,y=-20.77
1737253624.553535,episode_start,814,x=-24.77,y=-26.35
1737253626.869885,episode_start,815,x=-24.29,y=-26.77
1737253657.3795736,episode_start,816,x=-23.57,y=-23.56
1737253657.4098897,goal_reached,816,x=-23.58,y=-23.55
1737253661.4397523,episode_start,817,x=-19.42,y=-25.61
1737253666.782065,goal_reached,817,x=-18.49,y=-22.55
1737253762.9566135,episode_start,818,x=-18.22,y=-23.60
1737253765.063557,episode_start,819,x=-14.70,y=-23.67
1737253767.2155344,episode_start,820,x=-22.21,y=-26.59
1737253768.907525,episode_start,821,x=-27.69,y=-22.61
1737253871.7699518,episode_start,822,x=-20.28,y=-26.00
1737253875.6605604,episode_start,823,x=-15.46,y=-22.89
1737253883.6982143,goal_reached,823,x=-15.25,y=-24.72
1737253977.1805289,episode_start,824,x=-27.33,y=-27.86
1737253979.7366312,episode_start,825,x=-25.36,y=-27.99
1737253987.7170928,episode_start,826,x=-22.53,y=-25.66
1737254091.9145217,episode_start,827,x=-16.05,y=-24.57
1737254094.426608,episode_start,828,x=-23.98,y=-25.63
1737254108.2915356,episode_start,829,x=-27.12,y=-27.85
1737254111.6675491,episode_start,830,x=-18.26,y=-21.02
1737254113.8935237,episode_start,831,x=-23.94,y=-28.45
1737254216.06456,episode_start,832,x=-14.80,y=-22.56
1737254225.7195568,episode_start,833,x=-26.93,y=-22.98
1737254246.5305507,episode_start,834,x=-17.61,y=-25.79
1737254248.7075145,episode_start,835,x=-27.09,y=-19.57
1737254262.3916056,episode_start,836,x=-16.03,y=-27.18
1737254264.5455272,episode_start,837,x=-25.31,y=-26.59
1737254273.7875633,episode_start,838,x=-28.07,y=-25.70
1737254275.9535952,episode_start,839,x=-15.05,y=-26.75
1737254313.4063616,episode_start,840,x=-26.57,y=-19.85
1737254354.4657168,episode_start,841,x=-20.68,y=-23.81
1737254356.5789773,episode_start,842,x=-14.38,y=-19.57
1737254358.7669697,episode_start,843,x=-23.67,y=-24.54
1737254360.9765432,episode_start,844,x=-15.28,y=-20.22
1737254363.2825468,episode_start,845,x=-18.94,y=-26.42
1737254455.3481293,goal_reached,845,x=-18.91,y=-21.62
1737254467.174527,episode_start,846,x=-15.63,y=-21.31
1737256911.1955616,episode_start,0,x=-18.84,y=-28.10
1737256929.3807137,goal_reached,0,x=-19.81,y=-26.33
1737257065.9175746,episode_start,0,x=-27.87,y=-27.63
1737257066.2094722,Collision,0,x=-27.93,y=-27.79
1737257066.218828,Collision,0,x=-27.23,y=-27.96
1737257067.8855605,episode_start,1,x=-24.22,y=-24.22
1737257172.0965378,episode_start,2,x=-17.56,y=-27.14
1737257173.922278,goal_reached,2,x=-16.91,y=-26.82
1737257173.922278,episode_start,3,x=-16.91,y=-26.82
1737257180.84705,goal_reached,3,x=-17.17,y=-26.04
1737257180.84705,episode_start,4,x=-17.17,y=-26.04
1737257213.3286545,episode_start,5,x=-21.47,y=-28.22
1737257218.1855292,episode_start,6,x=-21.20,y=-28.33
1737257218.4853714,Collision,6,x=-21.00,y=-28.41
1737257218.5375345,Collision,6,x=-21.01,y=-28.43
1737257218.5870597,Collision,6,x=-21.05,y=-28.46
1737257220.3835592,episode_start,7,x=-15.89,y=-25.49
1737257235.4216034,episode_start,8,x=-24.41,y=-27.95
1737257244.8458345,goal_reached,8,x=-21.33,y=-26.17
1737257244.8458345,episode_start,9,x=-21.33,y=-26.17
1737257258.463296,goal_reached,9,x=-20.79,y=-21.47
1737257258.463296,episode_start,10,x=-20.79,y=-21.47
1737257275.1109433,goal_reached,10,x=-23.03,y=-20.21
1737257275.1109433,episode_start,11,x=-23.03,y=-20.21
1737257295.17557,episode_start,12,x=-16.23,y=-22.43
1737257295.4435,Collision,12,x=-16.23,y=-22.39
1737257295.4944673,Collision,12,x=-16.24,y=-22.41
1737257295.539866,Collision,12,x=-16.26,y=-22.46
1737257297.330546,episode_start,13,x=-17.40,y=-21.80
1737257299.485018,episode_start,14,x=-24.43,y=-20.30
1737257301.1625366,episode_start,15,x=-15.01,y=-20.74
1737257334.0601912,Collision,15,x=-17.56,y=-18.31
1737257334.1728585,Collision,15,x=-17.60,y=-18.35
1737257334.2847202,Collision,15,x=-17.64,y=-18.38
1737257334.388253,Collision,15,x=-17.67,y=-18.42
1737257334.4849384,Collision,15,x=-17.71,y=-18.45
1737257334.5829785,Collision,15,x=-17.75,y=-18.48
