sequence,timestamp,lidar_min,lidar_max,lidar_mean,lidar_std,pose_min,pose_max,pose_mean,pose_std,imu_min,imu_max,imu_mean,imu_std,target_min,target_max,target_mean,target_std
1,1732111607294,1.9997482299804688,12.0,7.349391460418701,3.5340664386749268,-1.6408749843321857e-06,0.0017823929665610194,0.0005934957880526781,0.0010296154068782926,-0.001142191467806697,0.0009006988257169724,-7.996852218639106e-05,0.001023884047754109,2.3561928272247314,12.727921485900879,7.542057037353516,7.333920001983643
2,1732111607537,1.9997482299804688,12.0,7.349391460418701,3.5340664386749268,-1.6408749843321857e-06,0.0017823929665610194,0.0005934957880526781,0.0010296154068782926,-0.001142191467806697,0.0009006988257169724,-7.996852218639106e-05,0.001023884047754109,2.3561928272247314,12.727921485900879,7.542057037353516,7.333920001983643
3,1732111607542,1.9997482299804688,12.0,7.349391460418701,3.5340664386749268,-1.6408749843321857e-06,0.0017823929665610194,0.0005934957880526781,0.0010296154068782926,-0.001142191467806697,0.0009006988257169724,-7.996852218639106e-05,0.001023884047754109,2.3561928272247314,12.727921485900879,7.542057037353516,7.333920001983643
4,1732111607546,1.9997482299804688,12.0,7.349391460418701,3.5340664386749268,-1.6408749843321857e-06,0.0017823929665610194,0.0005934957880526781,0.0010296154068782926,-0.0011421950766816735,0.0009006972541101277,-7.997024658834562e-05,0.0010238852119073272,2.3561928272247314,12.727921485900879,7.542057037353516,7.333920001983643
5,1732111607550,1.9997482299804688,12.0,7.349391460418701,3.5340664386749268,-1.6408749843321857e-06,0.0017823929665610194,0.0005934957880526781,0.0010296154068782926,-0.001142195425927639,0.000900697079487145,-7.997042121132836e-05,0.001023885328322649,2.3561928272247314,12.727921485900879,7.542057037353516,7.333920001983643
6,1732111607554,1.9997482299804688,12.0,7.349391460418701,3.5340664386749268,-9.996622793551069e-06,0.0017376599134877324,0.000654924544505775,0.0009457813575863838,-0.0011421957751736045,0.0009006969048641622,-7.99705958343111e-05,0.0010238854447379708,2.356205463409424,12.728096961975098,7.54215145111084,7.334034442901611
7,1732111607558,1.9997482299804688,12.0,7.349391460418701,3.5340664386749268,-9.996622793551069e-06,0.0017376599134877324,0.000654924544505775,0.0009457813575863838,-0.00114219612441957,0.0009006967884488404,-7.9970748629421e-05,0.0010238855611532927,2.356205463409424,12.728096961975098,7.54215145111084,7.334034442901611
8,1732111607563,1.9997482299804688,12.0,7.349391460418701,3.5340664386749268,-9.996622793551069e-06,0.0017376599134877324,0.000654924544505775,0.0009457813575863838,-0.0011421963572502136,0.0009006966720335186,-7.997086504474282e-05,0.0010238856775686145,2.356205463409424,12.728096961975098,7.54215145111084,7.334034442901611
9,1732111607569,1.9997482299804688,12.0,7.349391460418701,3.5340664386749268,-9.996622793551069e-06,0.0017376599134877324,0.000654924544505775,0.0009457813575863838,-0.0011421965900808573,0.0009006966138258576,-7.997096690814942e-05,0.0010238857939839363,2.356205463409424,12.728096961975098,7.54215145111084,7.334034442901611
10,1732111607573,1.9997482299804688,12.0,7.349391460418701,3.5340664386749268,-1.8678651031223126e-05,0.001696238643489778,0.000713670568075031,0.000884416454937309,-0.001142196706496179,0.0009006964974105358,-7.997103966772556e-05,0.0010238856775686145,2.356217622756958,12.728262901306152,7.542240142822266,7.33414363861084
11,1732111607577,1.9997482299804688,12.0,7.349391460418701,3.5340664386749268,-1.8678651031223126e-05,0.001696238643489778,0.000713670568075031,0.000884416454937309,-0.0011421969393268228,0.0009006964392028749,-7.997114153113216e-05,0.0010238859103992581,2.356217622756958,12.728262901306152,7.542240142822266,7.33414363861084
12,1732111607582,1.9997482299804688,12.0,7.349391460418701,3.5340664386749268,-1.8678651031223126e-05,0.001696238643489778,0.000713670568075031,0.000884416454937309,-0.0011421970557421446,0.000900696380995214,-7.997119973879308e-05,0.0010238859103992581,2.356217622756958,12.728262901306152,7.542240142822266,7.33414363861084
13,1732111607586,2.0000782012939453,12.0,7.349353313446045,3.534034490585327,-1.8678651031223126e-05,0.001696238643489778,0.000713670568075031,0.000884416454937309,-0.0011421971721574664,0.0009006963227875531,-7.997125794645399e-05,0.0010238859103992581,2.356217622756958,12.728262901306152,7.542240142822266,7.33414363861084
14,1732111607630,1.9996321201324463,12.0,7.326458930969238,3.5277247428894043,-0.0008793884189799428,0.0017360842321068048,0.0002924340369645506,0.0013287558685988188,-0.0014225916238501668,0.001114811166189611,-0.00023295253049582243,0.0012760704848915339,2.3565378189086914,12.727285385131836,7.541911602020264,7.333226203918457
15,1732111607678,1.9999971389770508,12.0,7.349325656890869,3.534092426300049,-3.035164627362974e-05,0.0019488829420879483,0.0012032771483063698,0.0010760888690128922,-1.1841052582894918e-05,5.795129618491046e-05,2.1068917703814805e-05,3.50653390341904e-05,2.3563129901885986,12.729321479797363,7.542817115783691,7.334825038909912
16,1732111607732,1.9999417066574097,12.0,7.3494133949279785,3.5340940952301025,-3.298676892882213e-05,0.0019062799401581287,0.001192811643704772,0.0010663256980478764,-0.0003252107708249241,0.0002497268433216959,1.932761188072618e-05,0.00030398869421333075,2.3561651706695557,12.729293823242188,7.542729377746582,7.334909915924072
17,1732111607781,1.999981164932251,12.0,7.336650371551514,3.531827688217163,-2.8715912776533514e-05,0.0017334393924102187,0.0008280023466795683,0.0008820872753858566,-0.0002067697496386245,0.0001523360115243122,-3.7322122807381675e-05,0.00018040393479168415,2.356442928314209,12.728493690490723,7.542468070983887,7.334147930145264
18,1732111607839,1.9999140501022339,12.0,7.320256233215332,3.524482011795044,-0.00010793114051921293,0.002415509195998311,0.0013414109125733376,0.0013028982793912292,-0.0011001968523487449,0.0004708196211140603,-0.00040070473914965987,0.0007995120831765234,2.3574228286743164,12.729706764221191,7.543564796447754,7.334312438964844
19,1732111607882,1.999574065208435,12.0,7.324353218078613,3.5239977836608887,-0.00021070477669127285,0.00530205899849534,0.002238599816337228,0.002807228360325098,-0.002217039233073592,8.388543938053772e-05,-0.0012361034750938416,0.0011873421026393771,2.3580524921417236,12.731821060180664,7.544936656951904,7.335362434387207
20,1732111607939,1.9995918273925781,12.0,7.336642742156982,3.5317347049713135,-8.326493843924254e-05,0.00606790604069829,0.0025250366888940334,0.003180297091603279,-0.0035785390064120293,5.459629028337076e-05,-0.0014766447711735964,0.001882591750472784,2.360105514526367,12.732272148132324,7.546188831329346,7.334229469299316
21,1732111608095,1.999567985534668,12.0,7.340644836425781,3.5260860919952393,-9.261296509066597e-05,0.007568305358290672,0.0030228549148887396,0.004025674425065517,-0.003772200085222721,0.0004356947902124375,-0.0014326502569019794,0.0021431564819067717,2.360381841659546,12.7333402633667,7.546861171722412,7.334788799285889
22,1732111608100,1.9992491006851196,12.0,7.340603828430176,3.5261502265930176,-9.261296509066597e-05,0.007568305358290672,0.0030228549148887396,0.004025674425065517,-0.003772200085222721,0.0004356947902124375,-0.0014326502569019794,0.0021431564819067717,2.360381841659546,12.7333402633667,7.546861171722412,7.334788799285889
23,1732111608104,1.999253511428833,12.0,7.340606689453125,3.5261499881744385,-9.42930782912299e-05,0.007712261285632849,0.0030812693294137716,0.004101741127669811,-0.0037721781991422176,5.179432992008515e-05,-0.0014854579931125045,0.0020191504154354334,2.3603897094726562,12.733443260192871,7.546916484832764,7.3348565101623535
24,1732111608132,1.9994518756866455,12.0,7.336494445800781,3.5318565368652344,-0.00010859545727726072,0.007522162981331348,0.0029938032384961843,0.004010254982858896,-0.0036555007100105286,-0.0003617202746681869,-0.001531075919046998,0.0018429229967296124,2.3602616786956787,12.733319282531738,7.546790599822998,7.334859371185303
25,1732111608189,1.9993599653244019,12.0,7.3365631103515625,3.5317912101745605,-0.00010727473272709176,0.007566455751657486,0.0030132641550153494,0.004032481461763382,-0.003641209565103054,-0.0002670991816557944,-0.001531884539872408,0.001838774187490344,2.3602499961853027,12.733348846435547,7.546799659729004,7.334888458251953
26,1732111608240,1.9995779991149902,12.0,7.340646266937256,3.526068687438965,-0.00011186123447259888,0.007156571839004755,0.0028783499728888273,0.0038015469908714294,-0.0038126306608319283,0.00035327227669768035,-0.0015112776309251785,0.002117022406309843,2.360398292541504,12.733062744140625,7.5467305183410645,7.33458137512207
27,1732111608288,1.999436378479004,12.0,7.3298540115356445,3.522291421890259,-7.508177804993466e-05,0.005557260941714048,0.002367214532569051,0.0028896660078316927,-0.004120418336242437,-0.0003009743813890964,-0.0017024081898853183,0.0021028812043368816,2.360619306564331,12.731904983520508,7.546262264251709,7.333606243133545
28,1732111608340,1.999653935432434,12.0,7.329864501953125,3.5222532749176025,-7.337425631703809e-05,0.005559640936553478,0.0023601162247359753,0.0028935829177498817,-0.004145023878663778,0.0007151320460252464,-0.001603507436811924,0.002437731483951211,2.3606441020965576,12.731905937194824,7.5462751388549805,7.333589553833008
29,1732111608390,1.9994299411773682,12.0,7.3298773765563965,3.5222954750061035,-8.414308831561357e-05,0.005954059772193432,0.0024883784353733063,0.0031166125554591417,-0.004064816981554031,-0.00022728208568878472,-0.0016484265215694904,0.0021034625824540854,2.3605852127075195,12.732192039489746,7.546388626098633,7.333833694458008
30,1732111608436,1.9996082782745361,12.0,7.336500644683838,3.531831741333008,-0.00011438790534157306,0.007455323822796345,0.0029743348713964224,0.003972270991653204,-0.00365365925244987,0.0005376015324145555,-0.0013975215842947364,0.0021139902528375387,2.360255718231201,12.733275413513184,7.546765327453613,7.334833145141602
31,1732111608490,1.9993025064468384,12.0,7.337307929992676,3.5311174392700195,-0.0001117019128287211,0.0076519460417330265,0.003038006369024515,0.004083691630512476,-0.003656555898487568,-0.00010761136945802718,-0.0015349875902757049,0.0018735472112894058,2.360269784927368,12.733412742614746,7.546841144561768,7.3349199295043945
32,1732111608541,1.999577283859253,12.0,7.3365159034729,3.531848669052124,-0.00012057013373123482,0.008049115538597107,0.0031724038999527693,0.004308957140892744,-0.0035938068758696318,0.0005338046466931701,-0.0013461386552080512,0.00208823150023818,2.3602285385131836,12.733699798583984,7.546964168548584,7.3351521492004395
33,1732111608592,1.999213695526123,12.0,7.335578918457031,3.527298927307129,-0.00017197059059981257,0.009701982140541077,0.0037347166799008846,0.00524959247559309,-0.004293019883334637,0.00036972900852560997,-0.0014295208966359496,0.0025069457478821278,2.3610167503356934,12.734906196594238,7.547961235046387,7.335447788238525
34,1732111608634,1.9987584352493286,12.0,7.339460849761963,3.531548500061035,-0.00016831044922582805,0.011255091056227684,0.004286334849894047,0.006112617440521717,-0.004609608091413975,0.0009073388064280152,-0.0017858463106676936,0.0027607902884483337,2.361419677734375,12.736001968383789,7.548710823059082,7.3359375
35,1732111608689,1.998687982559204,12.0,7.335325717926025,3.528695583343506,-0.00026092358166351914,0.016297979280352592,0.005877966061234474,0.009071677923202515,-0.005354566033929586,0.0005094979424029589,-0.0014697688166052103,0.0033645350486040115,2.3624391555786133,12.739636421203613,7.551037788391113,7.337786674499512
36,1732111608740,1.9987459182739258,12.0,7.335756778717041,3.5285232067108154,-0.0002051627088803798,0.014191731810569763,0.005189951509237289,0.007846890017390251,-0.005024672020226717,0.000591313757468015,-0.0014369882410392165,0.003115859115496278,2.3619954586029053,12.738105773925781,7.550050735473633,7.33701753616333
37,1732111608783,1.9987995624542236,12.0,7.335925579071045,3.528550624847412,-0.00022233955678530037,0.01764811761677265,0.006363583728671074,0.00981814693659544,-0.004687312059104443,0.0007013290305621922,-0.0014740831684321165,0.0028402747120708227,2.361848831176758,12.740564346313477,7.551206588745117,7.338860034942627
38,1732111608836,1.9993445873260498,12.0,7.329914093017578,3.5255072116851807,-0.0002890361938625574,0.022273540496826172,0.007838448509573936,0.012534230016171932,-0.0039284066297113895,0.0015680063515901566,-0.0011084021534770727,0.002751018851995468,2.361342668533325,12.74388599395752,7.552614212036133,7.341567039489746
39,1732111608888,1.999173879623413,12.0,7.3310465812683105,3.5309391021728516,-0.0002603193570394069,0.02039026841521263,0.00724764633923769,0.01142031978815794,-0.0033002833370119333,0.0001035091991070658,-0.0010454825824126601,0.0019528340781107545,2.360611915588379,12.742531776428223,7.551571846008301,7.341125965118408
40,1732111608936,1.9995408058166504,12.0,7.331212043762207,3.5308408737182617,-0.00022366202028933913,0.020329317077994347,0.00724689569324255,0.01136776152998209,-0.0031505345832556486,0.00125808862503618,-0.0009471244993619621,0.0022043120115995407,2.3604607582092285,12.742463111877441,7.551462173461914,7.341184139251709
41,1732111608989,1.999175786972046,12.0,7.331095218658447,3.5308828353881836,-0.00020981721172574908,0.019234806299209595,0.006882506888359785,0.010736566036939621,-0.003340985393151641,0.00015658863412681967,-0.0012133120326325297,0.0018678653286769986,2.360591173171997,12.741678237915039,7.5511345863342285,7.340537071228027
42,1732111609038,1.9992778301239014,12.0,7.3253493309021,3.525993585586548,-0.00016586532001383603,0.017027271911501884,0.00620430801063776,0.009421863593161106,-0.0030355239287018776,0.00040416765841655433,-0.0008395215845666826,0.0019073658622801304,2.36016583442688,12.740084648132324,7.5501251220703125,7.3397111892700195
43,1732111609086,1.9995710849761963,12.0,7.325488567352295,3.525904655456543,-0.00015634752344340086,0.016978595405817032,0.006166899111121893,0.009408039972186089,-0.002922140760347247,0.001518684672191739,-0.0007020855555310845,0.002220412716269493,2.3600502014160156,12.740043640136719,7.550046920776367,7.339763641357422
44,1732111609144,1.9991347789764404,12.0,7.330793857574463,3.5302894115448,-0.00012554235581774265,0.015871720388531685,0.005817491561174393,0.008755258284509182,-0.0027207036036998034,0.0009087004000321031,-0.0008639133302494884,0.0018161656334996223,2.3597891330718994,12.739238739013672,7.549513816833496,7.33937931060791
45,1732111609197,1.999196171760559,12.0,7.331103801727295,3.5301411151885986,-9.946514182956889e-05,0.014321230351924896,0.005288065876811743,0.00787128321826458,-0.002419219585135579,0.0009537095320411026,-0.0006693151080980897,0.0016900403425097466,2.359403133392334,12.738122940063477,7.548763275146484,7.338862895965576
46,1732111609244,1.9993548393249512,12.0,7.338125705718994,3.5308358669281006,-6.874891550978646e-05,0.017260652035474777,0.0062908390536904335,0.009540318511426449,-0.002045971807092428,0.0008082333952188492,-0.0006736088544130325,0.0014302486088126898,2.359194755554199,12.740181922912598,7.549688339233398,7.340466499328613
47,1732111609296,1.9998323917388916,12.0,7.318706035614014,3.5224714279174805,-0.00016324091120623052,0.018959397450089455,0.006791425868868828,0.010573681443929672,-0.0006982042687013745,0.0009055517730303109,-2.8129570637247525e-05,0.0008337414474226534,2.357935905456543,12.741450309753418,7.5496931076049805,7.342253684997559
48,1732111609348,1.9999842643737793,12.0,7.318491458892822,3.5225391387939453,-0.00018576561706140637,0.02007918432354927,0.007176655810326338,0.011211005970835686,-0.0009860211284831166,0.0014660307206213474,-0.00015239720232784748,0.00140181218739599,2.3582355976104736,12.74225902557373,7.5502471923828125,7.342613697052002
49,1732111609394,1.9996639490127563,12.0,7.3150954246521,3.5194404125213623,-0.00022771557269152254,0.022190507501363754,0.007859149016439915,0.012445460073649883,-0.0011336259776726365,-0.0001615232031326741,-0.0005993076483719051,0.0004931886214762926,2.358546733856201,12.743783950805664,7.551165580749512,7.343471527099609
50,1732111609444,1.999657392501831,12.0,7.3285369873046875,3.5268754959106445,-0.00020698188745882362,0.02270585484802723,0.00800694152712822,0.012758951634168625,-0.0017087837914004922,0.0004263003938831389,-0.0005790520226582885,0.0010729626519605517,2.359151601791382,12.744133949279785,7.551642894744873,7.343291282653809
51,1732111609500,1.9995065927505493,12.0,7.341174602508545,3.534440040588379,-0.00016299801063723862,0.021111775189638138,0.007523355074226856,0.011801686137914658,-0.0020467720460146666,4.085861655767076e-05,-0.0006761946715414524,0.0011873797047883272,2.359403610229492,12.742974281311035,7.551188945770264,7.3422932624816895
52,1732111609551,1.9997971057891846,12.0,7.338258266448975,3.53084397315979,-0.000151738990098238,0.017749523743987083,0.0064436099492013454,0.00983645673841238,-0.0017019056249409914,0.00167190155480057,-0.0003050602972507477,0.0017601264407858253,2.358873128890991,12.740586280822754,7.549729824066162,7.34097957611084
53,1732111609598,1.9998737573623657,12.0,7.318624019622803,3.5224180221557617,-0.00010751026275102049,0.017267754301428795,0.0062842899933457375,0.009554448537528515,-0.0009409213671460748,0.0009804369183257222,-0.00011665516649372876,0.0009893077658489347,2.3580877780914307,12.740214347839355,7.5491509437561035,7.341272354125977
54,1732111609644,1.9995793104171753,12.0,7.318124294281006,3.5226500034332275,-0.00015723364776931703,0.01888418197631836,0.006787930615246296,0.01051399763673544,-0.0014476082287728786,0.0006004912429489195,-0.0002452241606079042,0.0010696201352402568,2.3586814403533936,12.741393089294434,7.550037384033203,7.341685771942139
55,1732111609696,1.9997258186340332,12.0,7.318421840667725,3.5224714279174805,-0.00012001283903373405,0.015705076977610588,0.005744608119130135,0.008671236224472523,-0.0012404043227434158,0.0010433431016281247,-0.0001491483999416232,0.0011452344479039311,2.358299970626831,12.739116668701172,7.548708438873291,7.340345859527588
56,1732111609748,1.9996051788330078,12.0,7.319087982177734,3.5222623348236084,-6.460955773945898e-05,0.014841323718428612,0.005478191189467907,0.008154318667948246,-0.00048731599235907197,0.0008791323634795845,-2.782586307148449e-05,0.0007854719297029078,2.357490062713623,12.738466262817383,7.547978401184082,7.340458393096924
57,1732111609800,2.000059127807617,12.0,7.319190979003906,3.5222089290618896,-8.604021422797814e-05,0.015959646552801132,0.0058523244224488735,0.00879779364913702,-0.0005497743259184062,0.0012470240471884608,0.0001268753403564915,0.0009770565666258335,2.3573923110961914,12.739273071289062,7.548332691192627,7.341098308563232
58,1732111609842,1.999556303024292,12.0,7.318700313568115,3.522470712661743,-0.00015165575314313173,0.018075626343488693,0.006522976793348789,0.010045135393738747,-0.0007685977616347373,0.0006548812962137163,-0.0002136081748176366,0.000761764298658818,2.3579578399658203,12.740817070007324,7.549387454986572,7.341790199279785
59,1732111609891,1.99944007396698,12.0,7.341200351715088,3.534348249435425,-6.84380138409324e-05,0.018611423671245575,0.0067370194010436535,0.01032012514770031,-0.0021793702617287636,0.00041546940337866545,-0.0005777302430942655,0.0014003386022523046,2.359402894973755,12.741137504577637,7.550270080566406,7.3409953117370605
60,1732111609942,1.9994685649871826,12.0,7.327968120574951,3.5268821716308594,-0.00010076925536850467,0.016797974705696106,0.006139117293059826,0.009275633841753006,-0.001430707285180688,0.0006321936962194741,-0.0006174867739900947,0.0010985276894643903,2.3585519790649414,12.739876747131348,7.5492143630981445,7.340704917907715
61,1732111609994,1.9998284578323364,12.0,7.328027248382568,3.5268137454986572,-9.888198837870732e-05,0.016801726073026657,0.0061101363971829414,0.009299339726567268,-0.0013921711361035705,0.0007299933349713683,-0.00037897744914516807,0.0010643192799761891,2.358513832092285,12.739877700805664,7.549195766448975,7.340732574462891
62,1732111610043,1.9997928142547607,12.0,7.338411808013916,3.5307395458221436,-0.00010807692160597071,0.01752149872481823,0.0063457484357059,0.009717145934700966,-0.0016293050721287727,0.0011307965032756329,-0.00034129380946978927,0.001389227923937142,2.358790159225464,12.74039363861084,7.549592018127441,7.340902328491211
63,1732111610094,2.000075340270996,12.0,7.3185014724731445,3.522517681121826,-8.594417158747092e-05,0.020226789638400078,0.007270032539963722,0.011255147866904736,-0.0009329259628430009,0.0016004778444766998,-8.508416067343205e-05,0.001459748251363635,2.3582451343536377,12.742293357849121,7.55026912689209,7.342630863189697
64,1732111610149,1.9998095035552979,12.0,7.315591335296631,3.519245147705078,-0.0001266731705982238,0.020436018705368042,0.007304423488676548,0.011405167169868946,-0.0005788119160570204,0.00010844665666809306,-0.00016878497262950987,0.0003623630909714848,2.357900381088257,12.742469787597656,7.550185203552246,7.342999458312988
65,1732111610198,1.9998040199279785,12.0,7.318626403808594,3.522526502609253,-0.00012738756777253002,0.020029306411743164,0.007175299804657698,0.0111662857234478,-0.0007285081665031612,0.0002580432628747076,-0.00019249945762567222,0.0004987978027202189,2.358027458190918,12.742182731628418,7.550105094909668,7.342706680297852
66,1732111610245,1.9996702671051025,12.0,7.318444728851318,3.522555351257324,-0.00010408410162199289,0.018904998898506165,0.006828349083662033,0.01049683429300785,-0.0010408302769064903,0.00021514973195735365,-0.00020382423826958984,0.0007248687325045466,2.358278751373291,12.74137020111084,7.5498247146606445,7.341954231262207
67,1732111610300,1.9997406005859375,12.0,7.318457126617432,3.5225415229797363,-0.00010421755723655224,0.018904682248830795,0.006832753773778677,0.010493351146578789,-0.0010409255046397448,0.00041852303547784686,-0.00021074623509775847,0.0007501807413063943,2.358278751373291,12.74137020111084,7.5498247146606445,7.341954231262207
68,1732111610349,1.999822974205017,12.0,7.318426609039307,3.522526979446411,-0.000104973376437556,0.018725857138633728,0.006773313507437706,0.010390433482825756,-0.0010974867036566138,0.0008056085789576173,-0.0001990597666008398,0.0009559855097904801,2.358325481414795,12.741244316101074,7.5497846603393555,7.341832637786865
69,1732111610399,1.9998871088027954,12.0,7.328749179840088,3.5265121459960938,-0.00013786116323899478,0.020301472395658493,0.007299160119146109,0.011299156583845615,-0.0013925301609560847,0.0015227687545120716,-0.0002249949611723423,0.001541830482892692,2.358705997467041,12.742383003234863,7.550544738769531,7.342368125915527
70,1732111610451,1.9997957944869995,12.0,7.3183159828186035,3.5225346088409424,-8.448748121736571e-05,0.01626579277217388,0.0059478068724274635,0.00897821132093668,-0.0013092758599668741,0.0010421613696962595,-0.0002473692875355482,0.0011921299155801535,2.3584020137786865,12.73948860168457,7.548945426940918,7.340536594390869
71,1732111610497,1.9995906352996826,12.0,7.319023132324219,3.5222702026367188,-4.253048246027902e-05,0.014505145139992237,0.005356698762625456,0.007965626195073128,-0.0005911194020882249,0.0009279919904656708,-1.2522544238890987e-05,0.0008216831483878195,2.357588529586792,12.738212585449219,7.547900676727295,7.340209484100342
72,1732111610548,2.0000803470611572,12.0,7.320935249328613,3.5232369899749756,-8.122668077703565e-05,0.01670287549495697,0.006110571324825287,0.009216824546456337,-0.0005692747072316706,0.0013479925692081451,0.00016656842490192503,0.0010333852842450142,2.357396125793457,12.739795684814453,7.548595905303955,7.341464996337891
73,1732111610601,1.9998202323913574,12.0,7.320949077606201,3.523275375366211,-8.601722220191732e-05,0.016710171476006508,0.006084989756345749,0.00924163032323122,-0.00022974905732553452,0.00026129768230021,-3.440375439822674e-05,0.0002604520122986287,2.357347011566162,12.7398042678833,7.548575401306152,7.341506004333496
74,1732111610651,2.0000526905059814,12.0,7.3209428787231445,3.5232436656951904,-8.777375478530303e-05,0.016886064782738686,0.006146471481770277,0.009340846911072731,-0.0004957440542057157,0.0008736906456761062,4.228332545608282e-05,0.0007303367019630969,2.3573780059814453,12.739930152893066,7.548654079437256,7.3415727615356445
75,1732111610703,2.000025749206543,12.0,7.31868314743042,3.522425413131714,-0.00014212199312169105,0.018506735563278198,0.0066842432133853436,0.010279393754899502,-0.0009017509291879833,0.0014122358988970518,-9.686237899586558e-05,0.0013078865595161915,2.3580148220062256,12.74111557006836,7.549565315246582,7.341960906982422
76,1732111610752,1.9998921155929565,12.0,7.318870544433594,3.522320508956909,-0.00011945036385441199,0.015889134258031845,0.005814559292048216,0.008770798332989216,-0.0006985778454691172,0.0010193664347752929,-2.308929106220603e-05,0.0009158776374533772,2.3577682971954346,12.739246368408203,7.548507213592529,7.340813636779785
77,1732111610800,1.9998376369476318,12.0,7.319326877593994,3.5221517086029053,-6.638550257775933e-05,0.014170896261930466,0.005224952474236488,0.0077905175276100636,-0.00022051006089895964,0.0007352891261689365,0.0002627071808092296,0.00047798833111301064,2.3571979999542236,12.737993240356445,7.547595500946045,7.340331077575684
78,1732111610852,2.0001392364501953,12.0,7.325833320617676,3.5272607803344727,-9.239142673322931e-05,0.016399135813117027,0.0060276309959590435,0.009030445478856564,-0.0004964969702996314,0.001141902757808566,0.00029032176826149225,0.0008211175445467234,2.3568739891052246,12.739588737487793,7.54823112487793,7.34168815612793
79,1732111610897,2.000171661376953,12.0,7.332605838775635,3.522979497909546,-1.6138759747263975e-05,0.018379412591457367,0.006724514067173004,0.010134665295481682,-0.0006439329590648413,0.0009713516919873655,0.00013838696759194136,0.0008088324102573097,2.3562421798706055,12.740936279296875,7.54858922958374,7.343087673187256
80,1732111610956,2.000460386276245,12.0,7.3332839012146,3.515781879425049,-3.017305289176875e-06,0.021948693320155144,0.007840586826205254,0.012243463657796383,-0.0004556516360025853,0.0017201344016939402,0.000856549886520952,0.0011551858624443412,2.355692148208618,12.743453979492188,7.549572944641113,7.345256805419922
81,1732111611004,2.0002236366271973,12.0,7.336322784423828,3.5190584659576416,9.86353825283004e-06,0.020831037312746048,0.007501041516661644,0.011573641560971737,0.00010908306285273284,0.0015607905806973577,0.0006409103516489267,0.0007998765213415027,2.355790138244629,12.742653846740723,7.549221992492676,7.344621658325195
82,1732111611046,2.000459671020508,12.0,7.329522132873535,3.5196616649627686,0.00010590504098217934,0.01768660917878151,0.006485465914011002,0.009731702506542206,-0.0006844412419013679,0.001587480423040688,0.0006353652570396662,0.001179747749119997,2.3561789989471436,12.74035930633545,7.548269271850586,7.342723846435547
83,1732111611097,1.9999232292175293,12.0,7.325974941253662,3.527217388153076,6.687382847303525e-05,0.015337812714278698,0.005681242328137159,0.00839969888329506,-0.0006637717597186565,0.0007463539368472993,0.00014515331713482738,0.0007276508258655667,2.356696605682373,12.738724708557129,7.547710418701172,7.341202735900879
84,1732111611156,2.000248432159424,12.0,7.314717769622803,3.516693353652954,4.9425765610067174e-05,0.018239842727780342,0.006681404076516628,0.010046159848570824,-0.0006996363517828286,0.0012388447066769004,0.00012789024913217872,0.0009998378809541464,2.357365131378174,12.740791320800781,7.549077987670898,7.342191696166992
85,1732111611199,2.000072479248047,12.0,7.319163799285889,3.522223949432373,4.66725614387542e-05,0.01598716527223587,0.005889571271836758,0.00878075510263443,-0.00032851166906766593,0.0010337397688999772,0.00017522576672490686,0.0007472161669284105,2.3574130535125732,12.739198684692383,7.548305988311768,7.341031074523926
86,1732111611255,1.999546766281128,12.0,7.3282623291015625,3.526465892791748,4.6665172703797e-06,0.011598634533584118,0.004375513643026352,0.0063013192266225815,-0.00208003306761384,0.00036746414843946695,-0.0006907458300702274,0.0012568889651447535,2.3589186668395996,12.736123085021973,7.547520637512207,7.337791919708252
87,1732111611310,1.9996073246002197,12.0,7.327894687652588,3.5267703533172607,-2.997474803123623e-05,0.01380650233477354,0.005134131759405136,0.007555988617241383,-0.0017752847634255886,0.0002606351627036929,-0.0004499211208894849,0.0011487965239211917,2.358734607696533,12.737709999084473,7.548222541809082,7.339043617248535
88,1732111611354,1.9995373487472534,12.0,7.328132152557373,3.5267727375030518,5.568478809436783e-05,0.01656395196914673,0.006082890555262566,0.009110892191529274,-0.0013439428294077516,0.0008576071704737842,-0.0006054929690435529,0.0012671008007600904,2.3584609031677246,12.73960018157959,7.549030303955078,7.340574264526367
89,1732111611409,1.9999946355819702,12.0,7.318783760070801,3.522357225418091,5.6980916269822046e-05,0.017424486577510834,0.006356680765748024,0.00961554329842329,-0.0007537735509686172,0.0006159251788631082,-9.24062478588894e-05,0.0006860559806227684,2.3579185009002686,12.740208625793457,7.549063682556152,7.341387748718262
90,1732111611460,1.999753475189209,12.0,7.318662166595459,3.522383689880371,7.31810723664239e-05,0.016308702528476715,0.00600832886993885,0.008954855613410473,-0.0009716570493765175,0.0005593373207375407,-0.00019702156714629382,0.0007656607776880264,2.3580753803253174,12.739407539367676,7.548741340637207,7.340710639953613
91,1732111611509,1.9998376369476318,12.0,7.318566799163818,3.5224626064300537,4.953282405040227e-05,0.019185636192560196,0.0069585274904966354,0.01061882171779871,-0.0009729188750497997,0.00028264004504308105,-0.00028071465203538537,0.0006376195815391839,2.3582348823547363,12.741460800170898,7.549847602844238,7.342050075531006
92,1732111611560,1.9999691247940063,12.0,7.322325229644775,3.524240493774414,-4.401344631332904e-05,0.020108668133616447,0.007234925404191017,0.011180742643773556,2.6578831239021383e-05,0.0002445562568027526,0.0001131370518123731,0.00011570618516998366,2.357281446456909,12.742179870605469,7.5497307777404785,7.343231678009033
93,1732111611609,2.000216007232666,12.0,7.3177924156188965,3.5129828453063965,-6.971742550376803e-05,0.021717609837651253,0.00774170458316803,0.012131469324231148,-0.0009843048173934221,0.001513178227469325,9.006615437101573e-05,0.0012847452890127897,2.357654333114624,12.743337631225586,7.5504961013793945,7.343786716461182
94,1732111611653,2.00006365776062,12.0,7.320827007293701,3.5163650512695312,-9.351062180940062e-05,0.023812735453248024,0.008416922762989998,0.013357899151742458,-0.0004853482823818922,0.0006600628257729113,-1.1711788829416037e-05,0.0005978592671453953,2.357720375061035,12.744837760925293,7.551279067993164,7.34480094909668
95,1732111611705,2.000088691711426,12.0,7.325827121734619,3.5204460620880127,-8.790814899839461e-05,0.025699403136968613,0.009034128859639168,0.014454123564064503,-9.470843360759318e-05,0.0008156266994774342,0.00047128426376730204,0.0004939879872836173,2.3569223880767822,12.746169090270996,7.5515456199646,7.346307277679443
96,1732111611751,2.0000767707824707,12.0,7.325819492340088,3.5205063819885254,-7.617704250151291e-05,0.027345137670636177,0.00959449727088213,0.01539306715130806,5.441989560495131e-05,0.000834812643006444,0.0005726384115405381,0.0004488008562475443,2.3568785190582275,12.747326850891113,7.552102565765381,7.347156524658203
97,1732111611805,2.000300407409668,12.0,7.319645881652832,3.513880968093872,-7.719486893620342e-05,0.027168504893779755,0.009536102414131165,0.015290898270905018,-0.0006568115204572678,0.0008409710717387497,4.0139675547834486e-05,0.0007542755338363349,2.356856346130371,12.747201919555664,7.552029132843018,7.347084045410156
98,1732111611856,2.0002310276031494,12.0,7.319560527801514,3.513935089111328,-7.795751298544928e-05,0.027567962184548378,0.009654354304075241,0.015533010475337505,-0.000460557610495016,0.0007979436777532101,0.00025645672576501966,0.0006473513203673065,2.356921434402466,12.747485160827637,7.552203178405762,7.347238540649414
99,1732111611910,2.000170946121216,12.0,7.32271146774292,3.517272472381592,-7.544353138655424e-05,0.029222484678030014,0.010202165693044662,0.016489949077367783,-0.0001697183179203421,0.0009665387333370745,0.00032951560569927096,0.0005805251421406865,2.356844663619995,12.748655319213867,7.552750110626221,7.348119735717773
100,1732111611959,2.0001442432403564,12.0,7.325636386871338,3.520653247833252,-6.912649405421689e-05,0.031833142042160034,0.01109602302312851,0.017976529896259308,-0.00013804700574837625,0.0008630952797830105,0.00025579481734894216,0.0005336149479262531,2.35709285736084,12.750499725341797,7.553796291351318,7.34924840927124
101,1732111612008,2.000171422958374,12.0,7.319291591644287,3.5141732692718506,-6.867488264106214e-05,0.032317738980054855,0.011261529289186,0.018252845853567123,-0.00022406289645005018,0.0008288478711619973,0.00022575030743610114,0.0005429339944384992,2.357154130935669,12.750843048095703,7.5539984703063965,7.349448204040527
102,1732111612063,2.0000228881835938,12.0,7.325427532196045,3.520714282989502,-5.150499055162072e-05,0.03067333810031414,0.010717427358031273,0.01730041578412056,-0.000570029835216701,0.0005454578786157072,4.3359046685509384e-05,0.0005660099559463561,2.357347249984741,12.749666213989258,7.553506851196289,7.348479270935059
103,1732111612110,2.0001065731048584,12.0,7.325206756591797,3.5208218097686768,-3.760595427593216e-05,0.03296990692615509,0.011498505249619484,0.018611999228596687,-0.00022417097352445126,0.00039168127113953233,6.3680054154247046e-06,0.0003358344838488847,2.3576290607452393,12.751282691955566,7.554455757141113,7.349422931671143
104,1732111612161,2.000176429748535,12.0,7.321676731109619,3.5177438259124756,-5.1180864829802886e-05,0.03532437980175018,0.012260064482688904,0.01998947001993656,-0.0006004627794027328,0.0002767713158391416,-8.958968101069331e-05,0.0004561225068755448,2.358095407485962,12.752961158752441,7.555528163909912,7.350280284881592
105,1732111612204,2.000123977661133,12.0,7.321693420410156,3.5177109241485596,-4.667900793720037e-05,0.03419288247823715,0.01189289428293705,0.019328491762280464,-0.00045728334225714207,0.0001338749862043187,-0.00011248723603785038,0.00030762635287828743,2.3581018447875977,12.752156257629395,7.555129051208496,7.349706649780273
106,1732111612256,2.0001258850097656,12.0,7.321693420410156,3.5177102088928223,-4.667068787966855e-05,0.034192878752946854,0.011893494985997677,0.019328003749251366,-0.00046404116437770426,0.00012906260963063687,-0.00011634413385763764,0.00030950040672905743,2.3581018447875977,12.752156257629395,7.555129051208496,7.349706649780273
107,1732111612312,2.00016188621521,12.0,7.321577548980713,3.5177478790283203,-5.5395299568772316e-05,0.034441277384757996,0.011972742155194283,0.019474510103464127,-0.000690848974045366,0.0003840125573333353,-0.00015587644884362817,0.0005374476313591003,2.358262062072754,12.752338409423828,7.555300235748291,7.349721908569336
108,1732111612365,1.999971866607666,12.0,7.324629306793213,3.521029472351074,-3.6328881833469495e-05,0.03331923112273216,0.011616511270403862,0.018812188878655434,-0.000469000922748819,-0.00013328359636943787,-0.0003163324436172843,0.00016990807489492,2.358386754989624,12.751529693603516,7.554958343505859,7.349061965942383
109,1732111612412,1.9999970197677612,12.0,7.324748992919922,3.5209333896636963,-3.5401339118834585e-05,0.030662212520837784,0.010726042091846466,0.017283448949456215,-0.0003499030426610261,4.335682751843706e-05,-0.00017156629473902285,0.00019916638848371804,2.358242988586426,12.74964714050293,7.553945064544678,7.347832202911377
110,1732111612467,1.999947428703308,12.0,7.324853420257568,3.5208661556243896,-4.4753363908967e-05,0.030087977647781372,0.010519038885831833,0.01696510799229145,-0.00028221672982908785,-3.94630478695035e-05,-0.0001218349498230964,0.00013891181151848286,2.3581430912017822,12.749246597290039,7.553694725036621,7.347620010375977
111,1732111612517,1.9999738931655884,12.0,7.32496976852417,3.5208070278167725,-5.566612526308745e-05,0.029371215030550957,0.010269029065966606,0.016561055555939674,-0.00020322667842265218,-8.068423630902544e-05,-0.00013376369315665215,6.289258453762159e-05,2.3580236434936523,12.748746871948242,7.553385257720947,7.34735107421875
112,1732111612557,2.0001237392425537,12.0,7.325709819793701,3.520557403564453,-9.159729233942926e-05,0.028577154502272606,0.009996432811021805,0.016111135482788086,-0.00020499055972322822,0.0007475899765267968,0.00017554212536197156,0.0005043421406298876,2.3570268154144287,12.748209953308105,7.552618503570557,7.347675800323486
113,1732111612613,2.0001542568206787,12.0,7.322903633117676,3.517242670059204,-6.556756852660328e-05,0.029297735542058945,0.010234571062028408,0.01652706414461136,-7.303597158170305e-06,0.0012051231460645795,0.0004120650119148195,0.0006871881196275353,2.3566107749938965,12.748702049255371,7.552656173706055,7.348318576812744
114,1732111612665,2.0001819133758545,12.0,7.322685241699219,3.5173392295837402,-7.510452269343659e-05,0.030924350023269653,0.010788610205054283,0.017456213012337685,-0.00015185623487923294,0.0010625930735841393,0.0003406753239687532,0.0006388938636519015,2.3568427562713623,12.749860763549805,7.553351879119873,7.348973274230957
115,1732111612711,2.0001864433288574,12.0,7.3228936195373535,3.517216205596924,-7.816951256245375e-05,0.029024742543697357,0.0101529061794281,0.01636282168328762,-0.0001377753505948931,0.0011469863820821047,0.00042705790838226676,0.0006562728085555136,2.3566529750823975,12.748517036437988,7.552585124969482,7.3481574058532715
116,1732111612762,2.000356912612915,12.0,7.325066566467285,3.511214256286621,-0.00010182667028857395,0.027214467525482178,0.00952580664306879,0.015338843688368797,-0.00042429304448887706,0.0017504730494692922,0.0006339687388390303,0.0010885522933676839,2.355947971343994,12.747252464294434,7.551600456237793,7.347761631011963
117,1732111612813,2.0003457069396973,12.0,7.324906826019287,3.5113017559051514,-0.000102219644759316,0.028852468356490135,0.010082069784402847,0.01627526991069317,-0.0004344155313447118,0.0016722503351047635,0.0005034846835769713,0.0010721401777118444,2.356117010116577,12.748412132263184,7.55226469039917,7.348462104797363
118,1732111612861,2.0003371238708496,12.0,7.3219451904296875,3.508074998855591,-9.915869304677472e-05,0.03202682361006737,0.01116661261767149,0.01808479055762291,-0.0002701702178455889,0.0020340282935649157,0.0005576073890551925,0.0012817513197660446,2.355931043624878,12.750658988952637,7.553295135498047,7.35018253326416
119,1732111612910,2.000474691390991,12.0,7.30610990524292,3.509131669998169,-0.00011978415568592027,0.033561740070581436,0.011653842404484749,0.018990494310855865,-0.0004350364615675062,0.002528735902160406,0.000826135219540447,0.0015304024564102292,2.355520248413086,12.751760482788086,7.553640365600586,7.35125207901001
120,1732111612962,2.000502586364746,12.0,7.315864562988281,3.5134785175323486,-9.410466009285301e-05,0.03564736247062683,0.012353900820016861,0.02018863707780838,-0.0005360004724934697,0.002356199314817786,0.0006818742258474231,0.0014991547213867307,2.355809450149536,12.753219604492188,7.554514408111572,7.352079391479492
121,1732111613008,2.00040864944458,12.0,7.302739143371582,3.511350631713867,-8.283793431473896e-05,0.038962069898843765,0.013450905680656433,0.022107016295194626,-0.0004095578333362937,0.001981087727472186,0.0005938963731750846,0.0012406600872054696,2.3563687801361084,12.755560874938965,7.555964946746826,7.353339195251465
122,1732111613064,2.0003581047058105,12.0,7.302473545074463,3.511478900909424,-9.0022585936822e-05,0.04037350043654442,0.013926589861512184,0.022917427122592926,-0.0003544342762324959,0.0018226816318929195,0.0005639184964820743,0.0011277712183073163,2.356604814529419,12.756566047668457,7.556585311889648,7.353883266448975
123,1732111613115,2.000351905822754,12.0,7.302395820617676,3.51155424118042,-9.552996198181063e-05,0.04202154278755188,0.014495204202830791,0.023852868005633354,-0.00033398004597984254,0.0018555199494585395,0.0004698137054219842,0.001205173903144896,2.3566627502441406,12.75773811340332,7.5572004318237305,7.354671001434326
124,1732111613164,2.0001332759857178,12.0,7.305274963378906,3.515002489089966,-0.000167840626090765,0.04480336606502533,0.015445582568645477,0.02544175647199154,-0.0007514013559557498,0.0017273586709052324,0.0004110488807782531,0.001246522064320743,2.356940746307373,12.759760856628418,7.558350563049316,7.355905055999756
125,1732111613214,1.9999194145202637,12.0,7.307786464691162,3.5184831619262695,-0.0001388759701512754,0.044740211218595505,0.015433206222951412,0.025397228077054024,-0.0009993095882236958,0.0010610026074573398,0.00018040728173218668,0.001062227413058281,2.357605218887329,12.759695053100586,7.558650016784668,7.355388164520264
126,1732111613270,2.000053882598877,12.0,7.307660102844238,3.518535614013672,-0.00014187913620844483,0.04587898030877113,0.015806475654244423,0.026059521362185478,8.142074875649996e-06,0.0010045936796814203,0.0003552836715243757,0.000562768429517746,2.35772442817688,12.760504722595215,7.559114456176758,7.355876445770264
127,1732111613318,1.9997423887252808,12.0,7.307653903961182,3.518641710281372,-0.0001456491881981492,0.04791906848549843,0.016521260142326355,0.02720852568745613,-0.0016852347180247307,0.0011312944116070867,0.0001919322821777314,0.0016256744274869561,2.357710123062134,12.761953353881836,7.559831619262695,7.3569111824035645
128,1732111613363,2.0000061988830566,12.0,7.307748317718506,3.5186100006103516,-0.00014500606630463153,0.048121046274900436,0.016580570489168167,0.027331555262207985,-0.0008823543903417885,0.0012886527692899108,0.00023802611394785345,0.0010871831327676773,2.3575639724731445,12.762096405029297,7.559830188751221,7.357115268707275
129,1732111613413,2.0001962184906006,12.0,7.304319858551025,3.515415668487549,-0.0001652893697610125,0.0496855303645134,0.017096105962991714,0.028239820152521133,-0.000510243873577565,0.0010332742240279913,0.00024196003505494446,0.0007725019240751863,2.3579046726226807,12.763219833374023,7.5605621337890625,7.357669353485107
130,1732111613460,2.000030517578125,12.0,7.32129430770874,3.518990993499756,-5.224920096225105e-05,0.052755169570446014,0.018192091956734657,0.029947983101010323,-0.002721964381635189,0.0016410622047260404,-0.00015377852832898498,0.002282005036249757,2.3574728965759277,12.7653169631958,7.561394691467285,7.359457492828369
131,1732111613517,2.0006308555603027,12.0,7.315591335296631,3.5123653411865234,-4.615370198735036e-05,0.05557578057050705,0.01902168244123459,0.031666651368141174,-0.0007017870084382594,0.0025200508534908295,0.000815844046883285,0.0016190020833164454,2.356750011444092,12.767313003540039,7.5620317459106445,7.361379623413086
132,1732111613570,2.000469446182251,12.0,7.315720558166504,3.512319564819336,-3.8287744246190414e-05,0.054443247616291046,0.018671639263629913,0.030990082770586014,-0.0002515510132070631,0.0025981729850172997,0.0007409120444208384,0.001609701314009726,2.356609582901001,12.766504287719727,7.561556816101074,7.360907554626465
133,1732111613616,2.000680446624756,12.0,7.315953254699707,3.5121705532073975,-1.8929078578366898e-05,0.05158570781350136,0.017768055200576782,0.029300108551979065,-0.0007349725929088891,0.002706933533772826,0.0008962462889030576,0.0017279571620747447,2.356344223022461,12.764464378356934,7.560404300689697,7.359652519226074
134,1732111613667,2.0007424354553223,12.0,7.3288750648498535,3.51434326171875,-3.7973527469148394e-06,0.05167466029524803,0.017792101949453354,0.029355600476264954,-0.0006791247287765145,0.0029648528434336185,0.001113699283450842,0.0018226888496428728,2.3560919761657715,12.764516830444336,7.560304641723633,7.359867572784424
135,1732111613712,2.0005669593811035,12.0,7.315654754638672,3.51225209236145,-7.251327770063654e-05,0.05261257290840149,0.01807725802063942,0.02992146648466587,-0.0006559814792126417,0.002383679151535034,0.0008638676954433322,0.0015198304317891598,2.3567211627960205,12.765230178833008,7.560975551605225,7.359927654266357
136,1732111613763,2.000363349914551,12.0,7.315645694732666,3.512284278869629,-7.350978557951748e-05,0.05261087045073509,0.018068740144371986,0.029927045106887817,-0.0003001904406119138,0.002383764833211899,0.0006896909326314926,0.0014740487094968557,2.3567209243774414,12.765229225158691,7.560975074768066,7.359926700592041
137,1732111613814,2.0001747608184814,12.0,7.3185882568359375,3.5156044960021973,-6.113001290941611e-05,0.05188954621553421,0.017854226753115654,0.029489120468497276,-0.000789285113569349,0.0021366486325860023,0.0006136815063655376,0.0014666533097624779,2.356928825378418,12.76470947265625,7.560819149017334,7.35941219329834
138,1732111613870,2.0006260871887207,12.0,7.315662384033203,3.512300491333008,-4.6221568481996655e-05,0.05414197966456413,0.018552346155047417,0.03083200566470623,-0.0006678122445009649,0.0025008523371070623,0.0010176755022257566,0.0015939907170832157,2.356689929962158,12.76629638671875,7.561492919921875,7.360703468322754
139,1732111613918,2.000575542449951,12.0,7.315810680389404,3.5123660564422607,-3.895779445883818e-05,0.056719791144132614,0.019394515082240105,0.03233382850885391,-0.00034030640381388366,0.0028420109301805496,0.0008445741841569543,0.001739819417707622,2.3564915657043457,12.768119812011719,7.562305450439453,7.362133502960205
140,1732111613967,2.0005135536193848,12.0,7.315711975097656,3.5124926567077637,-2.6723804694483988e-05,0.05874794349074364,0.02007957547903061,0.033496689051389694,-0.00019740499556064606,0.0029104717541486025,0.0008853340405039489,0.0017552239587530494,2.3565356731414795,12.769549369812012,7.563042640686035,7.363112449645996
141,1732111614016,2.000619411468506,12.0,7.302440643310547,3.5103821754455566,-1.883373442979064e-05,0.0603693351149559,0.02064349688589573,0.034412872046232224,-0.0002669093373697251,0.0030926107428967953,0.00100889487657696,0.0018196523888036609,2.356443405151367,12.7706937789917,7.563568592071533,7.363986968994141
142,1732111614068,2.0005972385406494,12.0,7.315852642059326,3.5124025344848633,-5.9158810472581536e-05,0.05608612671494484,0.019184719771146774,0.0319673977792263,-0.0003539889876265079,0.002967120846733451,0.0008279993198812008,0.0018559419550001621,2.356330394744873,12.767683982849121,7.562006950378418,7.361938953399658
143,1732111614115,2.000558376312256,12.0,7.315881252288818,3.5123023986816406,-7.149496377678588e-05,0.05504161864519119,0.018838685005903244,0.03136308863759041,-0.00038739910814911127,0.002823940943926573,0.0008640307933092117,0.0017189050558954477,2.356415033340454,12.766952514648438,7.561683654785156,7.361361980438232
144,1732111614168,2.000544309616089,12.0,7.311636447906494,3.508364200592041,-5.017349758418277e-05,0.0572655163705349,0.019577359780669212,0.03264830261468887,-0.0001815859432099387,0.002995298709720373,0.0010043648071587086,0.0017346894601359963,2.356367826461792,12.768514633178711,7.562441349029541,7.362499237060547
145,1732111614220,2.0006802082061768,12.0,7.311875343322754,3.5081984996795654,-3.4895274438895285e-05,0.054108764976263046,0.018573105335235596,0.03078625164926052,-0.0005807842826470733,0.0031122516375035048,0.0011257568839937449,0.0018623665673658252,2.3560774326324463,12.766264915466309,7.561171054840088,7.361114501953125
146,1732111614268,2.0008296966552734,12.0,7.305806636810303,3.50742769241333,5.299707481754012e-06,0.05353618413209915,0.018390242010354996,0.030448108911514282,-0.00043463375186547637,0.003859258024021983,0.0013832650147378445,0.0022213042248040438,2.3553009033203125,12.765830039978027,7.56056547164917,7.361355781555176
147,1732111614316,2.000509023666382,12.0,7.315124034881592,3.50600266456604,1.1789419659180567e-05,0.051961030811071396,0.017889508977532387,0.029518814757466316,-0.0007139741210266948,0.003687962656840682,0.0011601042933762074,0.0022726268507540226,2.3553855419158936,12.764708518981934,7.560047149658203,7.36050271987915
148,1732111614369,2.0008368492126465,12.0,7.325164794921875,3.510164260864258,1.290532873099437e-05,0.05191149190068245,0.017875153571367264,0.029488418251276016,-0.0005305407103151083,0.0036880678962916136,0.0012609317200258374,0.002179957926273346,2.3553829193115234,12.76467227935791,7.560027599334717,7.36047887802124
149,1732111614422,2.0005502700805664,12.0,7.315129280090332,3.5059804916381836,1.4729313988937065e-05,0.05150863155722618,0.017750553786754608,0.029247906059026718,-0.0005585728795267642,0.0036512718070298433,0.0011522554559633136,0.0022128326818346977,2.3553974628448486,12.764386177062988,7.559891700744629,7.36026668548584
150,1732111614475,2.0008163452148438,12.0,7.324943542480469,3.5102596282958984,-2.640823367983103e-06,0.05262264981865883,0.01809864304959774,0.02991044521331787,-0.0006368104368448257,0.0034602831583470106,0.0012793292989954352,0.0020613439846783876,2.355648994445801,12.765188217163086,7.560418605804443,7.360655784606934
151,1732111614524,2.0006585121154785,12.0,7.32492208480835,3.5103442668914795,-4.2882278648903593e-05,0.05544422194361687,0.018995262682437897,0.031576208770275116,-5.9545378462644294e-05,0.0036047075409442186,0.0012410260969772935,0.002050448674708605,2.3556580543518066,12.767217636108398,7.561437606811523,7.362084865570068
152,1732111614572,2.000704526901245,12.0,7.307493686676025,3.5085294246673584,-5.296072777127847e-05,0.05537456274032593,0.01895456202328205,0.031550727784633636,-0.00017554174701217562,0.003946373239159584,0.0013407188234850764,0.0022666340228170156,2.3553121089935303,12.76717472076416,7.561243534088135,7.362298488616943
153,1732111614623,2.000570058822632,12.0,7.325074672698975,3.5103068351745605,-4.8409219743916765e-05,0.05421319976449013,0.01859157532453537,0.030860373750329018,-0.00021179660689085722,0.0038003278896212578,0.0012577041052281857,0.00221087783575058,2.3553943634033203,12.766347885131836,7.560871124267578,7.3616557121276855
154,1732111614675,2.000774383544922,12.0,7.324963569641113,3.5102410316467285,-3.671474041766487e-05,0.051467396318912506,0.01772420108318329,0.029235992580652237,-0.0006696747150272131,0.0034384429454803467,0.001173117314465344,0.002086398657411337,2.355605125427246,12.764392852783203,7.559998989105225,7.360124588012695
155,1732111614719,2.000753879547119,12.0,7.324914455413818,3.51023530960083,-3.448013376328163e-05,0.051258597522974014,0.017640449106693268,0.02912704274058342,-0.0006294253980740905,0.003298627445474267,0.0011369255371391773,0.001993646612390876,2.355733633041382,12.764243125915527,7.559988498687744,7.359927654266357
156,1732111614769,2.00089955329895,12.0,7.315783977508545,3.511676073074341,-7.265702151926234e-06,0.05326062813401222,0.01828431338071823,0.030301030725240707,-0.0007364847115240991,0.0038202828727662563,0.0015908399363979697,0.002279960084706545,2.3553240299224854,12.765644073486328,7.560483932495117,7.361207962036133
157,1732111614820,2.0005316734313965,12.0,7.3246002197265625,3.5105113983154297,-0.00010057957842946053,0.05652354657649994,0.019298691302537918,0.03224727138876915,-0.0005462646367959678,0.0033146741334348917,0.0009076747810468078,0.0020995130762457848,2.356004476547241,12.768023490905762,7.562014102935791,7.3624091148376465
158,1732111614872,2.0004403591156006,12.0,7.31564474105835,3.512493848800659,-8.48543131724e-05,0.05801265686750412,0.019815362989902496,0.0330895371735096,-8.060260734055191e-05,0.0027782695833593607,0.0008992021903395653,0.001627818332053721,2.356624126434326,12.769068717956543,7.5628461837768555,7.362710475921631
159,1732111614922,2.0004780292510986,12.0,7.315659523010254,3.512413263320923,-0.00010454272705828771,0.056379787623882294,0.01926928013563156,0.0321490652859211,-0.0003246991545893252,0.002667815890163183,0.0007700893911533058,0.0016499451594427228,2.3566431999206543,12.767924308776855,7.562283515930176,7.3618879318237305
160,1732111614971,2.0004262924194336,12.0,7.315627574920654,3.5125389099121094,-0.00011671030370052904,0.05866198614239693,0.020032018423080444,0.03346491977572441,-0.0001273799716727808,0.002840859116986394,0.0009051187662407756,0.0016776457196101546,2.356595516204834,12.769552230834961,7.563074111938477,7.363071918487549
161,1732111615021,2.00046443939209,12.0,7.306469917297363,3.5145328044891357,-0.00012203394726384431,0.06106474623084068,0.02085823193192482,0.034830909222364426,-0.00020437886996660382,0.0029087765142321587,0.0010189421009272337,0.0016601548995822668,2.3566598892211914,12.771260261535645,7.563960075378418,7.364234447479248
162,1732111615075,2.000263214111328,12.0,7.3196868896484375,3.5221188068389893,-0.0001657389075262472,0.06260351091623306,0.021367818117141724,0.035722896456718445,-6.334031058941036e-05,0.002241091802716255,0.0009325378923676908,0.0011836072662845254,2.357410192489624,12.772382736206055,7.564896583557129,7.364497661590576
163,1732111615120,1.9998338222503662,12.0,7.326174259185791,3.5216290950775146,-0.00021179724717512727,0.06530695408582687,0.022247273474931717,0.03730235621333122,-0.0013855230063199997,0.002458547241985798,0.0008183426107279956,0.0019830542150884867,2.3573391437530518,12.774333953857422,7.565836429595947,7.365927696228027
164,1732111615176,1.9997638463974,12.0,7.311583042144775,3.513505458831787,-0.00026360966148786247,0.06527941673994064,0.022208377718925476,0.03731236979365349,-0.0013647584710270166,0.0030778429936617613,0.0011296820593997836,0.0022711216006428003,2.356715440750122,12.774351119995117,7.56553316116333,7.3663811683654785
165,1732111615226,1.9999074935913086,12.0,7.326198577880859,3.52170991897583,-0.0003051167295780033,0.06687162071466446,0.022731758654117584,0.03823846951127052,-0.00022635639470536262,0.0026999181136488914,0.0011154651874676347,0.001478148507885635,2.3571789264678955,12.77550983428955,7.566344261169434,7.366872787475586
166,1732111615277,2.0002636909484863,12.0,7.3131256103515625,3.5094668865203857,-0.0003115921572316438,0.06469731032848358,0.02201373688876629,0.036978140473365784,-0.00017773514264263213,0.0029586530290544033,0.0012230620486661792,0.0015947719803079963,2.356799840927124,12.773971557617188,7.565385818481445,7.366052627563477
167,1732111615328,2.000290870666504,12.0,7.308784008026123,3.509986162185669,-0.0002715896116569638,0.06391900032758713,0.02176329866051674,0.03652045130729675,0.0001147961156675592,0.0033479684498161077,0.001317582093179226,0.0017683446640148759,2.356369972229004,12.773390769958496,7.56488037109375,7.365945816040039
168,1732111615380,1.999906063079834,12.0,7.311830043792725,3.5133328437805176,-0.0002623152395244688,0.0632069781422615,0.021538300439715385,0.03609906882047653,-0.0012131573166698217,0.00320981303229928,0.0010981126688420773,0.002218228532001376,2.3564693927764893,12.772879600524902,7.564674377441406,7.365514755249023
169,1732111615426,1.9998199939727783,12.0,7.313591003417969,3.514397144317627,-0.0002740489144343883,0.06539879739284515,0.022242404520511627,0.03738630935549736,-0.0014643504982814193,0.003386363387107849,0.0011835077311843634,0.002455784473568201,2.356412887573242,12.774442672729492,7.565427780151367,7.366659641265869
170,1732111615478,2.000382900238037,12.0,7.30757474899292,3.5076684951782227,-0.00027973618125543,0.06558550894260406,0.02229660376906395,0.03750087320804596,2.6153558792429976e-05,0.0037609708961099386,0.0015677502378821373,0.0019508139230310917,2.356048345565796,12.774579048156738,7.565313816070557,7.367013454437256
171,1732111615530,1.9998059272766113,12.0,7.313562870025635,3.51444673538208,-0.00027491559740155935,0.06631013005971909,0.022544551640748978,0.03791367635130882,-0.001285854377783835,0.003510969690978527,0.001324313459917903,0.0024262936785817146,2.3563385009765625,12.775090217590332,7.565714359283447,7.3671698570251465
172,1732111615577,2.000438690185547,12.0,7.321741580963135,3.515223741531372,-0.0003590252890717238,0.06413613259792328,0.021803319454193115,0.03667481616139412,-0.00021191358973737806,0.00411142548546195,0.0017861820524558425,0.0021801572293043137,2.3556134700775146,12.773606300354004,7.564610004425049,7.366633415222168
173,1732111615627,2.0002918243408203,12.0,7.332616329193115,3.525796890258789,-0.00035502377431839705,0.06412867456674576,0.021802272647619247,0.03666922077536583,0.00019027612870559096,0.004354060627520084,0.001649451907724142,0.002344696782529354,2.3553707599639893,12.773598670959473,7.564484596252441,7.366799831390381
174,1732111615681,1.9999866485595703,12.0,7.325965881347656,3.524806499481201,-0.0003361402777954936,0.0630139634013176,0.021438900381326675,0.036018602550029755,-0.0015781039837747812,0.0045589362271130085,0.001511464361101389,0.003068736754357815,2.355105400085449,12.772793769836426,7.5639495849609375,7.36641788482666
175,1732111615730,2.0005223751068115,12.0,7.3201775550842285,3.517967700958252,-0.0004265103198122233,0.06110527738928795,0.02074247971177101,0.034969158470630646,-0.00011852109309984371,0.005054353736341,0.0018113255500793457,0.0028254191856831312,2.354499578475952,12.771503448486328,7.56300163269043,7.365933895111084
176,1732111615780,2.0005476474761963,12.0,7.320382595062256,3.5178136825561523,-0.00042189497617073357,0.05761866644024849,0.019568726420402527,0.032966360449790955,-0.00015494324907194823,0.005029589869081974,0.0016077100299298763,0.0029638861306011677,2.354332208633423,12.769026756286621,7.561679363250732,7.3643012046813965
177,1732111615832,2.0004639625549316,12.0,7.3182878494262695,3.51245379447937,-0.00040926618385128677,0.05615647882223129,0.019094083458185196,0.03211169317364693,-0.00029517392977140844,0.004393026232719421,0.0014540546108037233,0.002560551045462489,2.354888916015625,12.767980575561523,7.561434745788574,7.363167762756348
178,1732111615882,2.000420570373535,12.0,7.3245110511779785,3.5189831256866455,-0.00040341325802728534,0.05453598126769066,0.01856333389878273,0.031168652698397636,-0.00023682223400101066,0.00422091968357563,0.0014319084584712982,0.0024308718275278807,2.3549718856811523,12.766827583312988,7.56089973449707,7.362293720245361
179,1732111615933,2.000493049621582,12.0,7.321387767791748,3.5156960487365723,-0.00040268621523864567,0.054536860436201096,0.018565677106380463,0.03116745874285698,-0.00046931198448874056,0.0042096530087292194,0.0015076010022312403,0.0024223022628575563,2.35498309135437,12.766827583312988,7.560905456542969,7.362285614013672
180,1732111615974,2.0004498958587646,12.0,7.321383953094482,3.5157082080841064,-0.0004037241742480546,0.054712336510419846,0.018624160438776016,0.031268756836652756,-0.0003277987998444587,0.004221942741423845,0.0014889570884406567,0.002409283071756363,2.35498046875,12.766952514648438,7.560966491699219,7.3623762130737305
181,1732111616025,2.0004844665527344,12.0,7.312270641326904,3.517697334289551,-0.0004049382696393877,0.05806349590420723,0.019722672179341316,0.03321792185306549,-0.00034141732612624764,0.004415793810039759,0.001363649731501937,0.002649288158863783,2.3549716472625732,12.769330978393555,7.5621514320373535,7.3640642166137695
182,1732111616078,2.000495672225952,12.0,7.320107936859131,3.517923593521118,-0.0003992544661741704,0.05840345099568367,0.019843649119138718,0.033407650887966156,-0.00027063346351496875,0.004587435629218817,0.0013520794454962015,0.0028019051533192396,2.3548190593719482,12.769567489624023,7.562193393707275,7.3643388748168945
183,1732111616128,2.000499725341797,12.0,7.315429210662842,3.513911724090576,-0.00040970678674057126,0.05952299013733864,0.020239155739545822,0.03403569757938385,-0.00041834908188320696,0.004378246609121561,0.0014319764450192451,0.0025792738888412714,2.3550894260406494,12.770369529724121,7.562729358673096,7.364715576171875
184,1732111616175,2.0004186630249023,12.0,7.321285247802734,3.5158026218414307,-0.00044059957144781947,0.05621199682354927,0.019104138016700745,0.03215162083506584,-0.0003154611913487315,0.004264059942215681,0.0013590336311608553,0.0025256008375436068,2.3550190925598145,12.76804256439209,7.561531066894531,7.363119125366211
185,1732111616233,1.9997655153274536,12.0,7.308528423309326,3.518347978591919,-0.0006317682564258575,0.0417647510766983,0.014234586618840694,0.02386724203824997,-0.0005108939949423075,0.0019527841359376907,0.0006252954481169581,0.0012429296039044857,2.3565216064453125,12.757933616638184,7.557227611541748,7.3549089431762695
186,1732111616285,1.9975420236587524,12.0,7.325476169586182,3.529054641723633,-0.0012522595934569836,0.02859230525791645,0.009633135050535202,0.016479196026921272,-0.008407988585531712,0.0003290950262453407,-0.0028148326091468334,0.004856253508478403,2.366118907928467,12.749039649963379,7.557579040527344,7.34183406829834
187,1732111616330,1.9972093105316162,12.0,7.330143928527832,3.5293586254119873,-0.0012942240573465824,0.02894824557006359,0.009717845357954502,0.0167124941945076,-0.009711192920804024,0.00018014984379988164,-0.0033082510344684124,0.005552528891712427,2.3674395084381104,12.749321937561035,7.558380603790283,7.341099739074707
188,1732111616378,1.9970437288284302,12.0,7.3533453941345215,3.5359463691711426,-0.0011190853547304869,0.0330769419670105,0.011154408566653728,0.019030766561627388,-0.011347901076078415,0.0002636686258483678,-0.0037650575395673513,0.0065712216310203075,2.369314432144165,12.752121925354004,7.560718059539795,7.341753959655762
189,1732111616442,1.9967275857925415,12.0,7.336205959320068,3.5283162593841553,-0.0012753187911584973,0.038298625499010086,0.012897591106593609,0.02204716205596924,-0.012256945483386517,1.1040031495213043e-05,-0.004102353006601334,0.007062176708132029,2.3705036640167236,12.755931854248047,7.563217639923096,7.343606948852539
190,1732111616476,1.9966959953308105,12.0,7.323317050933838,3.5214388370513916,-0.0014752153074368834,0.04566091299057007,0.015246978960931301,0.02638278715312481,-0.011402668431401253,0.0010422932682558894,-0.0035136332735419273,0.006859408225864172,2.3700454235076904,12.761290550231934,7.565668106079102,7.347719669342041
191,1732111616535,1.9967728853225708,12.0,7.314412593841553,3.522794723510742,-0.0014724000357091427,0.04575163498520851,0.01530248299241066,0.026415271684527397,-0.010759416036307812,0.0007090652361512184,-0.0034288864117115736,0.0063659981824457645,2.3694074153900146,12.7613525390625,7.565380096435547,7.348214626312256
192,1732111616586,1.9975254535675049,12.0,7.3325066566467285,3.5303115844726562,-0.0011984428856521845,0.039680417627096176,0.013340765610337257,0.02285187505185604,-0.008172955363988876,0.00013938505435362458,-0.0028196745552122593,0.004644671455025673,2.3665003776550293,12.756856918334961,7.561678886413574,7.347091197967529
193,1732111616631,1.9977108240127563,12.0,7.326184272766113,3.5220632553100586,-0.00120250612962991,0.03899369388818741,0.01310527604073286,0.022461455315351486,-0.007035760674625635,0.00048114368109963834,-0.0023073507472872734,0.004116845782846212,2.3653249740600586,12.756373405456543,7.560849189758301,7.347580909729004
194,1732111616679,1.9978283643722534,12.0,7.3094162940979,3.5206685066223145,-0.001145840622484684,0.03333732485771179,0.011233758181333542,0.019188247621059418,-0.006529655773192644,-0.0002767807454802096,-0.0024065354373306036,0.0035713782999664545,2.364509105682373,12.752326011657715,7.558417320251465,7.345296382904053
195,1732111616729,1.9979726076126099,12.0,7.310530185699463,3.520400047302246,-0.001242219121195376,0.031357135623693466,0.010539822280406952,0.018080558627843857,-0.005407432559877634,9.011320071294904e-05,-0.001938398345373571,0.003018622752279043,2.363271951675415,12.750990867614746,7.557131290435791,7.345226764678955
196,1732111616783,1.9980920553207397,12.0,7.317159175872803,3.5213513374328613,-0.001185089349746704,0.026162508875131607,0.00881277211010456,0.01508344616740942,-0.005055163986980915,0.000317900616209954,-0.001726904883980751,0.0029073862824589014,2.3626351356506348,12.747271537780762,7.554953575134277,7.343046188354492
197,1732111616834,1.998316764831543,12.0,7.337493896484375,3.5323333740234375,-0.001312662847340107,0.026861846446990967,0.009014616720378399,0.015519761480391026,-0.003256384050473571,0.0009039713186211884,-0.0009759869426488876,0.002108886605128646,2.360867977142334,12.747857093811035,7.5543622970581055,7.344710826873779
198,1732111616890,1.9990402460098267,12.0,7.325882911682129,3.520538330078125,-0.0009349004249088466,0.02227601408958435,0.007657389622181654,0.012724942527711391,0.00041866753599606454,0.0007178817759267986,0.0005254595307633281,0.00016697814862709492,2.3566606044769287,12.744343757629395,7.550502300262451,7.345201015472412
199,1732111616938,2.0001964569091797,12.0,7.3338212966918945,3.528803825378418,-0.0011408076388761401,0.023760437965393066,0.008083636872470379,0.013647076673805714,-5.863227488589473e-05,0.006283728405833244,0.0023809834383428097,0.00341495918110013,2.351165771484375,12.745539665222168,7.5483527183532715,7.3499321937561035
200,1732111616986,2.00307297706604,12.0,7.3234758377075195,3.522637367248535,-0.0011612899834290147,0.02677457593381405,0.009080318734049797,0.015386995859444141,-0.00023206975311040878,0.026055024936795235,0.008536577224731445,0.015171423554420471,2.3315601348876953,12.747688293457031,7.539624214172363,7.365314960479736
201,1732111617039,2.0072784423828125,12.0,7.306033611297607,3.4900457859039307,-0.0003921387542504817,0.03379315510392189,0.011704308912158012,0.019158408045768738,-0.0005974700325168669,0.040552228689193726,0.013870762661099434,0.023134319111704826,2.3174943923950195,12.752116203308105,7.5348052978515625,7.378391742706299
202,1732111617086,2.0081303119659424,12.0,7.322934150695801,3.5095884799957275,-0.0004520644142758101,0.034665610641241074,0.011951159685850143,0.019699081778526306,5.118266199133359e-05,0.05034272000193596,0.01692507043480873,0.02894100360572338,2.307748794555664,12.752777099609375,7.5302629470825195,7.3857502937316895
203,1732111617132,2.009504556655884,12.0,7.285782814025879,3.4943597316741943,-0.0001473906304454431,0.04111604392528534,0.014197228476405144,0.023329179733991623,-4.7454970626858994e-05,0.05653742328286171,0.019136343151330948,0.032393891364336014,2.3019278049468994,12.757132530212402,7.529530048370361,7.392946243286133
204,1732111617188,2.011378526687622,12.0,7.2844109535217285,3.4949424266815186,0.00046235701302066445,0.04537561163306236,0.015963595360517502,0.025483964011073112,-0.0029252907261252403,0.06669136881828308,0.02155768685042858,0.03913385421037674,2.292043447494507,12.759721755981445,7.525882720947266,7.401765823364258
205,1732111617237,2.0157341957092285,12.0,7.291720867156982,3.4824037551879883,0.0015318242367357016,0.05555975064635277,0.019542671740055084,0.031191706657409668,-0.0007466243696399033,0.0794377326965332,0.026712045073509216,0.04567493125796318,2.279919147491455,12.766185760498047,7.523052215576172,7.414910793304443
206,1732111617288,2.0164546966552734,12.0,7.283609867095947,3.4758875370025635,0.001523063750937581,0.06278581917285919,0.022176623344421387,0.03517032787203789,-0.0002663224586285651,0.0832769051194191,0.02769417315721512,0.048136353492736816,2.276516914367676,12.770830154418945,7.5236735343933105,7.420599937438965
207,1732111617335,2.017909288406372,12.0,7.29462194442749,3.4822850227355957,0.0014300422044470906,0.07125221937894821,0.02518325299024582,0.039903368800878525,-0.00011505107977427542,0.08619271963834763,0.02886941097676754,0.04964449256658554,2.274103879928589,12.776385307312012,7.52524471282959,7.426234245300293
208,1732111617381,2.018184185028076,12.0,7.288478374481201,3.4739441871643066,0.0014111555647104979,0.07241171598434448,0.025558946654200554,0.04058210179209709,-0.00025134673342108727,0.08712571859359741,0.029073117300868034,0.05027591064572334,2.2732341289520264,12.777217864990234,7.52522611618042,7.427438259124756
209,1732111617437,2.0173919200897217,12.0,7.292026042938232,3.4842371940612793,0.0015006602043285966,0.05970756337046623,0.020991645753383636,0.03352923318743706,-0.0004414444847498089,0.08724667876958847,0.0291755311191082,0.05029445141553879,2.2723519802093506,12.768966674804688,7.520659446716309,7.422227382659912
