step,time_s,rx,ry,speed_mps,d1_lower,d2_upper,dmin,goals
1,1770581498.27,nan,nan,nan,nan,nan,nan,-1
2,1770581498.28,-0.42048057308681197,-2.4243816490859347,nan,nan,nan,nan,-1
3,1770581498.28,-0.42048057308681197,-2.4243816490859347,0.0,nan,nan,nan,-1
4,1770581498.28,-0.42048057308681197,-2.4243816490859347,0.0,nan,nan,nan,-1
5,1770581498.28,-0.42048057308681197,-2.4243816490859347,0.0,nan,nan,nan,-1
6,1770581499.27,-0.8109067055483331,-2.6140496011548464,0.4369273707709935,nan,nan,nan,-1
7,1770581500.27,-1.333232259693569,-2.7128216470220994,0.5315710441084008,nan,nan,nan,-1
8,1770581501.27,-1.8802907349114868,-2.616303608291765,0.5554698683203835,nan,nan,nan,-1
9,1770581502.27,-2.432878515436914,-2.2860348793609186,0.6443266966668079,nan,nan,nan,-1
10,1770581503.27,-2.875309040572306,-1.8195444813377786,0.6427438585934361,nan,nan,nan,-1
11,1770581504.27,-3.221349476358758,-1.257677563177807,0.6601782088365891,nan,nan,nan,-1
12,1770581505.27,-3.3991482425057273,-0.63583752024336,0.6467485429872109,nan,nan,nan,-1
13,1770581506.27,-3.4536030748256414,-0.07727800835860595,0.5606899389432204,nan,nan,nan,-1
14,1770581507.27,-3.6201568228520506,0.5323306650256862,0.631967770183367,nan,nan,nan,-1
15,1770581508.27,-3.9644447815082553,1.067314536430149,0.6367451567380475,nan,nan,nan,-1
16,1770581509.27,-4.427855891556276,1.402526531379328,0.5719147875340044,nan,nan,nan,-1
17,1770581510.27,-4.990332560232562,1.5652234577294253,0.5855111607991178,nan,nan,nan,-1
18,1770581511.27,-5.587711137808038,1.4458169423817346,0.6087001242675856,nan,nan,nan,-1
19,1770581512.27,-6.163290091089172,1.1319914154743738,0.6555773726317315,nan,nan,nan,-1
20,1770581513.27,-6.463779315800857,0.7943946050861186,0.45236495870920845,nan,nan,nan,-1
21,1770581514.27,-6.534969967938791,0.5835976668199482,0.22229524361696557,nan,nan,nan,-1
22,1770581515.27,-6.423189945975574,0.29045943621427034,0.3137058721190154,nan,nan,nan,0
23,1770581516.27,-6.419821968610137,-0.3731119492993893,0.6639277016562182,nan,nan,nan,0
24,1770581517.27,-6.621073582051264,-1.0049941472841035,0.6628493931775952,nan,nan,nan,0
25,1770581518.27,-6.920810403045637,-1.6305135318196136,0.6940109392245593,nan,nan,nan,0
26,1770581519.27,-7.170646747901207,-2.230423498291237,0.6496080110258501,nan,nan,nan,0
27,1770581520.27,-7.299158978832435,-2.8258707975013806,0.6090307529686102,nan,nan,nan,0
28,1770581521.27,-7.189001791513564,-3.4803435637845044,0.6639542993906634,nan,nan,nan,0
29,1770581522.27,-6.931816030799352,-4.11230366551838,0.6819615596488505,nan,nan,nan,0
30,1770581523.27,-6.598983226070929,-4.647323855185346,0.6307422558870842,nan,nan,nan,0
31,1770581524.27,-6.391725224723836,-4.87645645182952,0.308777761645832,nan,nan,nan,0
32,1770581525.27,-6.272634976239004,-4.970877370187384,0.15196521054154227,nan,nan,nan,1
33,1770581526.27,-6.339949570217606,-4.962450348234853,0.06784166063217589,nan,nan,nan,1
34,1770581527.27,-6.041071822568201,-4.7450732928050074,0.36978195800547964,nan,nan,nan,1
35,1770581528.27,-5.664480207142022,-4.331051117680632,0.5596885651346366,nan,nan,nan,1
36,1770581529.27,-5.461544478804631,-3.84938252380327,0.5222407795771927,nan,nan,nan,1
37,1770581530.27,-5.5275139390697685,-3.3395937432528733,0.5144943057406276,nan,nan,nan,1
38,1770581531.27,-5.688563662506979,-3.1690353156438036,0.23456695128360416,nan,nan,nan,1
39,1770581532.27,-5.93444161406812,-3.066132227112533,0.2662822811100771,nan,nan,nan,1
40,1770581533.27,-6.106725719024995,-2.997574571857903,0.18552300110489306,nan,nan,nan,2
41,1770581534.27,-6.5750504347914465,-2.7791442404651963,0.5169173523462218,nan,nan,nan,2
42,1770581535.27,-7.155187372439059,-2.4050449002600325,0.6904334028784536,nan,nan,nan,2
43,1770581536.27,-7.635236473571536,-1.9429828601332555,0.6661375082725183,nan,nan,nan,2
44,1770581537.27,-8.031642650811197,-1.3909568649118302,0.6791238732554182,nan,nan,nan,2
45,1770581538.27,-8.368499750095754,-0.7774310337672911,0.700544364950814,nan,nan,nan,2
46,1770581539.27,-8.627728357214268,-0.14759074557224258,0.6810626115326462,nan,nan,nan,2
47,1770581540.27,-8.779315998020943,0.49373896124248473,0.6584886265877178,nan,nan,nan,2
48,1770581541.27,-8.735424215002428,1.0498143095235557,0.5577774828868302,nan,nan,nan,2
49,1770581542.27,-8.62732479957579,1.3178247384903339,0.28900097784035544,nan,nan,nan,2
50,1770581543.27,-8.590560415542956,1.3704422436526817,0.06418495969109846,nan,nan,nan,3
51,1770581544.27,-8.217028397060485,1.4919403167077359,0.3928075048842914,nan,nan,nan,3
52,1770581545.27,-8.030682497421541,1.3988811743643492,0.2082893338624076,nan,nan,nan,3
53,1770581546.27,-7.987421844856559,1.277531314022415,0.12883974092892908,nan,nan,nan,3
54,1770581547.27,-7.973222368505042,1.0383375010675113,0.2397875632235329,nan,nan,nan,3
55,1770581548.27,-7.9925716838161796,1.0383020775050356,0.01935094866488637,nan,nan,nan,3
56,1770581549.27,-8.001941090373686,1.0382632709781978,0.009361556736204967,nan,nan,nan,3
57,1770581550.27,-8.025407173349079,0.9906687425002183,0.05307325605313919,nan,nan,nan,3
58,1770581551.27,-8.02005119377828,0.9908092097576476,0.005357031899409582,nan,nan,nan,3
59,1770581552.27,-8.014396182465436,0.9907854383899628,0.0056548469081335526,nan,nan,nan,3
60,1770581553.27,-8.029105778269289,0.9680563411673057,0.02709888888051617,nan,nan,nan,3
61,1770581554.27,-8.026216485595665,0.9667835348120398,0.0031543494905097442,nan,nan,nan,3
62,1770581555.27,-8.01545489760603,0.9671449065749564,0.010767679344591106,nan,nan,nan,3
63,1770581556.27,-7.998662177158421,0.9671741619095041,0.016806144995361,nan,nan,nan,3
64,1770581557.27,-7.990820011934023,0.9671758684598626,0.007840692349098394,nan,nan,nan,3
65,1770581558.27,-8.003927569768308,0.9671690758126796,0.013099376981041494,nan,nan,nan,3
66,1770581559.27,-7.99454052004148,0.9671759902214124,0.009389069187580562,nan,nan,nan,3
67,1770581560.27,-7.995692126513936,0.9671757323677799,0.0011524527810800982,nan,nan,nan,3
68,1770581561.27,-7.988900858715167,0.9671753666835541,0.0067849670143661465,nan,nan,nan,3
69,1770581562.27,-8.007843876366303,0.9671631008332885,0.01894223129080793,nan,nan,nan,3
70,1770581563.27,-7.996073294531965,0.9671756962098965,0.011776248849179645,nan,nan,nan,3
71,1770581564.27,-7.992205772826752,0.9671762883875626,0.0038657447797007657,nan,nan,nan,3
72,1770581565.27,-7.989456529990342,0.9671757166575833,0.002749094767487789,nan,nan,nan,3
73,1770581566.27,-8.001558768002,0.9671720728563472,0.012114051359196645,nan,nan,nan,3
74,1770581567.27,-7.99587424951123,0.9671759023764686,0.005680256511392618,nan,nan,nan,3
75,1770581568.27,-7.989025676034757,0.9671756396482626,0.0068531811520221204,nan,nan,nan,3
76,1770581569.27,-7.9947528754820025,0.9671762742296853,0.005727200847872973,nan,nan,nan,3
77,1770581570.27,-7.996686168608131,0.9671756903099599,0.0019316081304089274,nan,nan,nan,3
78,1770581571.27,-7.999352191598148,0.9671741601608478,0.0026661168699408672,nan,nan,nan,3
79,1770581572.27,-7.989793204502927,0.9671760611158532,0.009559037423384898,nan,nan,nan,3
80,1770581573.27,-7.9920728601446385,0.9671765765196312,0.0022795252644928024,nan,nan,nan,3
81,1770581574.27,-7.994927262356323,0.9671764068204725,0.0028546887538911494,nan,nan,nan,3
82,1770581575.27,-8.000605556279162,0.9671732707954613,0.005678102554174815,nan,nan,nan,3
83,1770581576.27,-7.991284742825838,0.9671765705077063,0.009320676259610432,nan,nan,nan,3
84,1770581577.27,-7.993898119444783,0.9671766796488891,0.0026127574288898727,nan,nan,nan,3
85,1770581578.27,-7.98806834538628,0.9671755126302674,0.005836400528412122,nan,nan,nan,3
86,1770581579.27,-7.983852849212391,0.9671722309699047,0.004215710533222426,nan,nan,nan,3
87,1770581580.27,-7.9929742981511,0.967176809528512,0.009119428043623326,nan,nan,nan,3
88,1770581581.27,-8.003537069933119,0.9671702912557115,0.010564975299940535,nan,nan,nan,3
89,1770581582.27,-7.993673198934006,0.9671768218062058,0.009863548632796705,nan,nan,nan,3
90,1770581583.27,-7.994526200151085,0.9671767412092825,0.0008521931792479945,nan,nan,nan,3
91,1770581584.27,-7.995154557476505,0.9671766418384203,0.0006289013219818688,nan,nan,nan,3
92,1770581585.27,-7.989405266735764,0.9671763229670682,0.005745746836919068,nan,nan,nan,3
93,1770581586.27,-7.982038637438971,0.9671703525540833,0.00736743445190176,nan,nan,nan,3
94,1770581587.27,-8.006905565590396,0.9671655839963239,0.024880803663899245,nan,nan,nan,3
95,1770581588.27,-7.976940819965851,0.9671623858882362,0.029938963320808223,nan,nan,nan,3
96,1770581589.27,-8.024571689896817,0.9552463632533076,0.049139949773640154,nan,nan,nan,3
97,1770581590.27,-8.126739144295502,0.939844693081023,0.10330025345820136,nan,nan,nan,3
98,1770581591.27,-8.215329075121364,0.9364403605327172,0.08865867843812329,nan,nan,nan,3
99,1770581592.27,-8.252152741488294,0.9616329573753744,0.04460478275488794,nan,nan,nan,3
100,1770581593.27,-8.251997121387308,0.9249468649600494,0.036673342044462355,nan,nan,nan,3
101,1770581594.27,-8.252718303921403,0.9064170941093713,0.018557028604834425,nan,nan,nan,3
102,1770581595.27,-8.231463032477784,0.8758331771716154,0.03725111440555213,nan,nan,nan,3
103,1770581596.27,-8.218348181807388,0.8906348602784223,0.01976341618822883,nan,nan,nan,3
104,1770581597.27,-8.211832029173467,0.8934602198135576,0.007103971402990872,nan,nan,nan,3
105,1770581598.27,-8.204073544456921,0.9237401118751922,0.03124078133639943,nan,nan,nan,3
106,1770581599.27,-8.18660992402746,0.9311335631467764,0.01896858961240977,nan,nan,nan,3
107,1770581600.27,-8.177942501740144,0.9260844477563684,0.010038174239711218,nan,nan,nan,3
108,1770581601.27,-8.155497019765834,0.9378900357663618,0.025359533573968824,nan,nan,nan,3
109,1770581602.27,-8.150816623903527,0.9387927812102312,0.004764636443631016,nan,nan,nan,3
110,1770581603.27,-8.172359162091302,0.9371293330778478,0.021597006135546437,nan,nan,nan,3
111,1770581604.27,-8.214206014950065,0.9332695279989048,0.04206110601494491,nan,nan,nan,3
112,1770581605.27,-8.2376364534595,0.9443364647775991,0.02588923139132716,nan,nan,nan,3
113,1770581606.27,-8.24275115732246,0.9155635169751574,0.029219056235788646,nan,nan,nan,3
114,1770581607.27,-8.242693429635175,0.9027062669367553,0.01286736231389357,nan,nan,nan,3
115,1770581608.27,-8.240450194547101,0.8901551797919676,0.012754315479218304,nan,nan,nan,3
116,1770581609.27,-8.220239460246825,0.894099540229036,0.020579505086370086,nan,nan,nan,3
117,1770581610.27,-8.217777740686907,0.9047565822030945,0.010943526687482545,nan,nan,nan,3
118,1770581611.27,-8.204360943660708,0.929658618689424,0.02826174367899539,nan,nan,nan,3
119,1770581612.27,-8.19267660837497,0.9312676689279177,0.011796051701567764,nan,nan,nan,3
120,1770581613.27,-8.182715841239602,0.9237319885413615,0.012500027909645165,nan,nan,nan,3
121,1770581614.27,-8.182715841239602,0.9237319885413615,0.0,nan,nan,nan,3
122,1770581615.27,-8.182715841239602,0.9237319885413615,0.0,nan,nan,nan,3
123,1770581616.27,-8.182715841239602,0.9237319885413615,0.0,nan,nan,nan,3
124,1770581617.27,-8.182715841239602,0.9237319885413615,0.0,nan,nan,nan,3
125,1770581618.27,-8.183469116122705,0.9237203369201226,0.0007531748255305815,nan,nan,nan,3
126,1770581619.27,-8.178825807280933,0.9292186661889709,0.007195567322277464,nan,nan,nan,3
127,1770581620.27,-8.154001917458192,0.9390495992409812,0.026686334775377293,nan,nan,nan,3
128,1770581621.27,-8.154096101428191,0.9400539080901926,0.0010086483686965002,nan,nan,nan,3
129,1770581622.27,-8.152466724581739,0.9366631519644109,0.0037649710613493425,nan,nan,nan,3
130,1770581623.27,-8.15347335479971,0.9375333895881802,0.0013307503778912154,nan,nan,nan,3
131,1770581624.27,-8.189756598580432,0.9356486422813898,0.036335038870445494,nan,nan,nan,3
132,1770581625.27,-8.220968910163338,0.9347889471839403,0.031223210859223666,nan,nan,nan,3
133,1770581626.27,-8.230973629233125,0.9247242267048852,0.014190924666666323,nan,nan,nan,3
134,1770581627.27,-8.236617416208802,0.9124773615602986,0.013484810650712178,nan,nan,nan,3
135,1770581628.27,-8.23717349767908,0.9002408758379566,0.012249208092849441,nan,nan,nan,3
136,1770581629.27,-8.227899151122429,0.886873933384667,0.016254563284701772,nan,nan,nan,3
137,1770581630.27,-8.223857671291793,0.8950766698394756,0.009145371830299709,nan,nan,nan,3
138,1770581631.27,-8.19756097058219,0.9079988498079783,0.02932495630964466,nan,nan,nan,3
139,1770581632.27,-8.200733759604356,0.9316903095016026,0.02390240326434,nan,nan,nan,3
140,1770581633.27,-8.177335889315016,0.9209405405442774,0.025725341863159584,nan,nan,nan,3
141,1770581634.27,-8.17687968355438,0.9283212166466663,0.007401781956444279,nan,nan,nan,3
142,1770581635.27,-8.18536046630478,0.939095487365515,0.013711105781995471,nan,nan,nan,3
143,1770581636.27,-8.17631322193737,0.9398449051403576,0.009073678220366034,nan,nan,nan,3
144,1770581637.27,-8.142404129829108,0.9398606635304737,0.033913001061358757,nan,nan,nan,3
145,1770581638.27,-8.14798608586781,0.9326745517334752,0.00909545040546165,nan,nan,nan,3
146,1770581639.27,-8.16652446560265,0.9792723104450852,0.05018740589406048,nan,nan,nan,3
147,1770581640.27,-8.185062845073091,1.0258700685078619,0.05010998968272842,nan,nan,nan,3
148,1770581641.27,-8.202972804899304,1.0708882415520713,0.04844476846282634,nan,nan,nan,3
149,1770581642.27,-8.221511184367076,1.1174859996159288,0.05019765748831459,nan,nan,nan,3
150,1770581643.27,-8.239698388150515,1.1632010484049073,0.049202992064724727,nan,nan,nan,3
151,1770581644.27,-8.254813911833224,1.2017030091955936,0.04133624530015088,nan,nan,nan,3
152,1770581645.27,-8.159403005857666,0.9357582010447403,0.28271174819620853,nan,nan,nan,3
153,1770581646.27,-8.146396568777519,0.9426931693686423,0.01472518136504248,nan,nan,nan,3
154,1770581647.27,-8.129450620083508,0.9173871518978578,0.030482151333139855,nan,nan,nan,3
155,1770581648.27,-8.12855559028402,0.9153503367177022,0.002223911763208665,nan,nan,nan,3
156,1770581649.27,-8.127391614184878,0.9021528512797952,0.013255741096532192,nan,nan,nan,3
157,1770581650.27,-8.134721056187082,0.9382489962570636,0.03683216548071285,nan,nan,nan,3
158,1770581651.27,-8.14109770795538,0.9654134503968983,0.027878300985051334,nan,nan,nan,3
159,1770581652.27,-8.14494086038991,0.9639402553932581,0.004119662910989422,nan,nan,nan,3
160,1770581653.27,-8.149642914661154,0.958913241446807,0.006877433381250258,nan,nan,nan,3
161,1770581654.27,-8.153969725566046,0.9518643458156395,0.00827391686785388,nan,nan,nan,3
162,1770581655.27,-8.155976652013196,0.9459395163431193,0.006251961609657257,nan,nan,nan,3
163,1770581656.27,-8.13798768486983,0.9410859424700075,0.01863334394676176,nan,nan,nan,3
164,1770581657.27,-8.13259151259146,0.9379878899945723,0.006222520511065036,nan,nan,nan,3
165,1770581658.27,-8.133565323825943,0.9169903810162129,0.021038717831933586,nan,nan,nan,3
166,1770581659.27,-8.116291018087606,0.9156450773234003,0.0173273968470065,nan,nan,nan,3
167,1770581660.27,-8.115880002793793,0.896570483291558,0.019057893288348355,nan,nan,nan,3
168,1770581661.27,-8.105711622131581,0.8936282209099577,0.010597625941127077,nan,nan,nan,3
169,1770581662.27,-8.099967501894229,0.8784969388223658,0.016169364079679182,nan,nan,nan,3
170,1770581663.27,-8.117247643273943,0.8709345256131537,0.018875145062229537,nan,nan,nan,3
171,1770581664.27,-8.163897254133664,0.8384837549519151,0.05678612637079958,nan,nan,nan,3
172,1770581665.27,-8.152827984990948,0.8335623464582356,0.012115819218329573,nan,nan,nan,3
173,1770581666.27,-8.13409226037656,0.8700266998900971,0.040991978609426945,nan,nan,nan,3
174,1770581667.27,-8.116550825595494,0.8902524337671383,0.026772457346619014,nan,nan,nan,3
175,1770581668.27,-8.107703889695587,0.889800935408925,0.008866420979801696,nan,nan,nan,3
176,1770581669.27,-8.1476235146021,0.8700555328146576,0.044530247795011656,nan,nan,nan,3
177,1770581670.27,-8.172486775955166,0.851718867507868,0.030875845720507313,nan,nan,nan,3
178,1770581671.27,-8.158493769182934,0.848809564314914,0.014287864826439565,nan,nan,nan,3
179,1770581672.27,-8.15940039530537,0.8674815399531277,0.018713604851173432,nan,nan,nan,3
180,1770581673.27,-8.156165306638934,0.9261121525005379,0.058673339863603416,nan,nan,nan,3
181,1770581674.27,-8.164460636980142,0.949251513315298,0.024597783434053954,nan,nan,nan,3
182,1770581675.27,-8.157361647922333,0.9454407426477898,0.008050557749639633,nan,nan,nan,3
183,1770581676.27,-8.162508856816242,0.9444025853476963,0.0052506746523679265,nan,nan,nan,3
184,1770581677.27,-8.126161196902764,0.9440323425840071,0.03635306444083723,nan,nan,nan,3
185,1770581678.27,-8.125965492545042,0.9170771089979223,0.02697970553606467,nan,nan,nan,3
186,1770581679.27,-8.135971809692023,0.9192717948883457,0.01023454914821703,nan,nan,nan,3
187,1770581680.27,-8.13410859472589,0.9535754259141568,0.03435779865747967,nan,nan,nan,3
188,1770581681.27,-8.138073977439465,0.9646171494038732,0.011737155539065219,nan,nan,nan,3
189,1770581682.27,-8.13266433542071,0.9683035354525896,0.0065429252682888935,nan,nan,nan,3
190,1770581683.27,-8.127999293770344,0.9673070211142802,0.004770459320092758,nan,nan,nan,3
191,1770581684.27,-8.125822964738814,0.9684264195498069,0.0024471799823592793,nan,nan,nan,3
192,1770581685.27,-8.125842795351016,0.9705629052380097,0.0021366612637788956,nan,nan,nan,3
193,1770581686.27,-8.070811043397923,0.971521472764227,0.05503860376393634,nan,nan,nan,3
194,1770581687.27,-8.12575307630715,0.967448543810925,0.055119258892073975,nan,nan,nan,3
195,1770581688.27,-8.200743675663432,0.9589247269564525,0.07547707414002501,nan,nan,nan,3
196,1770581689.27,-8.23552455085962,1.0011124432479765,0.05467166557424198,nan,nan,nan,3
197,1770581690.27,-8.235706457737855,0.958562129095951,0.04253194323523684,nan,nan,nan,3
198,1770581691.27,-8.235157364821227,0.9307349907951531,0.027832800728170744,nan,nan,nan,3
199,1770581692.27,-8.236245286166517,0.9305678744694899,0.0011007000414894458,nan,nan,nan,3
200,1770581693.27,-8.26427487707408,0.9300649210530633,0.028052689693492772,nan,nan,nan,3
201,1770581694.27,-8.299079815715668,0.9351806857966074,0.03516021175492399,nan,nan,nan,3
202,1770581695.27,-8.29908712788,0.9131925928364029,0.021996747490953344,nan,nan,nan,3
203,1770581696.27,-8.253419432189718,0.845560249188131,0.081552179117309,nan,nan,nan,3
204,1770581697.27,-8.247913552636073,0.8623146346800442,0.01763854698546078,nan,nan,nan,3
205,1770581698.27,-8.243297309353718,0.8749733873109728,0.013473769570292326,nan,nan,nan,3
206,1770581699.27,-8.227269034160587,0.8933727878526688,0.024403952014222623,nan,nan,nan,3
207,1770581700.27,-8.209722633074746,0.9078428377422988,0.02274769520945679,nan,nan,nan,3
208,1770581701.27,-8.187630272458899,0.9209290932611557,0.02567109390715939,nan,nan,nan,3
209,1770581702.27,-8.184670642762113,0.9423338399050956,0.02161296738815473,nan,nan,nan,3
210,1770581703.27,-8.172826659213452,0.9277474188241881,0.018784416814485054,nan,nan,nan,3
211,1770581704.27,-8.152888608071072,0.9341996747523498,0.020956724343077725,nan,nan,nan,3
212,1770581705.27,-8.163421777000583,0.9331211572363791,0.010589569030579761,nan,nan,nan,3
213,1770581706.27,-8.18129993854681,0.9273357879512035,0.01880597117378466,nan,nan,nan,3
214,1770581707.27,-8.214645590549544,0.9276030074914591,0.033345442706234844,nan,nan,nan,3
215,1770581708.27,-8.238223599441351,0.9425831330652735,0.02792807532696163,nan,nan,nan,3
216,1770581709.27,-8.24989351504528,0.9234336158024684,0.022422524974423545,nan,nan,nan,3
217,1770581710.27,-8.249985419793752,0.9262847253100437,0.0028509746783039673,nan,nan,nan,3
218,1770581711.27,-8.249985419793752,0.9262847253100437,0.0,nan,nan,nan,3
219,1770581712.27,-8.249985419793752,0.9262847253100437,0.0,nan,nan,nan,3
220,1770581713.27,-8.249985419793752,0.9262847253100437,0.0,nan,nan,nan,3
221,1770581714.27,-8.249985419793752,0.9262847253100437,0.0,nan,nan,nan,3
222,1770581715.27,-8.249985419793752,0.9262847253100437,0.0,nan,nan,nan,3
223,1770581716.27,-8.249985419793752,0.9262847253100437,0.0,nan,nan,nan,3
224,1770581717.27,-8.249985419793752,0.9262847253100437,0.0,nan,nan,nan,3
225,1770581718.27,-8.249985419793752,0.9262847253100437,0.0,nan,nan,nan,3
226,1770581719.27,-8.249985419793752,0.9262847253100437,0.0,nan,nan,nan,3
227,1770581720.27,-8.249985419793752,0.9262847253100437,0.0,nan,nan,nan,3
228,1770581721.27,-8.249985419793752,0.9262847253100437,0.0,nan,nan,nan,3
229,1770581722.27,-8.249985419793752,0.9262847253100437,0.0,nan,nan,nan,3
230,1770581723.27,-8.249985419793752,0.9262847253100437,0.0,nan,nan,nan,3
231,1770581724.27,-8.249985419793752,0.9262847253100437,0.0,nan,nan,nan,3
232,1770581725.27,-8.249985419793752,0.9262847253100437,0.0,nan,nan,nan,3
233,1770581726.27,-8.249985419793752,0.9262847253100437,0.0,nan,nan,nan,3
234,1770581727.27,-8.249985419793752,0.9262847253100437,0.0,nan,nan,nan,3
235,1770581728.27,-8.249985419793752,0.9262847253100437,0.0,nan,nan,nan,3
236,1770581729.27,-8.249985419793752,0.9262847253100437,0.0,nan,nan,nan,3
237,1770581730.27,-8.249985419793752,0.9262847253100437,0.0,nan,nan,nan,3
238,1770581731.27,-8.249985419793752,0.9262847253100437,0.0,nan,nan,nan,3
239,1770581732.27,-8.249985419793752,0.9262847253100437,0.0,nan,nan,nan,3
240,1770581733.27,-8.249985419793752,0.9262847253100437,0.0,nan,nan,nan,3
241,1770581734.27,-8.249985419793752,0.9262847253100437,0.0,nan,nan,nan,3
242,1770581735.27,-8.249985419793752,0.9262847253100437,0.0,nan,nan,nan,3
243,1770581736.27,-8.249985419793752,0.9262847253100437,0.0,nan,nan,nan,3
244,1770581737.27,-8.249985419793752,0.9262847253100437,0.0,nan,nan,nan,3
245,1770581738.27,-8.249985419793752,0.9262847253100437,0.0,nan,nan,nan,3
246,1770581739.27,-8.249985419793752,0.9262847253100437,0.0,nan,nan,nan,3
247,1770581740.27,-8.249985419793752,0.9262847253100437,0.0,nan,nan,nan,3
248,1770581741.27,-8.249985419793752,0.9262847253100437,0.0,nan,nan,nan,3
249,1770581742.27,-8.249985419793752,0.9262847253100437,0.0,nan,nan,nan,3
250,1770581743.27,-8.249985419793752,0.9262847253100437,0.0,nan,nan,nan,3
251,1770581744.27,-8.249985419793752,0.9262847253100437,0.0,nan,nan,nan,3
252,1770581745.27,-8.249985419793752,0.9262847253100437,0.0,nan,nan,nan,3
253,1770581746.27,-8.249985419793752,0.9262847253100437,0.0,nan,nan,nan,3
254,1770581747.27,-8.249985419793752,0.9262847253100437,0.0,nan,nan,nan,3
255,1770581748.27,-8.249985419793752,0.9262847253100437,0.0,nan,nan,nan,3
256,1770581749.27,-8.249985419793752,0.9262847253100437,0.0,nan,nan,nan,3
257,1770581750.27,-8.14667227452437,0.8733737117012461,0.11614611459556795,nan,nan,nan,3
258,1770581751.27,-8.153041289689929,0.8577406593698116,0.01686947474980565,nan,nan,nan,3
259,1770581752.27,-8.15115516613072,0.8570819817897343,0.001999733090010437,nan,nan,nan,3
260,1770581753.27,-8.151353900953819,0.8836939986420539,0.02659735587699717,nan,nan,nan,3
261,1770581754.27,-8.145324557883399,0.8862298953374379,0.0065449469514340655,nan,nan,nan,3
262,1770581755.27,-8.150792600625413,0.8745930536936874,0.012845477488719583,nan,nan,nan,3
263,1770581756.27,-8.151057800935082,0.8732292289415401,0.00138949826448238,nan,nan,nan,3
264,1770581757.27,-8.152882474470465,0.8855130327305635,0.012425194737848656,nan,nan,nan,3
265,1770581758.27,-8.155001042813469,0.9156413142334856,0.030182275968314787,nan,nan,nan,3
266,1770581759.27,-8.13717589214287,0.9332955242280054,0.02511273938109689,nan,nan,nan,3
267,1770581760.27,-8.126845195040792,0.923108558812171,0.014496216501127483,nan,nan,nan,3
268,1770581761.27,-8.130628592697727,0.8795718360764495,0.04373714532149195,nan,nan,nan,3
269,1770581762.27,-8.157123634033209,0.8590261844246319,0.03352696552468329,nan,nan,nan,3
270,1770581763.27,-8.150072103588752,0.8581405010249369,0.007106692114440479,nan,nan,nan,3
271,1770581764.27,-8.15093307834536,0.881007202085206,0.022863144118757527,nan,nan,nan,3
272,1770581765.27,-8.154448814761395,0.9054814358407864,0.024724360680409785,nan,nan,nan,3
273,1770581766.27,-8.148571631918202,0.9389236045033937,0.03395526551505234,nan,nan,nan,3
274,1770581767.27,-8.128572260460642,0.9295761303817061,0.0220966332343951,nan,nan,nan,3
275,1770581768.27,-8.112909089087811,0.9106573902309963,0.02453899656890974,nan,nan,nan,3
276,1770581769.27,-8.113044270089452,0.8933066698077773,0.017350692697329487,nan,nan,nan,3
277,1770581770.27,-8.098892397070601,0.8930073243499917,0.014153796769318433,nan,nan,nan,3
278,1770581771.27,-8.098892397070601,0.8930073243499917,0.0,nan,nan,nan,3
279,1770581772.27,-8.098892397070601,0.8930073243499917,0.0,nan,nan,nan,3
280,1770581773.27,-8.098892397070601,0.8930073243499917,0.0,nan,nan,nan,3
281,1770581774.27,-8.098892397070601,0.8930073243499917,0.0,nan,nan,nan,3
282,1770581775.27,-8.09880005691619,0.889335895451995,0.0036714931223344213,nan,nan,nan,3
283,1770581776.27,-8.106533095866855,0.8848821811123249,0.008931868885509679,nan,nan,nan,3
284,1770581777.27,-8.15170283177575,0.862029817215292,0.05061258780697812,nan,nan,nan,3
285,1770581778.27,-8.15959111423902,0.86040196598442,0.008054342005400337,nan,nan,nan,3
286,1770581779.27,-8.159702618913936,0.8725961496256459,0.01218571895753067,nan,nan,nan,3
287,1770581780.27,-8.161681053883992,0.8853251227433842,0.01288233566603898,nan,nan,nan,3
288,1770581781.27,-8.154431910067833,0.8820570682538004,0.007955585151866637,nan,nan,nan,3
289,1770581782.27,-8.155788443356737,0.8809390529654629,0.0017583789204562439,nan,nan,nan,3
290,1770581783.27,-8.186784695983834,0.844104801598565,0.04810288215695923,nan,nan,nan,3
291,1770581784.27,-8.188142978474454,0.811549227262257,0.03260198470473231,nan,nan,nan,3
292,1770581785.27,-8.16520678849599,0.775450339692672,0.04274614837992115,nan,nan,nan,3
293,1770581786.27,-8.170605923728106,0.7894693931913143,0.015035170755923873,nan,nan,nan,3
294,1770581787.27,-8.199192152224876,0.7891236750821871,0.02856916524270489,nan,nan,nan,3
295,1770581788.27,-8.215860721471683,0.7990985799514028,0.01942884330446922,nan,nan,nan,3
296,1770581789.27,-8.21580601236535,0.7971555884965571,0.0019428378905156861,nan,nan,nan,3
297,1770581790.27,-8.215461540658902,0.7696646827811144,0.027521482243935545,nan,nan,nan,3
298,1770581791.27,-8.213030837266366,0.7990634195019582,0.029473023807614587,nan,nan,nan,3
299,1770581792.27,-8.1922268735916,0.8585508852911823,0.06303851260856753,nan,nan,nan,3
300,1770581793.27,-8.191470894968582,0.9132959568389122,0.05478413347013206,nan,nan,nan,3
301,1770581794.27,-8.205670373310356,0.9420651192772826,0.03207725581280639,nan,nan,nan,3
302,1770581795.27,-8.218906662961734,0.9550614423769553,0.018536329867028942,nan,nan,nan,3
303,1770581796.27,-8.220763063705194,1.0010793000751683,0.04606704994428931,nan,nan,nan,3
304,1770581797.27,-8.222274427224463,1.0503561287872776,0.04932073176530187,nan,nan,nan,3
305,1770581798.27,-8.223785790743863,1.0996329574984394,0.04926495157636914,nan,nan,nan,3
306,1770581799.27,-8.225323212256598,1.1497593867046212,0.05014903222327045,nan,nan,nan,3
307,1770581800.27,-8.226831510131504,1.1989362624163689,0.04924633161807512,nan,nan,nan,3
308,1770581801.27,-8.228342873652498,1.2482130911275306,0.0492757992567566,nan,nan,nan,3
309,1770581802.27,-8.159507843320052,1.0075684071165056,0.2501933567837806,nan,nan,nan,3
310,1770581803.27,-8.098060034741346,0.9330626322509434,0.09657322487692915,nan,nan,nan,3
311,1770581804.27,-8.094822216878752,0.9343356040741315,0.0034823835134853705,nan,nan,nan,3
312,1770581805.27,-8.091788300276308,0.9367363787101176,0.003868845044148112,nan,nan,nan,3
313,1770581806.27,-8.089242965466493,0.9384514274373917,0.0030692369997821294,nan,nan,nan,3
314,1770581807.27,-8.088637962436465,0.9403617088540377,0.002001892953335388,nan,nan,nan,3
315,1770581808.27,-8.08616727402297,0.9412874080098226,0.002640907701543207,nan,nan,nan,3
316,1770581809.27,-8.084131863372,0.9425293447194566,0.0023831027615735956,nan,nan,nan,3
317,1770581810.27,-8.080387173130442,0.9438381262766842,0.003965537740165878,nan,nan,nan,3
318,1770581811.27,-8.077228862371314,0.9451392358916921,0.0034155436402499096,nan,nan,nan,3
319,1770581812.27,-8.07228040830549,0.9504819026727025,0.007289164606217689,nan,nan,nan,3
320,1770581813.27,-8.067614938733605,0.9514991005098737,0.004770712964866179,nan,nan,nan,3
321,1770581814.27,-8.061386419800034,0.9529411284139736,0.0063991859244641736,nan,nan,nan,3
322,1770581815.27,-8.056104181078284,0.9542979881580903,0.0054484923479318345,nan,nan,nan,3
323,1770581816.27,-8.055868739991057,0.9544625819172566,0.00028744906216433575,nan,nan,nan,3
324,1770581817.27,-8.055639172888009,0.9543381461256968,0.0002611735043192249,nan,nan,nan,3
325,1770581818.27,-8.05732204086394,0.9538220892896483,0.0017588004508969886,nan,nan,nan,3
326,1770581819.27,-8.059215626867653,0.9531552874318349,0.0020094810231916973,nan,nan,nan,3
327,1770581820.27,-8.059130927273946,0.95280745297089,0.0003579942737402308,nan,nan,nan,3
328,1770581821.27,-8.059831411092553,0.9521765877590787,0.0009418410994870362,nan,nan,nan,3
329,1770581822.27,-8.0693705724551,0.9506869018615197,0.009661934246426787,nan,nan,nan,3
330,1770581823.27,-8.062286577950534,0.9514338219612145,0.00711766748228173,nan,nan,nan,3
331,1770581824.27,-8.060760366732383,0.9518416716613683,0.0015798206963652983,nan,nan,nan,3
332,1770581825.27,-8.062669689387867,0.9506159631396001,0.0022707898261710613,nan,nan,nan,3
333,1770581826.27,-8.064502189071737,0.9499522627768242,0.0019473956847819599,nan,nan,nan,3
334,1770581827.27,-8.066304738078589,0.949131568634169,0.001980559310294164,nan,nan,nan,3
335,1770581828.27,-8.069593433138982,0.9474618271138104,0.003688243930854911,nan,nan,nan,3
336,1770581829.27,-8.069859052265597,0.9470010983406644,0.0005323164644402511,nan,nan,nan,3
337,1770581830.27,-8.070144541497303,0.946269214509835,0.0007848893304126912,nan,nan,nan,3
338,1770581831.27,-8.070305558039435,0.9452130133951021,0.0010693672343414936,nan,nan,nan,3
339,1770581832.27,-8.076940045066879,0.9463224300655636,0.006725540922269236,nan,nan,nan,3
340,1770581833.27,-8.071984051873297,0.9434113117325114,0.005748550927512067,nan,nan,nan,3
341,1770581834.27,-8.073703580605745,0.9418818724595296,0.002299146726463172,nan,nan,nan,3
342,1770581835.27,-8.076229977502583,0.9393705679042536,0.003565512272061798,nan,nan,nan,3
343,1770581836.27,-8.081284977443051,0.9351690790970418,0.006566719449731549,nan,nan,nan,3
344,1770581837.27,-8.022618988823552,0.9345175930129183,0.05872348084460468,nan,nan,nan,3
345,1770581838.27,-8.024547785089403,0.9133245116777933,0.021271633335906,nan,nan,nan,3
346,1770581839.27,-8.01891777370533,0.8560389190297479,0.05753682502700839,nan,nan,nan,3
347,1770581840.27,-8.26410551820124,0.9467020093861683,0.261601929098201,nan,nan,nan,3
348,1770581841.27,-8.368700689825404,0.8517475239978395,0.14115912277670184,nan,nan,nan,3
349,1770581842.27,-8.401933987022314,0.8582411558789809,0.03386599033969533,nan,nan,nan,3
350,1770581843.27,-8.402483551605494,0.8581122802918058,0.0005649475944696161,nan,nan,nan,3
351,1770581844.27,-8.402483659433926,0.8581135353882384,1.2596228179463432e-06,nan,nan,nan,3
352,1770581845.27,-8.402483536515877,0.8581121398730978,1.3996499702195392e-06,nan,nan,nan,3
353,1770581846.27,-8.402483586805284,0.8581127120936101,5.744386954537656e-07,nan,nan,nan,3
354,1770581847.27,-8.402483711093014,0.8581141248899881,1.4183082711850808e-06,nan,nan,nan,3
355,1770581848.27,-8.402483633958322,0.8581132495796823,8.789980935959508e-07,nan,nan,nan,3
356,1770581849.27,-8.40248362553488,0.8581131548135936,9.519591453543574e-08,nan,nan,nan,3
357,1770581850.27,-8.402483628407564,0.858113188353707,3.3632591755182196e-08,nan,nan,nan,3
358,1770581851.27,-8.402483549096086,0.8581122883124792,9.042798519507037e-07,nan,nan,nan,3
359,1770581852.27,-8.402483714333071,0.8581141664135377,1.8855069393795574e-06,nan,nan,nan,3
360,1770581853.27,-8.402483586409511,0.8581127141751733,1.4564900344898796e-06,nan,nan,nan,3
361,1770581854.27,-8.402483545143781,0.8581122463219257,4.7010749366680305e-07,nan,nan,nan,3
362,1770581855.27,-8.402483585984356,0.8581127112235959,4.666971063797462e-07,nan,nan,nan,3
