step,time_s,robot_x,robot_y,speed_mps,diag_actor_dist,linear_actor_dist,triangle_actor_dist,dmin,goals_count
1,6.17,-18.95,-22.18,nan,5.75,7.57,3.27,3.27,0
2,6.17,-18.38,-22.91,nan,6.59,8.27,3.98,3.98,0
3,6.17,-18.38,-22.91,nan,6.59,4.13,3.98,3.98,0
4,6.17,-18.38,-22.91,nan,7.48,4.13,3.98,3.98,0
5,6.17,-18.38,-22.91,nan,7.48,4.13,0.66,0.66,0
6,6.17,-18.38,-22.91,nan,7.48,4.13,0.66,0.66,0
7,7.00,-18.38,-22.94,0.04,6.43,3.03,1.47,1.47,0
8,8.00,-18.41,-22.40,0.54,5.13,1.51,2.77,1.51,0
9,9.00,-18.55,-21.94,0.48,3.84,0.09,3.40,0.09,0
10,10.00,-18.53,-21.88,0.06,2.85,0.99,2.96,0.99,0
11,11.02,-18.72,-21.96,0.20,1.72,1.90,2.54,1.72,0
12,12.01,-18.98,-22.14,0.32,0.85,2.66,2.29,0.85,0
13,13.00,-19.14,-22.11,0.17,0.99,3.70,2.66,0.99,0
14,14.01,-19.76,-22.06,0.62,2.39,4.43,3.06,2.39,0
15,15.00,-20.31,-21.81,0.61,3.95,3.86,3.64,3.64,0
16,16.00,-20.46,-21.62,0.24,5.09,3.24,4.45,3.24,0
17,17.00,-20.42,-21.64,0.04,6.03,2.51,5.18,2.51,0
18,18.00,-20.48,-21.66,0.07,7.07,2.03,5.53,2.03,0
19,19.00,-20.52,-21.63,0.05,6.40,1.96,5.37,1.96,0
20,20.00,-20.52,-21.62,0.01,5.39,2.30,5.33,2.30,0
21,21.00,-20.56,-21.55,0.08,4.49,2.85,5.46,2.85,0
22,22.00,-20.60,-21.50,0.07,3.57,3.63,5.71,3.57,0
23,23.00,-20.61,-21.51,0.02,2.58,4.62,5.06,2.58,0
24,24.00,-20.61,-21.50,0.02,1.63,5.46,4.22,1.63,0
25,25.00,-20.62,-21.49,0.01,0.85,6.43,3.14,0.85,0
26,26.00,-20.61,-21.46,0.03,0.76,7.32,2.23,0.76,0
27,27.00,-20.61,-21.43,0.03,1.58,8.26,1.42,1.42,0
28,28.01,-20.66,-21.36,0.08,2.40,9.17,1.06,1.06,0
29,29.00,-20.70,-21.33,0.05,3.37,10.14,1.55,1.55,0
30,30.00,-20.72,-21.36,0.04,4.31,10.70,2.37,2.37,0
31,31.02,-20.72,-21.37,0.01,5.27,9.78,3.22,3.22,0
32,32.01,-20.72,-21.37,0.00,6.26,8.91,4.16,4.16,0
33,33.00,-20.72,-21.37,0.00,5.34,7.82,5.19,5.19,0
34,34.01,-20.72,-21.37,0.00,4.37,6.84,5.38,4.37,0
35,35.00,-20.72,-21.37,0.00,3.39,5.95,4.72,3.39,0
36,36.00,-20.72,-21.37,0.00,2.40,5.01,3.99,2.40,0
37,37.01,-20.72,-21.37,0.00,1.49,4.12,3.29,1.49,0
38,38.00,-20.72,-21.37,0.00,0.67,3.32,2.93,0.67,0
39,39.00,-20.72,-21.36,0.01,0.84,2.63,3.06,0.84,0
40,40.00,-20.76,-21.27,0.11,1.74,2.26,3.67,1.74,0
41,41.00,-20.77,-21.15,0.12,2.77,2.32,4.44,2.32,0
42,42.00,-20.78,-21.13,0.03,3.75,2.77,5.11,2.77,0
43,43.00,-20.78,-21.12,0.00,4.77,3.43,5.51,3.43,0
44,44.00,-20.78,-21.12,0.00,5.73,4.24,5.25,4.24,0
45,45.00,-20.78,-21.12,0.00,6.75,5.10,5.12,5.10,0
46,46.00,-20.78,-21.12,0.00,7.54,5.51,5.18,5.18,0
47,47.00,-20.78,-21.12,0.00,6.59,4.66,5.42,4.66,0
48,48.00,-20.78,-21.12,0.00,5.59,3.81,4.86,3.81,0
49,49.01,-20.78,-21.12,0.00,4.57,3.13,3.89,3.13,0
50,50.00,-20.78,-21.12,0.00,3.56,2.53,3.01,2.53,0
51,51.01,-20.78,-21.12,0.00,2.67,2.24,2.11,2.11,0
52,52.00,-20.78,-21.12,0.00,1.62,2.38,1.42,1.42,0
53,53.00,-20.78,-21.12,0.00,0.67,2.88,1.24,0.67,0
54,54.00,-20.78,-21.12,0.00,0.54,3.48,1.72,0.54,0
55,55.01,-20.78,-21.12,0.00,1.42,4.37,2.53,1.42,0
56,56.00,-20.78,-21.11,0.01,2.40,5.24,3.41,2.40,0
57,57.00,-20.79,-21.10,0.01,3.37,6.15,4.35,3.37,0
58,58.00,-20.79,-21.10,0.00,4.32,7.13,5.35,4.32,0
59,59.00,-20.79,-21.10,0.00,5.33,8.06,5.62,5.33,0
60,60.00,-20.79,-21.10,0.00,5.92,9.05,5.01,5.01,0
61,61.01,-20.79,-21.10,0.00,4.93,9.97,4.26,4.26,0
62,62.00,-20.79,-21.10,0.00,3.94,10.44,3.61,3.61,0
63,63.00,-20.79,-21.10,0.00,3.01,9.44,3.21,3.01,0
64,64.00,-20.79,-21.10,0.00,2.03,8.47,3.26,2.03,0
65,65.00,-20.79,-21.10,0.00,1.04,7.56,3.76,1.04,0
66,66.00,-20.75,-21.15,0.06,0.37,6.62,4.41,0.37,0
67,67.02,-20.76,-21.18,0.03,1.01,5.72,5.05,1.01,0
68,68.00,-20.79,-21.11,0.07,2.02,4.79,5.53,2.02,0
69,69.00,-20.79,-21.11,0.00,3.02,3.92,5.26,3.02,0
70,70.00,-20.79,-21.11,0.00,3.97,3.17,5.11,3.17,0
71,71.01,-20.79,-21.11,0.00,5.00,2.55,5.17,2.55,0
72,72.00,-20.79,-21.11,0.00,5.98,2.25,5.40,2.25,0
73,73.00,-20.79,-21.11,0.00,6.96,2.36,4.91,2.36,0
74,74.01,-20.79,-21.11,0.00,7.33,2.84,3.94,2.84,0
75,75.00,-20.79,-21.11,0.00,6.35,3.49,3.06,3.06,0
76,76.00,-20.79,-21.11,0.00,5.34,4.27,2.16,2.16,0
77,77.00,-20.79,-21.11,0.00,4.38,5.13,1.44,1.44,0
78,78.00,-20.79,-21.11,0.00,3.35,5.50,1.24,1.24,0
79,79.00,-20.79,-21.11,0.00,2.40,4.59,1.73,1.73,0
80,80.00,-20.79,-21.11,0.00,1.40,3.80,2.49,1.40,0
81,81.01,-20.79,-21.11,0.00,0.50,3.06,3.39,0.50,0
82,82.00,-20.79,-21.11,0.00,0.69,2.51,4.34,0.69,0
83,83.03,-20.79,-21.11,0.00,1.66,2.25,5.26,1.66,0
84,84.01,-20.79,-21.11,0.00,2.60,2.39,5.63,2.39,0
85,85.00,-20.79,-21.11,0.00,3.62,2.84,5.03,2.84,0
86,86.00,-20.79,-21.11,0.00,4.57,3.63,4.29,3.63,0
87,87.00,-20.79,-21.11,0.00,5.58,4.33,3.64,3.64,0
88,88.00,-20.79,-21.11,0.00,5.70,5.32,3.21,3.21,0
89,89.00,-20.79,-21.11,0.00,4.74,6.21,3.25,3.25,0
90,90.01,-20.79,-21.11,0.00,3.77,7.05,3.69,3.69,0
91,91.00,-20.79,-21.11,0.00,2.78,8.09,4.39,2.78,0
92,92.00,-20.79,-21.11,0.00,1.78,9.08,5.04,1.78,0
93,93.00,-20.79,-21.11,0.00,0.85,10.08,5.53,0.85,0
94,94.01,-20.67,-21.06,0.13,0.28,10.34,5.41,0.28,0
95,95.00,-20.66,-21.03,0.02,1.14,9.29,5.25,1.14,0
96,97.34,-19.39,-22.04,0.69,2.03,7.71,7.05,2.03,0
97,97.34,-19.39,-22.04,nan,2.07,7.71,7.05,2.07,0
98,98.00,-19.13,-21.94,0.42,2.42,6.89,6.74,2.42,0
99,99.00,-18.67,-21.66,0.54,3.03,5.61,6.20,3.03,0
100,100.00,-18.37,-21.23,0.52,3.87,4.14,5.48,3.87,0
101,101.00,-17.88,-20.73,0.70,4.66,2.72,5.16,2.72,0
102,102.00,-17.28,-20.38,0.70,4.33,1.76,5.02,1.76,0
103,103.00,-16.67,-20.21,0.63,3.21,1.83,4.97,1.83,0
104,104.01,-16.06,-20.32,0.62,2.24,2.57,4.85,2.24,0
105,105.00,-15.45,-20.59,0.67,2.09,3.46,4.70,2.09,0
106,106.00,-15.04,-20.83,0.47,2.89,4.22,4.40,2.89,0
107,107.00,-14.85,-20.95,0.22,3.82,4.93,4.07,3.82,1
108,108.00,-14.90,-20.82,0.13,4.69,5.72,3.98,3.98,1
109,109.00,-15.37,-20.36,0.66,5.18,6.66,4.37,4.37,1
110,110.00,-16.03,-20.10,0.70,5.43,6.84,4.59,4.59,1
111,111.00,-16.59,-20.07,0.57,5.82,5.66,4.66,4.66,1
112,112.00,-16.82,-20.10,0.22,6.51,4.59,4.93,4.59,2
113,113.00,-17.13,-20.41,0.45,7.19,3.30,5.09,3.30,2
114,114.01,-17.64,-20.68,0.57,7.65,1.93,5.34,1.93,2
115,115.00,-18.29,-20.83,0.67,8.04,0.57,5.66,0.57,2
116,116.00,-18.98,-20.88,0.69,7.11,0.74,5.91,0.74,2
117,117.00,-19.65,-20.89,0.68,5.49,1.93,6.07,1.93,2
118,118.00,-20.30,-20.85,0.64,3.88,3.14,6.09,3.14,2
119,119.00,-20.68,-20.80,0.38,2.55,4.17,5.50,2.55,2
120,120.00,-20.91,-20.76,0.23,1.30,5.11,5.08,1.30,2
121,121.00,-20.98,-20.74,0.07,0.25,5.99,4.97,0.25,2
122,122.00,-21.00,-20.68,0.06,0.77,6.89,5.08,0.77,2
123,123.00,-21.01,-20.70,0.02,1.77,7.84,4.72,1.77,3
124,124.00,-21.01,-20.67,0.03,2.78,8.76,3.81,2.78,3
125,125.00,-21.02,-20.64,0.03,3.76,9.67,2.95,2.95,3
126,126.00,-21.04,-20.65,0.02,4.79,9.95,2.09,2.09,3
127,127.00,-21.03,-20.65,0.01,5.81,8.99,1.60,1.60,3
128,128.00,-21.02,-20.65,0.02,6.78,8.02,1.63,1.63,3
129,129.00,-20.91,-20.63,0.11,7.67,7.05,2.13,2.13,3
130,130.01,-20.89,-20.59,0.05,7.16,6.05,2.93,2.93,3
131,131.01,-21.22,-20.55,0.33,6.49,5.38,4.00,4.00,3
132,132.00,-21.17,-20.55,0.05,5.46,4.45,4.86,4.45,3
133,133.00,-21.12,-20.55,0.05,4.43,3.65,5.81,3.65,3
134,134.00,-21.07,-20.55,0.05,3.35,2.99,6.25,2.99,3
135,135.00,-21.02,-20.55,0.05,2.34,2.56,5.64,2.34,3
136,136.00,-20.97,-20.55,0.05,1.29,2.48,4.94,1.29,3
137,137.00,-20.93,-20.55,0.03,0.33,2.80,4.25,0.33,3
138,138.00,-21.55,-20.60,0.62,0.20,3.80,3.88,0.20,3
139,139.00,-22.17,-20.73,0.63,0.78,4.75,3.53,0.78,3
140,140.00,-22.82,-20.90,0.67,1.32,5.70,3.22,1.32,3
141,141.00,-23.49,-21.09,0.70,1.93,6.71,2.99,1.93,3
142,142.00,-24.15,-21.27,0.69,2.49,7.15,2.79,2.49,3
143,143.00,-24.52,-21.36,0.38,3.18,6.84,2.75,2.75,3
144,144.00,-24.72,-21.40,0.20,2.59,6.57,1.91,1.91,4
145,145.00,-25.13,-21.46,0.42,2.17,6.69,0.91,0.91,4
146,146.00,-25.37,-21.48,0.25,2.41,6.81,0.70,0.70,4
147,147.01,-25.38,-21.48,0.00,2.92,6.83,1.55,1.55,4
148,148.00,-25.43,-21.53,0.08,3.72,7.04,1.54,1.54,4
149,149.00,-25.43,-21.53,0.00,4.52,7.34,1.23,1.23,4
150,150.01,-25.43,-21.52,0.01,5.41,7.72,1.59,1.59,4
151,151.00,-25.43,-21.51,0.01,6.28,8.23,2.37,2.37,4
152,152.00,-25.43,-21.51,0.01,7.23,8.80,3.29,3.29,4
153,153.00,-25.43,-21.52,0.01,8.21,9.49,4.23,4.23,4
154,154.00,-25.44,-21.52,0.01,9.16,10.18,5.22,5.22,4
155,155.00,-25.42,-21.51,0.02,10.13,10.93,6.14,6.14,4
156,156.00,-25.41,-21.51,0.01,11.06,11.75,7.12,7.12,4
157,157.00,-25.41,-21.51,0.01,11.96,12.58,8.04,8.04,4
158,158.00,-25.41,-21.52,0.01,11.14,12.68,9.06,9.06,4
159,159.00,-25.42,-21.54,0.02,10.17,11.89,9.64,9.64,4
160,160.00,-25.40,-21.54,0.01,9.19,11.06,8.92,8.92,4
161,161.00,-25.40,-21.55,0.01,8.22,10.31,7.98,7.98,4
162,162.00,-25.41,-21.58,0.03,7.25,9.61,6.95,6.95,4
163,163.00,-25.43,-21.61,0.03,6.39,9.01,5.77,5.77,4
164,164.00,-25.43,-21.61,0.00,5.46,8.36,4.67,4.67,4
165,165.00,-25.43,-21.61,0.00,4.57,7.82,3.67,3.67,4
166,166.00,-25.43,-21.60,0.00,3.79,7.41,2.90,2.90,4
167,167.00,-25.43,-21.60,0.00,3.05,7.08,2.45,2.45,4
168,168.00,-25.44,-21.60,0.01,2.56,6.91,2.32,2.32,4
169,169.00,-25.44,-21.60,0.00,2.38,6.86,1.55,1.55,4
170,170.00,-25.44,-21.60,0.00,2.58,6.94,0.60,0.60,4
171,171.00,-25.44,-21.59,0.01,3.01,7.13,0.70,0.70,4
172,172.00,-25.44,-21.59,0.01,2.52,7.45,1.59,1.59,4
173,173.01,-25.44,-21.60,0.01,2.38,7.84,1.65,1.65,4
174,174.00,-25.44,-21.59,0.01,2.62,7.93,1.28,1.28,4
175,175.00,-25.45,-21.58,0.01,3.16,7.48,1.63,1.63,4
176,176.01,-25.44,-21.58,0.00,3.92,7.17,2.33,2.33,4
177,177.00,-25.45,-21.58,0.00,4.72,6.96,3.26,3.26,4
178,178.00,-25.44,-21.58,0.00,5.61,6.87,4.16,4.16,4
179,179.00,-25.45,-21.58,0.00,6.51,6.91,5.16,5.16,4
180,180.00,-25.45,-21.58,0.00,7.47,7.07,6.08,6.08,4
181,181.00,-25.44,-21.58,0.00,8.38,7.37,7.01,7.01,4
182,182.00,-25.45,-21.58,0.00,9.36,7.75,8.05,7.75,4
183,183.00,-25.45,-21.58,0.01,10.37,8.32,9.01,8.32,4
184,184.00,-26.07,-21.50,0.62,11.94,9.34,10.31,9.34,4
185,185.00,-26.43,-21.49,0.37,12.92,10.27,9.97,9.97,4
186,186.00,-26.59,-21.52,0.16,12.11,11.07,9.17,9.17,5
187,187.00,-25.99,-21.30,0.64,10.54,11.21,7.67,7.67,5
188,188.00,-25.33,-20.99,0.73,8.92,11.32,6.09,6.09,5
189,189.01,-24.73,-20.68,0.67,7.45,11.52,4.78,4.78,5
190,190.00,-24.09,-20.43,0.69,5.85,11.01,3.94,3.94,5
191,191.00,-23.73,-20.34,0.37,4.56,9.89,3.71,3.71,5
192,192.00,-23.73,-20.32,0.02,3.60,9.03,3.80,3.60,6
193,193.00,-23.96,-20.13,0.30,2.89,8.23,4.09,2.89,6
194,194.00,-24.01,-20.01,0.13,1.95,7.48,3.54,1.95,6
195,195.00,-24.03,-19.74,0.27,1.02,6.71,3.00,1.02,6
196,196.00,-24.08,-19.37,0.37,0.30,6.11,2.54,0.30,6
197,197.00,-24.13,-19.24,0.14,0.69,5.82,2.10,0.69,6
198,198.00,-24.15,-19.18,0.07,1.63,5.70,1.82,1.63,6
199,199.00,-24.19,-19.09,0.09,1.97,5.80,1.52,1.52,7
200,200.00,-24.40,-18.79,0.37,0.92,6.33,2.10,0.92,7
201,201.00,-24.41,-18.24,0.55,1.25,7.02,3.32,1.25,7
202,202.01,-24.13,-17.69,0.61,2.27,7.74,4.45,2.27,7
203,203.00,-23.62,-17.29,0.65,3.10,8.38,5.41,3.10,7
204,204.00,-23.01,-17.04,0.66,3.77,9.08,6.13,3.77,7
205,205.00,-22.36,-16.98,0.66,4.23,9.76,6.70,4.23,7
206,206.00,-21.69,-17.00,0.66,4.65,9.58,7.11,4.65,7
207,207.00,-21.10,-17.23,0.64,4.86,8.21,7.38,4.86,7
208,208.00,-20.47,-17.57,0.71,5.04,6.79,7.63,5.04,7
209,209.00,-19.91,-17.94,0.66,5.25,5.35,7.64,5.25,7
210,210.00,-19.35,-18.36,0.70,5.40,3.92,6.68,3.92,7
211,211.00,-18.81,-18.82,0.71,5.60,2.39,5.77,2.39,7
212,212.00,-18.31,-19.28,0.68,5.79,0.90,5.18,0.90,7
213,213.00,-17.91,-19.74,0.60,5.37,0.77,5.11,0.77,7
214,214.00,-17.56,-20.22,0.60,3.86,2.21,5.58,2.21,7
215,215.00,-17.41,-20.52,0.34,2.67,3.43,6.39,2.67,7
216,216.00,-17.38,-20.60,0.09,1.76,4.48,7.29,1.76,7
217,217.00,-17.43,-20.87,0.27,1.05,5.68,7.93,1.05,7
218,218.00,-17.48,-21.22,0.35,1.13,7.02,8.42,1.13,7
219,219.00,-17.47,-21.33,0.11,1.98,8.11,8.43,1.98,7
220,220.00,-17.47,-21.35,0.02,2.97,9.14,8.38,2.97,7
221,221.00,-17.48,-21.35,0.00,3.97,10.15,8.44,3.97,7
222,222.00,-17.48,-21.35,0.00,4.92,10.09,8.62,4.92,7
223,223.00,-17.48,-21.35,0.00,5.95,9.07,8.48,5.95,7
224,224.00,-17.48,-21.35,0.00,6.90,8.09,7.52,6.90,7
225,225.00,-17.48,-21.35,0.00,7.90,7.12,6.64,6.64,7
226,226.00,-17.47,-21.35,0.00,8.85,6.10,5.79,5.79,7
227,227.00,-17.47,-21.35,0.01,8.84,5.14,4.85,4.85,7
228,228.00,-17.45,-21.37,0.02,7.84,4.17,4.04,4.04,7
229,229.00,-17.42,-21.39,0.04,6.92,3.32,3.34,3.32,7
230,230.00,-17.32,-21.45,0.11,6.09,2.50,2.78,2.50,7
231,231.00,-17.28,-21.48,0.05,5.13,1.72,2.43,1.72,7
232,232.00,-17.21,-21.50,0.07,4.18,1.36,2.41,1.36,7
233,233.01,-17.11,-21.53,0.11,3.35,1.65,2.73,1.65,7
234,234.00,-17.02,-21.54,0.09,2.44,2.36,3.20,2.36,7
235,235.00,-17.02,-21.52,0.02,1.50,3.21,3.06,1.50,7
236,236.00,-17.02,-21.52,0.01,0.68,4.07,3.08,0.68,7
237,237.00,-17.04,-21.51,0.02,0.86,5.03,3.46,0.86,7
238,238.00,-17.03,-21.51,0.01,1.70,4.92,4.20,1.70,7
239,239.01,-17.03,-21.51,0.00,2.70,3.98,5.11,2.70,7
240,240.00,-17.03,-21.50,0.00,3.66,3.09,6.19,3.09,7
241,241.00,-17.03,-21.51,0.00,3.42,2.31,7.16,2.31,7
242,242.03,-17.03,-21.50,0.00,2.44,1.70,8.04,1.70,7
243,243.00,-17.03,-21.51,0.00,1.47,1.56,8.73,1.47,7
244,244.00,-17.03,-21.51,0.00,0.66,2.00,8.83,0.66,7
245,245.01,-17.03,-21.51,0.00,0.84,2.77,8.81,0.84,7
246,246.00,-17.03,-21.51,0.00,1.74,3.64,8.89,1.74,7
247,247.00,-17.03,-21.51,0.00,2.67,4.56,9.08,2.67,7
248,248.01,-17.03,-21.51,0.00,3.64,5.47,9.01,3.64,7
249,249.01,-17.03,-21.51,0.00,4.66,6.47,8.05,4.66,7
250,250.00,-17.03,-21.51,0.00,5.62,7.42,7.15,5.62,7
251,251.00,-17.03,-21.51,0.00,6.64,8.39,6.23,6.23,7
252,252.00,-17.02,-21.51,0.00,7.58,9.41,5.31,5.31,7
253,253.00,-17.02,-21.51,0.00,8.54,10.37,4.47,4.47,7
254,254.00,-17.02,-21.51,0.00,9.55,10.19,3.68,3.68,7
255,255.00,-17.02,-21.51,0.00,9.10,9.25,3.10,3.10,7
256,256.00,-17.02,-21.51,0.00,8.12,8.23,2.59,2.59,7
257,257.00,-17.02,-21.51,0.00,7.13,7.28,2.47,2.47,7
258,258.00,-17.01,-21.51,0.02,6.14,6.32,2.73,2.73,7
259,259.01,-17.00,-21.52,0.01,5.21,5.33,3.22,3.22,7
260,260.00,-17.04,-21.52,0.03,4.13,4.40,3.07,3.07,7
261,261.00,-17.06,-21.49,0.04,3.16,3.44,3.10,3.10,7
262,262.00,-17.07,-21.46,0.03,2.19,2.58,3.44,2.19,7
263,263.01,-17.07,-21.46,0.00,1.26,1.83,4.14,1.26,7
264,264.00,-17.08,-21.45,0.02,0.62,1.48,5.09,0.62,7
265,265.01,-17.09,-21.43,0.02,1.10,1.74,6.07,1.10,7
266,266.01,-17.11,-21.37,0.06,2.08,2.48,7.11,2.08,7
267,267.00,-17.11,-21.42,0.04,3.04,3.27,7.96,3.04,7
268,268.00,-17.10,-21.43,0.01,3.97,4.20,8.68,3.97,7
269,269.00,-17.10,-21.43,0.00,3.29,5.14,8.77,3.29,7
270,270.00,-17.10,-21.43,0.00,2.32,4.92,8.74,2.32,7
271,271.01,-17.10,-21.43,0.00,1.39,4.00,8.81,1.39,7
272,272.00,-17.11,-21.41,0.01,0.67,3.09,8.98,0.67,7
273,273.00,-17.09,-21.43,0.03,0.99,2.29,8.95,0.99,7
274,274.00,-17.07,-21.45,0.02,1.90,1.65,8.07,1.65,7
275,275.00,-17.06,-21.46,0.02,2.83,1.53,7.12,1.53,7
276,276.00,-17.04,-21.48,0.02,3.85,2.01,6.27,2.01,7
277,277.00,-17.04,-21.48,0.01,4.87,2.79,5.36,2.79,7
278,278.00,-17.04,-21.48,0.00,5.81,3.63,4.52,3.63,7
279,279.00,-17.04,-21.48,0.00,6.79,4.57,3.75,3.75,7
280,280.00,-17.04,-21.48,0.00,7.78,5.45,3.04,3.04,7
281,281.00,-17.04,-21.48,0.00,8.79,6.46,2.61,2.61,7
282,282.00,-17.04,-21.48,0.00,9.74,7.47,2.48,2.48,7
283,283.00,-17.04,-21.49,0.00,8.88,8.43,2.74,2.74,7
284,284.00,-17.04,-21.48,0.00,7.84,9.43,3.23,3.23,7
285,285.00,-17.04,-21.48,0.00,6.88,10.38,3.11,3.11,7
286,286.00,-17.04,-21.48,0.00,5.89,10.15,3.10,3.10,7
287,288.14,-19.56,-22.10,1.21,1.82,8.68,2.31,1.82,7
288,288.14,-19.56,-22.10,nan,1.80,8.68,2.31,1.80,7
289,289.00,-19.60,-22.10,0.05,1.13,7.87,2.72,1.13,7
290,290.00,-19.65,-22.10,0.05,0.95,6.87,3.49,0.95,7
291,291.00,-19.70,-22.10,0.05,1.67,5.86,4.37,1.67,7
292,292.00,-19.75,-22.10,0.05,2.60,4.94,5.19,2.60,7
293,293.00,-19.80,-22.10,0.05,3.61,4.00,5.86,3.61,7
294,294.00,-20.31,-22.07,0.51,5.06,3.28,5.50,3.28,7
295,295.00,-20.77,-22.02,0.46,6.52,2.81,5.05,2.81,7
296,296.00,-21.12,-21.95,0.36,7.71,2.64,4.82,2.64,7
297,297.00,-21.77,-21.94,0.64,7.38,3.18,4.52,3.18,7
298,298.01,-21.86,-21.97,0.10,6.50,3.45,4.60,3.45,7
299,299.00,-21.90,-22.03,0.07,5.54,3.84,3.64,3.64,7
300,300.00,-21.76,-22.30,0.30,4.50,4.12,2.92,2.92,7
301,301.00,-21.71,-22.93,0.63,3.71,4.31,2.37,2.37,7
302,302.00,-21.92,-23.31,0.44,3.39,3.98,1.77,1.77,7
303,303.00,-22.29,-23.51,0.42,3.34,3.74,1.60,1.60,7
304,304.00,-22.53,-23.73,0.32,3.42,3.79,2.22,2.22,7
305,305.01,-22.67,-23.89,0.21,3.63,4.09,3.07,3.07,7
306,306.00,-22.75,-23.86,0.08,3.86,4.54,3.89,3.86,7
307,307.00,-23.40,-24.04,0.68,4.42,5.71,5.42,4.42,7
308,308.00,-23.77,-24.10,0.38,4.87,6.65,6.72,4.87,7
309,309.00,-24.02,-24.12,0.25,5.38,7.54,7.78,5.38,8
310,310.00,-24.36,-24.21,0.35,5.78,8.59,7.59,5.78,8
311,311.00,-24.47,-24.28,0.13,5.24,9.45,6.84,5.24,8
312,312.01,-24.51,-24.33,0.07,4.88,10.36,5.78,4.88,8
313,313.00,-24.52,-24.42,0.10,4.75,11.25,4.56,4.56,8
314,314.00,-24.48,-24.55,0.14,4.84,12.21,3.33,3.33,9
315,315.00,-24.58,-24.22,0.35,4.79,12.85,2.19,2.19,9
316,316.00,-24.77,-23.54,0.71,4.92,13.18,1.31,1.31,9
317,317.01,-24.87,-22.98,0.56,5.44,13.75,1.05,1.05,9
318,318.01,-24.88,-22.70,0.29,6.20,13.18,1.31,1.31,9
319,319.00,-24.88,-22.60,0.10,7.01,12.24,1.11,1.11,10
320,320.00,-24.83,-22.04,0.57,7.86,10.90,1.02,1.02,10
321,321.00,-24.53,-21.47,0.64,8.55,9.49,1.36,1.36,10
322,322.00,-24.09,-20.91,0.71,9.22,8.02,1.97,1.97,10
323,323.00,-23.67,-20.37,0.69,9.89,6.64,2.42,2.42,10
324,324.00,-23.32,-19.75,0.71,10.23,5.47,1.88,1.88,10
325,325.00,-23.15,-19.09,0.68,9.29,4.79,2.00,2.00,10
326,326.00,-23.10,-18.58,0.51,8.50,4.71,2.62,2.62,10
327,327.01,-23.10,-18.37,0.21,7.62,5.01,3.33,3.33,11
328,328.00,-23.17,-17.99,0.39,6.93,5.73,4.38,4.38,11
329,329.00,-22.99,-17.43,0.58,6.18,6.62,5.60,5.60,11
330,330.00,-22.61,-16.97,0.60,5.41,7.47,6.60,5.41,11
331,331.00,-22.01,-16.58,0.71,4.68,8.38,7.44,4.68,11
332,332.01,-21.64,-16.34,0.43,4.26,9.39,8.23,4.26,11
333,333.00,-21.30,-16.18,0.38,4.16,10.41,9.03,4.16,11
334,334.00,-21.26,-16.15,0.05,4.20,10.04,9.79,4.20,11
335,335.00,-21.19,-16.10,0.09,4.50,9.11,9.59,4.50,11
336,336.00,-21.36,-16.22,0.21,4.69,8.15,9.13,4.69,11
337,337.00,-21.45,-16.33,0.15,5.13,7.21,8.58,5.13,11
338,338.00,-21.55,-16.50,0.20,5.09,6.20,8.02,5.09,11
339,339.00,-21.69,-17.07,0.59,4.03,5.03,7.21,4.03,11
340,340.00,-21.44,-17.57,0.56,3.37,3.81,6.65,3.37,11
341,341.00,-21.11,-17.75,0.38,3.04,2.95,6.76,2.95,11
342,342.00,-20.97,-17.73,0.15,2.82,2.59,7.21,2.59,11
343,343.00,-20.53,-17.64,0.45,3.01,2.28,7.91,2.28,11
344,344.00,-20.29,-17.60,0.24,3.27,2.47,7.92,2.47,11
345,345.00,-20.34,-17.56,0.07,3.71,3.27,7.29,3.27,11
346,346.00,-20.35,-17.49,0.06,4.39,4.08,6.80,4.08,11
347,347.01,-20.28,-17.69,0.20,4.94,5.15,6.35,4.94,11
348,348.00,-20.16,-17.91,0.25,5.50,6.21,6.24,5.50,11
349,349.00,-19.76,-18.47,0.68,5.65,7.64,5.72,5.65,11
350,350.00,-19.30,-18.99,0.70,5.90,7.58,5.28,5.28,11
351,351.00,-18.78,-19.43,0.68,6.18,6.96,4.97,4.97,11
352,352.00,-18.18,-19.74,0.67,5.48,6.28,4.75,4.75,11
353,353.00,-17.52,-19.94,0.70,3.95,5.51,4.63,3.95,11
354,354.00,-16.83,-20.02,0.69,2.73,4.74,4.62,2.73,11
355,355.00,-16.16,-20.03,0.67,2.26,4.17,4.70,2.26,11
356,356.00,-15.79,-19.99,0.37,2.70,3.61,4.60,2.70,11
357,357.00,-15.70,-19.97,0.09,3.31,3.10,4.44,3.10,12
358,358.00,-16.34,-20.16,0.67,3.40,2.23,4.08,2.23,12
359,359.00,-17.01,-20.37,0.70,3.52,1.50,4.30,1.50,12
360,360.00,-17.55,-20.60,0.59,3.88,1.30,4.09,1.30,12
361,361.01,-17.93,-20.95,0.51,4.48,1.66,3.60,1.66,12
362,362.00,-18.12,-21.47,0.56,5.44,1.93,3.01,1.93,12
363,363.00,-18.20,-21.98,0.51,6.51,2.46,2.86,2.46,12
364,364.01,-18.24,-22.32,0.34,7.57,3.09,3.44,3.09,12
365,365.00,-18.30,-22.52,0.21,8.63,3.91,4.33,3.91,12
366,366.00,-18.34,-22.60,0.09,8.37,3.34,5.30,3.34,13
367,367.00,-18.61,-23.15,0.61,7.44,1.74,5.91,1.74,13
368,368.00,-19.11,-23.49,0.59,6.24,0.53,6.18,0.53,13
369,369.00,-19.76,-23.75,0.71,5.07,1.38,5.90,1.38,13
370,370.01,-20.32,-24.07,0.64,4.21,2.74,5.69,2.74,13
371,371.00,-20.53,-24.34,0.35,3.82,3.94,6.08,3.82,13
372,372.00,-20.59,-24.61,0.27,3.68,5.12,6.79,3.68,13
373,373.00,-20.75,-25.14,0.56,4.12,6.64,7.54,4.12,13
374,374.00,-21.11,-25.68,0.65,4.88,8.18,6.83,4.88,13
375,375.00,-21.47,-26.27,0.69,5.87,9.84,6.26,5.87,13
376,376.00,-21.52,-26.33,0.09,6.41,10.84,5.54,5.54,13
377,377.02,-21.40,-25.79,0.54,6.58,11.25,4.38,4.38,13
378,378.00,-21.67,-25.15,0.71,7.33,11.72,3.10,3.10,13
379,379.00,-21.96,-24.55,0.67,8.33,12.18,2.38,2.38,13
380,380.00,-22.18,-23.92,0.67,8.06,12.64,2.52,2.52,13
381,381.00,-22.12,-23.24,0.68,7.02,12.90,3.12,3.12,13
382,382.00,-22.01,-22.55,0.69,5.95,11.68,4.08,4.08,13
383,383.00,-21.86,-21.89,0.68,4.89,10.09,5.18,4.89,13
384,384.00,-21.70,-21.24,0.67,3.80,8.46,6.35,3.80,13
385,385.00,-21.55,-20.59,0.66,2.84,6.94,6.32,2.84,13
386,386.00,-21.62,-19.97,0.63,2.16,5.57,6.16,2.16,13
387,387.02,-21.66,-19.61,0.35,1.52,4.56,5.76,1.52,13
388,388.01,-21.60,-19.42,0.20,1.02,3.75,5.29,1.02,13
389,389.00,-21.43,-18.94,0.51,1.65,3.04,5.35,1.65,13
390,390.00,-21.16,-19.39,0.53,2.38,2.69,4.90,2.38,13
391,391.01,-20.81,-19.90,0.61,3.67,2.38,4.93,2.38,13
392,392.00,-20.29,-20.29,0.65,5.19,2.10,5.57,2.10,13
393,393.00,-19.79,-20.47,0.53,6.74,2.32,6.45,2.32,13
394,394.00,-19.21,-20.42,0.59,6.62,3.11,7.13,3.11,13
395,395.00,-18.75,-20.16,0.52,6.03,4.27,7.42,4.27,13
396,396.00,-18.35,-19.86,0.50,5.44,5.60,7.72,5.44,13
397,397.00,-18.86,-20.02,0.53,4.04,6.37,7.15,4.04,13
398,398.00,-19.44,-19.94,0.59,2.52,5.89,6.63,2.52,13
399,399.00,-19.58,-19.91,0.15,1.62,4.94,5.68,1.62,13
400,400.00,-19.21,-20.40,0.62,1.04,3.48,5.20,1.04,13
401,401.01,-19.14,-20.53,0.14,0.81,2.41,4.39,0.81,13
402,402.00,-19.51,-20.32,0.43,1.89,1.82,3.35,1.82,13
403,403.00,-19.49,-20.27,0.05,2.84,1.13,2.83,1.13,13
404,404.00,-19.15,-20.27,0.34,3.52,0.76,2.75,0.76,13
405,405.00,-19.16,-20.28,0.02,4.44,1.57,2.71,1.57,13
406,406.00,-19.14,-20.25,0.04,5.44,2.39,3.06,2.39,13
407,407.01,-19.08,-20.21,0.08,6.38,3.35,3.60,3.35,13
408,408.00,-18.59,-19.86,0.60,5.34,3.97,4.41,3.97,13
409,409.00,-18.20,-19.35,0.64,4.46,4.42,5.51,4.42,13
410,410.00,-18.09,-18.79,0.57,4.06,4.85,5.99,4.06,13
411,411.00,-18.18,-18.15,0.65,4.03,5.18,6.44,4.03,13
412,412.00,-18.36,-17.44,0.74,4.28,5.51,7.02,4.28,13
413,413.00,-18.49,-16.72,0.72,4.69,5.83,7.74,4.69,13
414,414.01,-18.50,-16.58,0.15,4.70,4.99,8.06,4.70,13
415,415.00,-18.56,-17.19,0.63,4.22,4.66,7.85,4.22,13
416,416.00,-18.79,-17.73,0.59,4.03,4.20,7.82,4.03,13
417,417.00,-19.20,-18.06,0.52,4.11,3.60,7.89,3.60,13
418,418.00,-19.74,-18.25,0.57,4.23,3.04,7.88,3.04,13
419,419.00,-20.05,-18.00,0.40,4.80,2.24,7.88,2.24,13
420,420.00,-20.46,-17.51,0.63,5.30,2.09,7.34,2.09,13
421,421.00,-20.91,-16.98,0.69,5.72,2.95,6.80,2.95,13
422,422.00,-21.38,-16.44,0.72,4.83,4.28,6.18,4.28,13
423,423.00,-21.86,-15.93,0.70,4.38,5.70,5.68,4.38,13
424,424.00,-22.37,-15.48,0.68,4.44,7.17,5.58,4.44,13
425,425.00,-22.91,-15.02,0.71,5.06,8.65,5.85,5.06,13
426,426.00,-23.45,-14.57,0.70,6.09,10.06,6.53,6.09,13
427,427.00,-23.98,-14.13,0.69,7.32,11.55,7.54,7.32,13
428,428.00,-24.56,-13.74,0.71,8.73,12.94,8.71,8.71,13
429,429.00,-25.15,-13.50,0.64,10.06,14.33,9.85,9.85,13
430,430.00,-25.80,-13.44,0.65,11.42,14.12,11.06,11.06,13
431,431.00,-26.46,-13.57,0.68,12.65,13.53,12.20,12.20,13
432,432.00,-27.02,-13.85,0.63,13.87,12.95,13.21,12.95,13
433,433.00,-27.51,-14.23,0.62,15.02,12.34,14.19,12.34,13
434,434.00,-27.85,-14.77,0.64,15.96,11.66,15.02,11.66,13
435,435.00,-27.97,-15.46,0.70,16.34,10.87,14.61,10.87,13
436,436.00,-27.95,-16.16,0.69,15.05,10.16,13.46,10.16,13
437,437.00,-27.86,-16.83,0.67,13.64,9.64,12.14,9.64,13
438,438.00,-27.70,-17.51,0.70,12.26,9.32,10.60,9.32,13
439,439.00,-27.53,-18.21,0.72,10.83,9.29,8.99,8.99,13
440,440.01,-27.40,-18.65,0.46,9.54,9.54,7.67,7.67,13
441,441.00,-27.26,-19.01,0.39,8.33,9.94,6.43,6.43,13
442,442.00,-27.11,-19.09,0.17,7.16,10.33,5.66,5.66,14
443,443.00,-27.21,-19.10,0.10,6.30,11.02,5.25,5.25,14
444,444.00,-27.43,-19.15,0.23,5.49,11.86,4.82,4.82,14
445,445.00,-26.84,-19.02,0.60,3.93,12.03,3.76,3.76,14
446,446.00,-26.22,-19.27,0.67,2.34,11.19,2.36,2.34,14
447,447.00,-25.93,-19.54,0.40,1.10,10.42,1.09,1.09,14
448,448.00,-25.80,-19.66,0.17,0.72,9.74,0.28,0.28,14
449,449.00,-25.59,-19.67,0.22,1.04,8.93,0.57,0.57,14
450,450.00,-25.42,-19.68,0.17,0.57,8.20,1.36,0.57,14
451,451.00,-25.35,-19.71,0.08,1.06,7.67,2.22,1.06,14
452,452.00,-25.49,-20.08,0.39,2.09,7.52,3.13,2.09,14
453,453.01,-25.72,-20.72,0.67,3.29,7.60,4.08,3.29,14
454,454.00,-25.89,-21.37,0.68,4.47,7.63,5.10,4.47,14
455,455.00,-25.91,-22.01,0.65,5.45,7.53,5.92,5.45,14
456,456.00,-25.73,-22.68,0.69,6.28,7.25,6.62,6.28,14
457,457.00,-25.47,-23.03,0.43,6.90,6.86,7.28,6.86,14
458,458.00,-25.09,-23.50,0.61,7.47,6.37,7.76,6.37,14
459,459.00,-24.97,-23.97,0.49,8.32,6.19,8.53,6.19,14
460,460.01,-25.01,-24.22,0.25,9.25,6.24,8.46,6.24,14
461,461.00,-25.13,-24.34,0.17,10.22,6.48,7.77,6.48,14
462,462.00,-25.27,-24.36,0.15,11.27,6.50,6.86,6.50,15
463,463.00,-24.94,-24.39,0.33,11.13,6.13,5.41,5.41,15
464,464.00,-24.37,-24.51,0.58,9.74,5.70,3.55,3.55,15
465,465.00,-23.97,-24.60,0.41,8.49,5.63,1.96,1.96,15
466,466.02,-23.72,-24.66,0.25,7.44,5.85,0.73,0.73,15
467,467.01,-23.56,-24.72,0.18,6.59,6.37,1.00,1.00,15
468,468.00,-23.12,-24.93,0.48,5.71,6.92,2.23,2.23,15
469,469.00,-22.44,-25.22,0.74,4.99,7.59,3.56,3.56,15
470,470.01,-21.85,-25.48,0.64,4.82,8.44,4.80,4.80,15
471,471.00,-21.22,-25.60,0.65,5.04,9.21,6.09,5.04,15
472,472.00,-20.59,-25.46,0.65,5.49,9.90,7.18,5.49,15
473,473.00,-20.01,-25.16,0.65,6.14,10.41,8.15,6.14,15
474,474.00,-19.56,-24.75,0.60,6.92,10.98,7.45,6.92,15
475,475.00,-19.39,-24.48,0.32,7.72,11.71,6.44,6.44,15
476,476.00,-19.35,-24.35,0.13,8.58,12.57,5.39,5.39,15
477,477.00,-19.36,-23.94,0.41,8.31,13.19,4.17,4.17,15
478,478.00,-19.33,-23.22,0.73,6.97,11.57,2.81,2.81,15
479,479.00,-19.15,-22.58,0.66,5.83,9.96,1.83,1.83,15
480,480.01,-18.84,-22.03,0.63,4.84,8.35,1.44,1.44,15
481,481.00,-18.41,-21.50,0.69,4.06,6.92,1.90,1.90,15
482,482.00,-17.91,-20.97,0.73,3.42,5.32,2.66,2.66,15
483,483.00,-17.46,-20.52,0.64,2.97,3.96,3.52,2.97,15
484,484.00,-16.95,-20.07,0.68,2.75,2.80,4.39,2.75,15
485,485.00,-16.32,-19.76,0.70,2.85,2.37,4.85,2.37,15
486,486.01,-15.80,-19.69,0.52,2.86,2.67,5.08,2.67,15
487,487.00,-15.50,-19.70,0.30,2.80,3.16,5.55,2.80,15
488,488.00,-15.80,-19.69,0.30,2.90,3.38,5.99,2.90,16
489,489.00,-16.09,-19.72,0.28,3.48,3.85,6.51,3.48,16
490,490.01,-16.50,-19.96,0.48,4.23,4.24,6.91,4.23,16
491,491.00,-16.69,-20.28,0.37,3.92,4.80,7.53,3.92,16
492,492.01,-16.73,-20.50,0.22,2.94,5.54,8.31,2.94,16
493,493.00,-16.48,-20.74,0.34,1.86,6.32,9.18,1.86,16
494,494.00,-16.23,-20.84,0.27,1.47,5.50,9.80,1.47,17
495,495.00,-16.29,-20.82,0.06,1.82,4.61,9.66,1.82,17
496,496.00,-16.58,-20.69,0.32,2.31,3.69,9.34,2.31,17
497,497.00,-17.11,-20.41,0.60,2.66,2.80,8.86,2.66,17
498,498.00,-17.77,-20.20,0.69,2.91,1.78,8.30,1.78,17
499,499.00,-18.43,-20.03,0.69,3.12,0.72,7.00,0.72,17
500,500.01,-19.06,-19.95,0.62,3.42,0.62,5.57,0.62,17
501,501.00,-19.64,-20.13,0.62,3.77,1.85,4.15,1.85,17
502,502.01,-20.30,-20.45,0.73,4.12,3.30,2.68,2.68,17
503,503.00,-20.74,-20.64,0.49,4.76,4.58,1.72,1.72,17
504,504.00,-21.02,-20.70,0.28,5.49,5.61,1.68,1.68,17
505,505.00,-21.66,-20.82,0.65,4.49,6.95,2.50,2.50,17
506,506.00,-22.04,-21.11,0.48,3.35,8.28,3.45,3.35,17
507,507.00,-22.09,-21.35,0.24,2.51,9.45,4.36,2.51,17
508,508.00,-22.09,-21.46,0.11,1.72,10.50,5.31,1.72,17
509,509.02,-22.09,-21.48,0.02,1.20,11.34,6.29,1.20,17
510,510.01,-22.10,-21.48,0.01,1.31,10.54,6.44,1.31,17
511,511.00,-22.13,-21.49,0.03,2.02,9.60,5.73,2.02,17
512,512.00,-22.15,-21.49,0.02,2.93,8.73,4.90,2.93,17
513,513.01,-22.17,-21.45,0.04,3.84,7.86,4.03,3.84,17
514,514.00,-22.15,-21.42,0.04,4.80,6.88,3.23,3.23,17
515,515.00,-22.15,-21.40,0.02,5.80,6.10,2.80,2.80,17
516,516.01,-22.14,-21.38,0.02,6.76,5.27,2.90,2.90,17
517,517.00,-22.15,-21.36,0.02,7.77,4.58,3.35,3.35,17
518,518.00,-22.15,-21.35,0.01,8.74,4.02,3.91,3.91,17
519,519.00,-22.15,-21.33,0.03,8.07,3.69,4.22,3.69,17
520,520.00,-22.16,-21.32,0.02,7.14,3.60,3.88,3.60,17
521,521.00,-22.16,-21.31,0.01,6.13,3.78,3.73,3.73,17
522,522.00,-22.15,-21.31,0.00,5.12,4.17,3.84,3.84,17
523,523.01,-22.15,-21.30,0.00,4.16,4.70,4.17,4.16,17
524,524.00,-22.15,-21.30,0.00,3.25,5.40,3.55,3.25,17
525,525.00,-22.16,-21.29,0.01,2.32,6.16,2.54,2.32,17
526,526.00,-22.15,-21.27,0.02,1.44,5.41,1.62,1.44,17
527,527.00,-22.34,-21.31,0.19,1.08,4.82,0.51,0.51,17
528,528.00,-22.21,-21.29,0.13,1.29,4.21,0.66,0.66,17
529,529.00,-22.20,-21.29,0.01,2.08,3.83,1.54,1.54,17
530,530.00,-22.10,-21.29,0.09,3.08,3.55,2.47,2.47,17
531,531.00,-21.71,-21.38,0.40,4.41,3.27,3.06,3.06,17
532,532.00,-21.79,-21.35,0.08,5.28,3.72,4.10,3.72,17
533,533.01,-21.95,-21.33,0.17,4.26,4.41,5.22,4.26,17
534,534.00,-21.98,-21.31,0.04,3.29,5.08,6.22,3.29,17
535,535.00,-21.99,-21.30,0.01,2.37,5.86,6.47,2.37,17
536,536.00,-21.99,-21.31,0.00,1.52,6.69,5.76,1.52,17
537,537.00,-22.00,-21.33,0.02,0.97,7.61,4.94,0.97,17
538,538.00,-22.01,-21.36,0.03,1.30,8.53,4.02,1.30,17
539,539.00,-22.01,-21.36,0.00,2.04,9.49,3.24,2.04,17
540,540.00,-22.01,-21.36,0.00,2.94,10.41,2.84,2.84,17
541,541.00,-22.01,-21.36,0.00,3.90,11.27,2.95,2.95,17
542,542.00,-22.01,-21.36,0.00,4.89,10.37,3.40,3.40,17
543,543.01,-22.01,-21.36,0.00,5.83,9.44,3.99,3.99,17
544,544.00,-22.01,-21.36,0.00,6.84,8.49,4.33,4.33,17
545,545.00,-22.01,-21.36,0.00,7.85,7.60,4.02,4.02,17
546,546.00,-22.01,-21.36,0.00,8.70,6.73,3.87,3.87,17
547,547.00,-22.01,-21.36,0.00,7.71,5.96,3.98,3.98,17
548,548.01,-22.01,-21.36,0.00,6.75,5.09,4.33,4.33,17
549,549.00,-22.01,-21.36,0.00,5.74,4.44,3.77,3.77,17
550,550.01,-22.01,-21.36,0.00,4.80,3.89,2.80,2.80,17
551,551.00,-22.01,-21.36,0.00,3.82,3.54,1.81,1.81,17
552,552.00,-22.01,-21.36,0.00,2.85,3.45,0.90,0.90,17
553,553.01,-21.99,-21.34,0.03,1.94,3.62,0.55,0.55,17
554,554.00,-21.96,-21.31,0.04,1.14,4.02,1.33,1.14,17
555,555.00,-21.93,-21.29,0.03,0.95,4.62,2.29,0.95,17
556,556.00,-21.93,-21.42,0.13,1.71,5.19,3.14,1.71,17
557,557.01,-21.94,-21.52,0.10,2.66,5.82,4.08,2.66,17
558,558.00,-21.92,-21.54,0.03,3.56,5.03,5.06,3.56,17
559,559.00,-21.91,-21.54,0.01,4.50,4.33,6.03,4.33,17
560,560.00,-21.90,-21.53,0.01,5.19,3.81,6.32,3.81,17
561,561.01,-21.90,-21.54,0.01,4.21,3.44,5.61,3.44,17
562,562.00,-21.91,-21.52,0.02,3.28,3.35,4.75,3.28,17
563,563.00,-21.91,-21.53,0.00,2.37,3.51,3.89,2.37,17
564,564.00,-21.91,-21.53,0.01,1.57,3.91,3.09,1.57,17
565,565.00,-21.90,-21.53,0.01,1.13,4.51,2.67,1.13,17
566,566.00,-21.86,-21.75,0.22,1.53,5.39,2.63,1.53,17
567,567.00,-21.90,-22.15,0.41,2.37,6.55,2.90,2.37,17
568,568.00,-22.20,-22.50,0.45,3.54,7.86,3.13,3.13,17
569,569.00,-22.49,-22.47,0.29,4.61,8.87,3.40,3.40,18
570,570.00,-22.39,-22.52,0.11,5.42,9.80,3.38,3.38,18
571,571.00,-21.83,-22.93,0.69,5.83,10.93,4.14,4.14,18
572,572.00,-21.31,-23.27,0.63,6.21,12.01,5.21,5.21,18
573,573.00,-20.75,-23.37,0.56,6.61,12.82,6.33,6.33,18
574,574.00,-20.13,-23.16,0.66,6.40,11.48,6.29,6.29,18
575,575.00,-19.48,-22.81,0.74,4.82,10.09,5.72,4.82,18
576,576.01,-18.88,-22.53,0.66,3.30,8.75,5.16,3.30,18
577,577.00,-18.20,-22.33,0.71,1.65,7.56,4.87,1.65,18
578,578.00,-17.79,-22.25,0.41,0.43,6.42,4.27,0.43,18
579,579.00,-17.98,-22.21,0.19,0.75,5.48,3.22,0.75,18
580,580.00,-17.98,-22.21,0.01,1.67,4.42,2.32,1.67,18
581,581.00,-18.03,-22.18,0.06,2.56,3.38,1.62,1.62,18
582,582.00,-18.12,-22.14,0.09,3.48,2.36,1.45,1.45,18
583,583.00,-18.13,-22.13,0.02,4.43,1.38,1.94,1.38,18
584,584.00,-18.08,-22.27,0.15,5.52,0.71,2.54,0.71,18
585,585.01,-18.05,-22.33,0.07,6.54,0.75,2.83,0.75,18
586,586.00,-18.09,-22.20,0.14,7.45,1.66,2.57,1.66,18
587,587.00,-18.02,-21.74,0.46,8.30,3.06,2.75,2.75,18
588,588.00,-17.71,-21.29,0.55,8.74,4.61,3.48,3.48,18
589,589.00,-17.51,-21.25,0.20,7.90,5.45,4.25,4.25,18
590,590.00,-17.36,-21.36,0.18,7.11,4.41,5.25,4.41,18
591,591.00,-17.16,-21.48,0.23,6.38,3.47,6.35,3.47,18
592,592.00,-17.03,-21.54,0.15,5.54,2.61,7.46,2.61,18
593,593.00,-16.89,-21.55,0.14,4.66,2.02,8.39,2.02,18
594,594.00,-16.53,-21.59,0.37,4.02,2.04,9.34,2.04,18
595,595.00,-16.31,-21.65,0.23,3.31,2.44,9.52,2.44,18
596,596.00,-16.21,-21.73,0.13,2.42,3.11,9.63,2.42,18
597,597.00,-16.19,-21.73,0.02,1.52,3.87,9.79,1.52,18
598,598.02,-16.18,-21.73,0.01,0.75,4.67,10.02,0.75,18
599,599.01,-16.16,-21.75,0.03,0.85,5.59,9.61,0.85,18
600,600.00,-16.13,-21.78,0.04,1.66,6.51,8.71,1.66,18
601,601.00,-16.12,-21.78,0.01,2.63,7.44,7.80,2.63,18
602,602.00,-16.12,-21.78,0.01,2.65,8.38,6.84,2.65,18
603,603.00,-16.11,-21.77,0.01,1.64,9.36,5.97,1.64,18
604,604.00,-16.10,-21.78,0.01,0.84,10.35,5.09,0.84,18
605,605.02,-16.10,-21.78,0.00,0.77,11.07,4.30,0.77,18
606,606.00,-16.11,-21.80,0.02,1.56,10.09,3.54,1.56,18
607,607.00,-16.10,-21.81,0.01,2.52,9.16,2.94,2.52,18
608,608.00,-16.11,-21.81,0.00,3.51,8.18,2.61,2.61,18
609,609.01,-16.11,-21.83,0.01,4.49,7.29,2.61,2.61,18
610,610.00,-16.13,-21.88,0.06,5.49,6.39,2.74,2.74,18
611,611.00,-16.13,-21.90,0.02,6.44,5.47,2.84,2.84,18
612,612.00,-16.12,-21.90,0.01,7.46,4.65,3.22,3.22,18
613,613.00,-16.12,-21.90,0.01,8.41,3.81,3.97,3.81,18
614,614.00,-16.11,-21.91,0.01,9.42,3.15,4.96,3.15,18
615,615.01,-16.10,-21.91,0.01,10.41,2.66,6.05,2.66,18
616,616.00,-16.10,-21.91,0.00,10.22,2.48,7.11,2.48,18
617,617.00,-16.10,-21.91,0.00,9.21,2.70,8.16,2.70,18
618,618.00,-16.10,-21.91,0.00,8.28,3.26,9.06,3.26,18
619,619.00,-16.10,-21.91,0.00,7.28,3.96,9.66,3.96,18
620,620.00,-16.10,-21.91,0.00,6.27,4.80,9.69,4.80,18
621,621.00,-16.10,-21.91,0.00,5.31,5.40,9.73,5.31,18
622,622.01,-16.10,-21.91,0.00,4.29,4.51,9.89,4.29,18
623,623.00,-16.10,-21.91,0.00,3.33,3.72,10.12,3.33,18
624,624.00,-16.10,-21.91,0.00,2.33,3.06,9.76,2.33,18
625,625.00,-16.10,-21.91,0.00,1.43,2.61,8.79,1.43,18
626,626.00,-16.10,-21.91,0.00,0.61,2.50,7.96,0.61,18
627,627.00,-16.12,-21.91,0.02,0.89,2.77,6.93,0.89,19
628,628.00,-16.16,-21.91,0.05,1.80,3.29,5.97,1.80,19
629,629.01,-16.20,-21.88,0.05,2.81,3.98,5.03,2.81,19
630,630.00,-16.33,-21.80,0.16,2.59,4.73,4.07,2.59,19
631,631.00,-16.50,-21.71,0.19,1.78,5.44,3.25,1.78,19
632,632.00,-16.76,-21.60,0.28,1.17,6.23,2.61,1.17,19
633,633.00,-17.29,-21.48,0.54,0.74,6.96,2.47,0.74,19
634,634.00,-17.73,-21.55,0.45,0.30,8.00,2.96,0.30,19
635,635.00,-17.66,-21.46,0.12,1.17,8.86,3.44,1.17,19
636,636.00,-17.71,-21.42,0.06,2.04,9.84,3.22,2.04,19
637,637.00,-17.80,-21.47,0.10,2.94,10.54,3.03,2.94,19
638,638.00,-18.29,-21.81,0.60,3.62,9.89,2.73,2.73,19
639,639.00,-18.57,-22.26,0.53,4.50,9.42,2.74,2.74,19
640,640.00,-18.47,-22.53,0.29,5.72,8.61,3.56,3.56,19
641,641.00,-18.37,-22.57,0.11,6.79,7.62,4.75,4.75,19
642,642.00,-18.24,-22.55,0.13,7.89,6.65,5.86,5.86,19
643,643.00,-18.11,-22.53,0.14,9.01,5.62,6.90,5.62,19
644,644.00,-17.89,-22.51,0.22,8.56,4.61,7.79,4.61,19
645,645.01,-17.82,-22.51,0.07,7.59,3.65,7.91,3.65,19
646,646.00,-17.75,-22.50,0.07,6.70,2.69,8.09,2.69,19
647,647.00,-17.52,-22.49,0.23,5.93,1.90,8.54,1.90,19
648,648.00,-17.24,-22.70,0.36,5.31,1.58,9.18,1.58,19
649,649.00,-16.89,-23.14,0.56,4.82,1.78,9.34,1.78,19
650,650.00,-16.75,-23.74,0.62,4.33,1.99,8.76,1.99,19
651,651.00,-16.90,-24.12,0.41,3.60,2.05,7.72,2.05,19
652,652.00,-17.10,-24.22,0.23,2.80,2.43,6.61,2.43,19
653,653.00,-17.42,-24.24,0.31,2.23,2.69,5.32,2.23,20
654,654.00,-17.37,-24.24,0.05,2.13,1.97,4.41,1.97,20
655,655.00,-16.76,-24.12,0.62,1.96,2.05,3.88,1.96,20
656,656.00,-16.43,-23.98,0.36,2.15,2.33,3.18,2.15,20
657,657.00,-16.29,-23.90,0.16,2.80,2.73,2.36,2.36,20
658,658.01,-16.21,-23.35,0.56,1.90,2.99,1.58,1.58,20
659,659.00,-16.13,-23.12,0.24,0.90,3.54,1.39,0.90,20
660,660.00,-16.22,-23.26,0.17,0.86,4.41,1.36,0.86,20
661,661.00,-16.24,-23.31,0.05,1.56,5.27,1.47,1.47,20
662,662.00,-16.12,-23.42,0.17,2.59,6.35,2.13,2.13,20
663,663.00,-16.03,-23.49,0.11,3.65,7.33,3.21,3.21,20
664,664.00,-15.81,-23.50,0.22,4.80,8.36,4.55,4.55,20
665,665.01,-15.17,-23.58,0.64,6.41,9.57,6.45,6.41,20
666,666.00,-14.82,-23.64,0.36,7.70,10.64,7.97,7.70,20
667,667.00,-14.59,-23.69,0.24,8.94,11.72,9.33,8.94,20
668,668.00,-14.35,-23.72,0.24,10.15,12.71,10.46,10.15,20
669,669.00,-14.39,-23.78,0.08,11.16,13.27,11.12,11.12,21
670,670.01,-14.69,-23.91,0.32,11.88,12.41,11.06,11.06,21
671,671.01,-15.20,-23.99,0.52,12.36,11.36,10.79,10.79,21
672,672.00,-15.45,-23.86,0.28,11.10,10.23,10.85,10.23,21
673,673.00,-15.76,-23.53,0.45,9.69,8.91,10.82,8.91,21
674,674.00,-16.33,-23.09,0.72,8.05,7.40,9.91,7.40,21
675,675.00,-16.89,-22.67,0.70,6.35,5.88,8.32,5.88,21
676,676.00,-17.42,-22.29,0.65,4.71,4.42,6.73,4.42,21
677,677.00,-17.97,-21.85,0.71,3.07,2.95,5.15,2.95,21
678,678.00,-18.46,-21.40,0.67,1.44,1.44,3.76,1.44,21
679,679.00,-18.91,-20.93,0.64,0.49,0.38,2.72,0.38,21
680,680.00,-19.30,-20.36,0.69,1.91,1.72,2.55,1.72,21
681,681.00,-19.54,-19.86,0.55,3.29,3.17,3.22,3.17,21
682,682.00,-19.53,-19.53,0.33,4.46,4.44,3.99,3.99,21
683,683.00,-19.64,-19.60,0.13,5.44,5.35,4.68,4.68,22
684,684.00,-20.09,-20.16,0.72,6.51,5.81,5.25,5.25,22
685,685.00,-20.53,-20.61,0.64,7.42,5.94,5.86,5.86,22
686,686.00,-20.71,-20.73,0.21,6.57,4.98,5.36,4.98,22
687,687.00,-20.75,-20.77,0.06,5.57,4.12,4.71,4.12,22
688,688.00,-20.98,-20.78,0.22,4.82,3.49,4.15,3.49,22
689,689.00,-21.59,-20.87,0.61,4.39,3.35,3.71,3.35,22
690,690.00,-22.02,-21.21,0.56,3.73,3.47,3.06,3.06,22
691,691.01,-22.06,-21.46,0.25,2.83,3.69,2.75,2.75,22
692,692.00,-22.07,-21.51,0.05,1.96,4.15,3.10,1.96,22
693,693.00,-22.03,-21.73,0.22,1.44,4.88,3.55,1.44,22
694,694.00,-21.97,-22.27,0.54,1.96,6.00,3.87,1.96,22
695,695.00,-22.08,-22.80,0.54,2.94,7.38,3.64,2.94,22
696,696.00,-22.25,-22.99,0.26,3.75,8.51,3.67,3.67,22
697,697.00,-22.50,-22.95,0.25,4.32,9.48,3.86,3.86,23
698,698.00,-22.36,-23.03,0.16,5.31,10.41,4.68,4.68,23
699,699.00,-22.20,-23.11,0.18,5.92,11.39,4.79,4.79,23
700,700.00,-21.56,-23.36,0.68,5.63,12.40,4.44,4.44,23
701,701.00,-20.97,-23.40,0.59,5.19,12.70,4.01,4.01,23
702,702.01,-20.39,-23.16,0.63,4.52,11.39,3.46,3.46,23
703,703.00,-19.82,-22.74,0.71,3.73,9.85,2.64,2.64,23
704,704.01,-19.29,-22.30,0.68,2.93,8.32,2.06,2.06,23
705,705.00,-18.77,-21.84,0.71,2.10,6.85,1.89,1.89,23
706,706.00,-18.24,-21.35,0.71,1.43,5.33,2.16,1.43,23
707,707.00,-17.74,-20.89,0.68,1.18,3.93,2.74,1.18,23
708,708.00,-17.25,-20.40,0.69,1.53,2.65,3.50,1.53,23
709,709.00,-16.73,-19.90,0.73,2.27,1.92,4.40,1.92,23
710,710.00,-16.28,-19.58,0.56,2.94,2.25,5.05,2.25,23
711,711.00,-16.04,-19.51,0.24,3.51,2.92,5.14,2.92,24
712,712.00,-16.34,-19.53,0.31,4.31,3.33,5.19,3.33,24
713,713.00,-16.73,-19.65,0.41,4.64,3.83,5.26,3.83,24
714,714.02,-16.96,-20.12,0.51,3.59,4.21,5.28,3.59,24
715,715.00,-16.96,-20.35,0.23,2.60,4.94,5.93,2.60,24
716,716.00,-16.99,-20.41,0.07,1.88,5.86,6.80,1.88,24
717,717.01,-17.25,-20.59,0.31,1.36,5.99,7.38,1.36,24
718,718.00,-17.63,-20.90,0.50,1.09,4.56,7.75,1.09,24
719,719.00,-17.81,-20.97,0.19,1.64,3.50,8.21,1.64,24
720,720.00,-17.82,-20.94,0.02,2.57,2.63,8.19,2.57,24
721,721.00,-17.88,-20.94,0.06,3.43,1.63,8.04,1.63,24
722,722.00,-18.02,-21.07,0.19,4.33,0.62,7.90,0.62,24
723,723.00,-18.03,-21.07,0.01,5.27,0.86,8.04,0.86,24
724,724.00,-18.04,-21.12,0.05,6.27,1.76,7.90,1.76,24
725,725.00,-18.04,-21.10,0.02,7.20,2.75,6.96,2.75,24
726,726.00,-18.06,-21.20,0.11,8.22,3.80,6.01,3.80,24
727,727.00,-18.06,-21.34,0.14,8.32,4.94,5.15,4.94,24
728,728.00,-18.05,-21.51,0.17,7.36,6.06,4.28,4.28,24
729,729.00,-18.04,-21.70,0.19,6.44,7.28,3.40,3.40,24
730,730.00,-18.05,-21.95,0.25,5.58,8.51,2.53,2.53,24
731,731.00,-18.05,-22.10,0.15,4.63,9.67,1.83,1.83,25
732,732.00,-17.99,-22.40,0.31,3.83,10.99,1.27,1.27,25
733,733.00,-17.92,-22.46,0.09,2.96,11.38,1.40,1.40,25
734,734.00,-17.92,-22.47,0.02,2.02,10.37,2.05,2.02,25
735,735.00,-17.93,-22.48,0.01,1.11,9.42,2.75,1.11,25
736,736.02,-17.94,-22.48,0.01,0.67,8.41,2.36,0.67,25
737,737.01,-17.94,-22.48,0.00,1.27,7.38,2.03,1.27,25
738,738.00,-17.93,-22.48,0.01,2.20,6.41,2.16,2.16,25
739,739.00,-17.93,-22.48,0.01,3.18,5.41,2.86,2.86,25
740,740.00,-17.92,-22.48,0.01,4.11,4.47,3.85,3.85,25
741,741.00,-17.73,-22.55,0.20,3.78,3.60,5.13,3.60,25
742,742.00,-17.30,-22.71,0.46,2.33,2.89,6.59,2.33,25
743,743.00,-17.09,-22.80,0.23,1.20,2.34,7.69,1.20,25
744,744.00,-17.06,-22.82,0.04,0.67,1.72,8.46,0.67,26
745,745.00,-17.53,-22.63,0.51,0.81,1.21,8.18,0.81,26
746,746.00,-17.83,-22.49,0.33,1.32,1.79,7.99,1.32,26
747,747.01,-18.50,-22.23,0.71,1.57,2.74,7.48,1.57,26
748,748.00,-19.18,-22.05,0.71,1.88,3.92,7.07,1.88,26
749,749.00,-19.79,-22.14,0.62,2.38,4.17,6.45,2.38,26
750,750.00,-20.32,-22.52,0.65,3.20,3.11,5.18,3.11,26
751,751.00,-20.58,-23.03,0.57,4.24,2.18,4.17,2.18,26
752,752.00,-20.62,-23.29,0.27,5.30,1.93,3.32,1.93,26
753,753.00,-20.61,-23.39,0.09,6.29,2.27,2.43,2.27,26
754,754.00,-20.60,-23.42,0.04,7.24,2.87,1.56,1.56,26
755,755.00,-20.60,-23.43,0.01,6.89,3.73,0.85,0.85,26
756,756.02,-20.54,-23.51,0.10,6.05,4.67,1.02,1.02,27
757,757.00,-20.46,-23.59,0.11,5.26,5.64,1.68,1.68,27
758,758.00,-21.10,-23.42,0.66,3.95,6.63,3.26,3.26,27
759,759.00,-21.75,-23.27,0.67,3.01,7.70,4.87,3.01,27
760,760.00,-22.36,-23.11,0.62,2.78,8.78,6.35,2.78,27
761,761.00,-22.75,-23.00,0.41,3.27,9.72,6.14,3.27,27
762,762.00,-23.26,-22.91,0.52,4.32,10.81,5.74,4.32,27
763,763.00,-23.91,-23.02,0.66,5.73,12.14,5.23,5.23,27
764,764.00,-24.41,-23.27,0.56,7.14,13.50,4.48,4.48,27
765,765.00,-24.78,-23.57,0.49,8.41,14.14,3.51,3.51,27
766,766.02,-25.09,-23.89,0.43,9.62,13.69,2.58,2.58,27
767,767.00,-25.12,-23.92,0.05,10.59,12.83,1.44,1.44,27
768,768.00,-25.23,-24.04,0.16,11.59,12.15,0.61,0.61,27
769,769.00,-25.40,-24.23,0.25,11.19,11.58,0.30,0.30,27
770,770.00,-25.44,-24.28,0.07,10.38,10.85,1.06,1.06,27
771,771.00,-25.25,-24.05,0.30,9.25,9.78,1.86,1.86,27
772,772.00,-25.30,-24.10,0.07,8.49,9.12,2.90,2.90,27
773,773.00,-25.30,-24.13,0.03,7.69,8.51,3.89,3.89,27
774,774.00,-25.23,-24.03,0.12,6.82,7.79,4.18,4.18,27
775,775.00,-25.35,-24.37,0.36,6.41,7.56,4.02,4.02,27
776,776.00,-25.32,-24.71,0.34,6.02,7.22,4.08,4.08,27
777,777.00,-25.05,-25.17,0.53,5.81,6.75,4.31,4.31,27
778,778.00,-24.50,-25.28,0.56,5.51,5.87,4.17,4.17,27
779,779.00,-24.18,-25.17,0.34,5.46,5.33,4.07,4.07,27
780,780.00,-24.05,-25.06,0.17,5.68,5.19,4.25,4.25,27
781,781.00,-23.94,-24.86,0.23,5.96,5.16,4.61,4.61,27
782,782.00,-23.91,-24.83,0.04,6.58,5.05,5.31,5.05,27
783,783.00,-23.86,-24.65,0.18,5.91,5.09,5.97,5.09,27
784,784.00,-24.06,-24.28,0.43,4.96,5.47,7.02,4.96,27
785,785.00,-24.35,-24.31,0.29,4.66,6.09,8.14,4.66,27
786,786.01,-24.44,-24.34,0.09,4.61,6.65,7.63,4.61,27
787,787.00,-24.46,-24.35,0.02,4.76,7.20,6.79,4.76,27
788,788.01,-24.47,-24.35,0.01,5.09,7.87,5.69,5.09,27
789,789.01,-24.47,-24.36,0.00,5.57,8.56,4.45,4.45,27
790,790.01,-24.47,-24.35,0.00,6.19,9.26,3.21,3.21,27
791,791.01,-24.47,-24.35,0.00,6.87,10.10,1.97,1.97,27
792,792.00,-24.47,-24.35,0.00,7.64,10.96,0.90,0.90,27
793,793.01,-24.47,-24.36,0.00,8.42,11.85,0.40,0.40,27
794,794.00,-24.47,-24.36,0.00,9.29,12.72,0.98,0.98,27
795,795.00,-24.47,-24.35,0.00,10.15,13.58,1.58,1.58,27
796,796.00,-24.47,-24.36,0.00,10.95,14.52,2.41,2.41,27
797,797.00,-24.47,-24.37,0.01,10.09,14.67,3.37,3.37,27
798,798.00,-24.47,-24.41,0.04,9.24,13.79,4.37,4.37,28
799,799.00,-24.42,-24.19,0.23,8.28,12.68,4.59,4.59,28
800,800.00,-24.50,-23.62,0.57,7.43,11.37,3.36,3.36,28
801,801.00,-24.76,-23.03,0.65,6.70,10.20,2.33,2.33,28
802,802.00,-25.14,-22.51,0.65,6.11,9.38,2.22,2.22,28
803,803.00,-25.49,-22.11,0.53,5.56,8.69,3.07,3.07,28
804,804.01,-25.40,-22.09,0.08,4.66,8.03,3.87,3.87,28
805,805.00,-25.24,-22.14,0.17,3.78,7.41,4.64,3.78,28
806,806.01,-25.08,-22.19,0.17,3.10,6.90,5.37,3.10,28
807,807.01,-24.96,-22.22,0.12,2.80,6.51,6.23,2.80,28
808,808.00,-24.88,-22.24,0.09,2.90,6.28,7.07,2.90,28
809,809.00,-24.84,-22.24,0.04,3.33,6.23,8.00,3.33,28
810,810.00,-24.43,-21.83,0.59,3.60,6.10,8.70,3.60,28
811,811.00,-23.94,-21.28,0.73,2.64,6.34,7.91,2.64,28
812,812.00,-23.54,-20.72,0.69,1.59,6.99,6.99,1.59,28
813,813.00,-23.20,-20.16,0.66,0.50,7.33,6.20,0.50,28
814,814.00,-22.86,-19.53,0.72,0.63,6.92,5.66,0.63,28
815,815.00,-22.67,-19.00,0.56,1.74,6.49,5.46,1.74,28
816,816.00,-22.67,-18.71,0.30,2.82,6.00,5.45,2.82,28
817,817.00,-22.68,-18.70,0.01,3.76,5.40,5.44,3.76,29
818,818.00,-22.57,-18.77,0.13,4.60,4.72,5.59,4.60,29
819,819.00,-22.49,-18.80,0.08,5.45,4.25,5.88,4.25,29
820,820.00,-22.48,-18.79,0.01,6.44,4.06,5.59,4.06,29
821,821.00,-22.46,-18.83,0.05,7.35,4.08,4.86,4.08,29
822,822.00,-22.39,-18.60,0.24,8.39,4.25,4.49,4.25,29
823,823.01,-22.09,-18.16,0.52,9.37,4.24,4.50,4.24,29
824,824.00,-21.50,-18.04,0.60,9.41,4.27,4.86,4.27,29
825,825.00,-21.27,-18.03,0.24,8.23,4.76,4.49,4.49,29
826,826.00,-21.15,-18.04,0.12,7.23,5.64,4.12,4.12,29
827,827.00,-21.06,-18.59,0.56,5.83,6.97,3.48,3.48,29
828,828.00,-20.87,-19.24,0.68,4.36,8.48,2.88,2.88,29
829,829.00,-20.54,-19.79,0.64,2.81,8.92,2.52,2.52,29
830,830.01,-20.07,-20.15,0.58,1.38,8.13,2.45,1.38,29
831,831.00,-19.69,-20.18,0.39,0.95,7.11,2.78,0.95,29
832,832.00,-19.54,-20.05,0.20,1.76,5.98,3.36,1.76,30
833,833.00,-19.74,-20.37,0.38,2.37,5.37,3.81,2.37,30
834,834.00,-19.82,-20.31,0.09,3.25,4.35,4.72,3.25,30
835,835.00,-19.85,-19.71,0.60,4.14,2.92,6.08,2.92,30
836,836.00,-19.91,-19.46,0.26,5.02,1.98,6.05,1.98,30
837,837.00,-19.84,-19.53,0.11,6.01,1.43,5.49,1.43,30
838,838.00,-19.78,-19.58,0.08,6.37,1.42,4.98,1.42,30
839,839.00,-19.76,-19.60,0.03,5.41,2.01,4.75,2.01,30
840,840.00,-19.99,-19.50,0.25,4.25,2.99,4.89,2.99,30
841,841.00,-20.27,-19.46,0.29,3.07,4.04,5.15,3.07,30
842,842.00,-20.89,-19.57,0.63,1.63,5.06,5.23,1.63,30
843,843.00,-20.99,-19.64,0.13,0.98,5.81,5.59,0.98,30
844,844.00,-21.38,-19.78,0.41,1.35,6.67,5.72,1.35,30
845,845.00,-21.56,-19.60,0.26,2.52,7.02,5.58,2.52,30
846,846.00,-21.54,-19.39,0.21,3.57,6.39,5.22,3.57,30
847,847.00,-21.53,-18.92,0.47,4.82,5.93,5.04,4.82,30
848,848.00,-21.58,-18.33,0.59,6.18,5.65,4.90,4.90,30
849,849.00,-21.56,-18.27,0.06,7.10,4.87,4.76,4.76,30
850,850.00,-21.60,-18.53,0.26,7.98,4.04,4.01,4.01,30
851,851.00,-21.60,-18.53,0.00,8.97,3.50,3.49,3.49,30
852,852.00,-21.60,-18.53,0.00,9.02,3.22,3.21,3.21,30
853,853.01,-21.60,-18.53,0.00,8.01,3.21,3.22,3.21,30
854,854.00,-21.60,-18.53,0.00,7.06,3.50,3.51,3.50,30
855,855.01,-21.61,-18.55,0.02,6.08,4.03,4.04,4.03,30
856,856.00,-21.67,-18.66,0.13,5.16,4.83,4.66,4.66,30
857,857.00,-21.65,-18.58,0.09,4.28,5.55,5.48,4.28,30
858,858.00,-21.69,-18.39,0.19,3.53,6.28,6.46,3.53,30
859,859.00,-21.78,-18.22,0.19,2.96,7.02,7.50,2.96,30
860,860.00,-21.99,-17.97,0.33,2.64,7.83,8.77,2.64,30
861,861.00,-22.28,-17.83,0.32,2.37,7.78,8.76,2.37,30
862,862.00,-22.87,-17.73,0.61,2.17,7.25,8.65,2.17,30
863,863.00,-23.49,-17.89,0.63,1.78,7.03,8.16,1.78,30
864,864.01,-24.05,-18.19,0.64,1.44,7.04,7.49,1.44,30
865,865.00,-24.42,-18.55,0.52,1.66,6.97,6.64,1.66,30
866,866.00,-24.49,-18.72,0.18,1.41,6.65,5.88,1.41,30
867,867.00,-24.42,-18.88,0.17,0.66,6.28,5.29,0.66,30
868,868.00,-24.41,-18.88,0.02,0.78,6.03,5.12,0.78,30
869,869.00,-24.29,-18.74,0.18,1.67,5.85,5.29,1.67,30
870,870.00,-24.27,-18.71,0.03,2.56,5.97,4.92,2.56,30
871,871.00,-24.14,-18.65,0.14,3.47,6.16,4.17,3.47,30
872,872.00,-24.15,-18.12,0.53,4.73,6.92,3.78,3.78,30
873,873.00,-24.54,-17.63,0.63,6.32,8.08,3.19,3.19,30
874,874.00,-25.06,-17.26,0.63,7.92,9.35,2.76,2.76,30
875,875.00,-25.64,-17.07,0.61,9.45,10.57,3.23,3.23,30
876,876.01,-26.30,-16.89,0.67,11.09,11.84,4.26,4.26,30
877,877.00,-26.96,-16.82,0.68,12.72,12.22,5.59,5.59,30
878,878.02,-27.60,-16.88,0.62,14.25,11.98,6.88,6.88,30
879,879.01,-28.13,-17.10,0.58,15.67,11.68,8.14,8.14,30
880,880.00,-28.61,-17.49,0.62,15.55,11.41,9.30,9.30,30
881,881.00,-28.91,-18.03,0.62,14.62,11.09,10.25,10.25,30
882,882.01,-28.80,-18.64,0.61,13.38,10.56,10.89,10.56,30
883,883.00,-28.46,-19.25,0.71,11.85,10.00,11.28,10.00,30
884,884.00,-28.02,-19.83,0.72,10.34,9.60,11.66,9.60,30
885,885.00,-27.57,-20.37,0.71,8.85,9.43,12.01,8.85,30
886,886.00,-27.23,-20.92,0.64,7.52,9.65,11.19,7.52,30
887,887.00,-26.99,-21.57,0.69,6.37,10.23,9.94,6.37,30
888,888.00,-26.84,-22.27,0.72,5.52,11.13,8.58,5.52,30
889,889.00,-26.79,-22.84,0.57,5.06,12.22,7.19,5.06,30
890,890.00,-26.84,-23.14,0.30,4.73,13.22,5.95,4.73,30
891,891.00,-26.85,-23.20,0.06,4.48,14.06,4.75,4.48,31
892,892.00,-26.55,-22.69,0.59,3.78,14.30,3.46,3.46,31
893,893.00,-26.46,-22.58,0.13,3.83,14.03,2.48,2.48,31
894,894.00,-26.49,-22.62,0.05,3.74,13.28,1.82,1.82,31
895,895.00,-26.53,-22.66,0.05,3.78,12.55,1.23,1.23,31
896,896.00,-26.56,-22.70,0.05,4.08,11.84,0.79,0.79,31
897,897.00,-26.59,-22.74,0.05,4.60,11.15,1.39,1.39,31
898,898.00,-26.62,-22.78,0.05,5.23,10.50,2.34,2.34,31
899,899.00,-26.64,-22.81,0.05,6.01,9.99,3.10,3.10,31
900,900.00,-26.67,-22.85,0.05,6.85,9.42,2.96,2.96,31
901,901.00,-26.70,-22.89,0.05,7.68,8.99,3.20,3.20,31
902,902.00,-26.49,-22.62,0.34,8.32,8.32,3.33,3.33,31
903,903.00,-26.18,-22.28,0.46,8.88,7.70,3.65,3.65,31
904,904.00,-26.19,-22.24,0.04,9.83,7.58,4.47,4.47,31
905,905.02,-26.13,-22.22,0.06,10.68,7.51,5.32,5.32,31
906,906.00,-26.09,-22.22,0.03,11.63,7.59,6.17,6.17,31
907,907.00,-25.66,-22.46,0.50,12.12,7.33,6.67,6.67,31
908,908.00,-24.95,-22.73,0.76,10.64,6.92,6.89,6.89,31
909,909.01,-24.43,-22.87,0.53,9.18,6.33,7.27,6.33,31
910,910.00,-23.98,-22.91,0.46,7.78,5.55,7.83,5.55,31
911,911.00,-23.74,-23.00,0.26,6.64,5.08,7.31,5.08,31
912,912.00,-23.74,-23.00,0.00,5.81,5.07,6.45,5.07,31
913,913.00,-23.74,-23.00,0.00,5.00,5.22,5.43,5.00,31
914,914.00,-23.74,-23.00,0.00,4.25,5.55,4.29,4.25,31
915,915.00,-23.74,-23.00,0.00,3.68,5.99,3.05,3.05,31
916,916.00,-23.61,-23.07,0.14,3.22,6.52,1.80,1.80,31
917,917.00,-23.25,-23.03,0.36,3.02,6.93,1.07,1.07,31
918,918.00,-22.67,-22.80,0.62,3.26,7.14,2.08,2.08,31
919,919.00,-22.04,-22.66,0.64,4.13,7.52,3.42,3.42,31
920,920.00,-21.64,-22.52,0.43,5.21,8.13,4.13,4.13,31
921,921.01,-21.71,-22.54,0.07,6.09,9.14,4.07,4.07,31
922,922.00,-21.58,-22.47,0.15,5.18,9.93,4.38,4.38,31
923,923.00,-21.56,-22.45,0.03,4.27,10.88,4.80,4.27,31
924,924.00,-21.57,-22.35,0.09,3.36,11.80,5.16,3.36,31
925,925.00,-21.63,-22.32,0.07,2.49,11.53,4.26,2.49,31
926,926.00,-21.84,-22.11,0.30,1.72,10.44,3.00,1.72,31
927,927.00,-21.73,-22.25,0.18,1.77,9.56,2.16,1.77,31
928,928.00,-21.65,-22.39,0.16,2.19,8.73,1.34,1.34,31
929,929.00,-21.53,-22.59,0.23,2.83,7.94,0.66,0.66,31
930,930.00,-21.35,-22.85,0.32,3.47,7.17,0.64,0.64,31
931,931.00,-21.28,-22.92,0.10,4.24,6.26,1.32,1.32,31
932,932.00,-21.45,-22.65,0.32,5.30,5.26,2.43,2.43,31
933,933.00,-21.72,-22.03,0.68,6.53,4.24,3.86,3.86,31
934,934.01,-21.78,-21.85,0.19,7.58,3.61,5.01,3.61,31
935,935.00,-21.80,-21.93,0.08,8.30,3.30,6.01,3.30,31
936,936.00,-21.82,-21.94,0.03,7.36,3.23,5.90,3.23,31
937,937.00,-21.82,-21.84,0.10,6.38,3.46,5.18,3.46,31
938,938.00,-21.61,-21.54,0.37,5.27,3.93,4.33,3.93,31
939,939.00,-21.60,-21.53,0.02,4.25,4.63,3.46,3.46,31
940,940.00,-21.57,-21.51,0.03,3.30,5.44,2.85,2.85,31
941,941.00,-21.50,-21.44,0.10,2.30,5.19,2.81,2.30,31
942,942.00,-21.55,-21.48,0.07,1.51,4.39,3.14,1.51,31
943,943.00,-21.48,-21.47,0.07,0.93,3.71,3.80,0.93,31
944,944.00,-21.42,-21.46,0.07,1.31,3.17,4.50,1.31,31
945,945.00,-21.09,-21.77,0.45,2.56,2.51,4.88,2.51,31
946,946.00,-20.92,-21.94,0.24,3.77,2.55,4.90,2.55,31
947,947.00,-20.98,-21.86,0.10,4.58,3.10,4.90,3.10,31
948,948.00,-21.06,-21.80,0.10,5.47,3.79,5.04,3.79,31
949,949.00,-21.16,-21.76,0.11,5.89,4.64,5.32,4.64,31
950,950.00,-21.31,-21.69,0.16,4.73,5.49,4.29,4.29,31
951,951.00,-21.61,-21.36,0.45,3.31,6.18,2.97,2.97,31
952,952.01,-21.43,-21.66,0.35,2.76,7.33,2.23,2.23,31
953,953.00,-20.92,-22.02,0.62,2.48,8.37,1.85,1.85,31
954,954.00,-20.28,-22.26,0.69,2.22,9.44,1.54,1.54,31
955,955.00,-19.66,-22.33,0.62,1.79,10.34,1.27,1.27,31
956,956.01,-19.00,-22.27,0.66,1.35,11.25,1.16,1.16,31
957,957.00,-18.41,-22.12,0.62,0.74,10.79,1.35,0.74,31
958,958.00,-18.20,-22.02,0.23,0.41,9.57,1.63,0.41,31
959,959.00,-18.21,-22.02,0.00,1.31,8.61,2.21,1.31,31
960,960.00,-18.08,-21.95,0.14,2.21,7.51,3.03,2.21,31
961,961.01,-18.01,-21.85,0.13,3.13,6.40,3.11,3.11,32
962,962.00,-18.01,-21.79,0.06,4.17,5.36,2.84,2.84,32
963,963.00,-18.18,-21.83,0.17,4.61,4.40,2.65,2.65,32
964,964.00,-17.74,-21.48,0.56,3.34,3.17,3.43,3.17,32
965,965.00,-17.46,-20.98,0.58,2.43,1.93,4.71,1.93,32
966,966.00,-17.47,-20.51,0.47,1.94,1.05,5.85,1.05,32
967,967.00,-17.81,-20.19,0.48,1.74,1.40,6.68,1.40,32
968,968.00,-18.44,-19.78,0.74,1.81,2.59,7.21,1.81,32
969,969.00,-19.06,-19.48,0.69,1.80,3.90,7.52,1.80,32
970,970.00,-19.46,-19.39,0.41,1.76,5.01,7.49,1.76,32
971,971.00,-19.60,-19.40,0.14,2.04,5.94,6.99,2.04,32
972,972.00,-19.71,-19.43,0.12,2.65,6.92,6.55,2.65,32
973,973.00,-20.23,-19.58,0.54,2.94,6.42,5.84,2.94,32
974,974.00,-20.88,-19.63,0.64,3.23,5.67,5.19,3.23,32
975,975.00,-21.35,-19.50,0.49,3.64,5.16,4.13,3.64,32
976,976.00,-21.55,-19.48,0.20,4.43,4.53,3.19,3.19,32
977,977.00,-21.58,-19.48,0.03,4.45,3.88,2.60,2.60,32
978,978.00,-21.88,-19.56,0.32,3.20,3.64,2.12,2.12,32
979,979.00,-22.31,-19.65,0.44,1.82,3.84,2.34,1.82,32
980,980.00,-22.93,-19.54,0.63,0.45,4.52,3.46,0.45,32
981,981.01,-23.15,-19.31,0.31,1.21,4.93,4.65,1.21,32
982,982.00,-23.29,-19.10,0.26,2.38,5.35,5.72,2.38,32
983,983.00,-23.26,-19.21,0.12,3.28,5.90,6.60,3.28,33
984,984.00,-23.19,-19.86,0.65,3.96,6.93,7.14,3.96,33
985,985.01,-23.40,-20.49,0.65,4.97,8.28,7.97,4.97,33
986,986.00,-23.74,-21.06,0.68,6.14,9.79,8.06,6.14,33
987,987.00,-24.04,-21.65,0.65,7.35,11.30,7.31,7.31,33
988,988.00,-24.24,-22.26,0.65,8.46,12.85,6.33,6.33,33
989,989.00,-24.27,-22.86,0.60,9.45,12.98,5.04,5.04,33
990,990.00,-24.20,-23.19,0.34,10.30,12.32,3.64,3.64,33
991,991.00,-24.05,-23.51,0.35,10.05,11.60,2.14,2.14,34
992,992.00,-23.94,-24.07,0.58,9.06,11.20,0.79,0.79,34
993,993.00,-24.01,-24.56,0.49,8.35,10.75,0.59,0.59,34
994,994.00,-24.20,-25.01,0.48,7.90,10.37,1.40,1.40,34
995,995.00,-24.44,-25.36,0.43,7.53,9.96,2.04,2.04,34
996,996.00,-24.48,-25.42,0.07,6.99,9.22,3.00,3.00,34
997,997.00,-24.48,-25.42,0.01,6.47,8.53,3.92,3.92,34
998,998.00,-24.48,-25.43,0.00,6.06,7.76,4.92,4.92,34
999,999.00,-24.48,-25.43,0.00,5.77,7.14,5.87,5.77,34
1000,1000.00,-24.48,-25.43,0.00,5.65,6.64,5.37,5.37,34
1001,1001.00,-24.48,-25.42,0.00,5.70,6.13,4.84,4.84,34
1002,1002.00,-24.48,-25.43,0.00,5.93,5.78,4.46,4.46,34
1003,1003.00,-24.48,-25.43,0.00,6.31,5.59,4.29,4.29,34
1004,1004.02,-24.48,-25.43,0.00,6.83,5.58,4.35,4.35,34
1005,1005.01,-24.48,-25.43,0.00,6.62,5.57,4.63,4.63,34
1006,1006.00,-24.48,-25.43,0.00,6.16,5.67,5.10,5.10,34
1007,1007.00,-24.48,-25.42,0.00,5.83,5.93,5.71,5.71,34
1008,1008.00,-24.48,-25.42,0.00,5.66,6.33,6.40,5.66,34
1009,1009.00,-24.49,-25.43,0.01,5.67,6.86,7.19,5.67,34
1010,1010.02,-24.52,-25.43,0.03,5.87,7.51,8.07,5.87,34
1011,1011.01,-24.67,-25.44,0.15,6.32,8.26,8.25,6.32,34
1012,1012.00,-25.03,-25.39,0.37,7.04,9.20,7.84,7.04,34
1013,1013.00,-25.54,-25.12,0.58,7.99,10.12,7.26,7.26,34
1014,1014.00,-25.94,-24.97,0.43,9.01,11.05,6.55,6.55,34
1015,1015.00,-26.15,-24.92,0.22,10.01,11.88,5.48,5.48,35
1016,1016.00,-25.71,-24.96,0.44,10.43,12.47,3.86,3.86,35
1017,1017.00,-25.10,-25.17,0.65,10.69,13.17,2.22,2.22,35
1018,1018.00,-24.49,-25.49,0.69,11.02,14.01,1.50,1.50,35
1019,1019.00,-23.94,-25.92,0.70,10.11,15.00,2.25,2.25,35
1020,1020.00,-23.38,-26.40,0.74,8.98,16.31,3.48,3.48,35
1021,1021.00,-22.85,-26.84,0.69,8.04,16.02,5.01,5.01,35
1022,1022.00,-22.35,-27.29,0.68,7.42,15.33,6.55,6.55,35
1023,1023.00,-22.11,-27.51,0.32,7.07,14.52,7.74,7.07,35
1024,1024.01,-22.40,-27.13,0.47,6.69,13.28,8.17,6.69,35
1025,1025.00,-22.48,-26.59,0.55,6.10,11.88,7.15,6.10,35
1026,1026.00,-22.25,-26.02,0.62,5.47,10.25,5.94,5.47,35
1027,1027.00,-21.80,-25.50,0.68,5.08,8.71,4.89,4.89,35
1028,1028.00,-21.24,-25.15,0.66,5.26,7.22,4.02,4.02,35
1029,1029.00,-20.58,-24.91,0.71,5.95,5.78,3.28,3.28,35
1030,1030.01,-19.89,-24.77,0.70,7.07,4.56,2.70,2.70,35
1031,1031.01,-19.22,-24.69,0.67,8.33,3.25,2.11,2.11,35
1032,1032.01,-18.52,-24.63,0.71,9.80,2.15,1.61,1.61,35
1033,1033.00,-17.97,-24.62,0.55,9.44,1.35,1.10,1.10,35
1034,1034.00,-17.67,-24.61,0.30,8.77,1.14,0.64,0.64,35
1035,1035.01,-17.63,-24.58,0.06,7.87,1.52,1.07,1.07,35
1036,1036.00,-17.63,-24.54,0.04,6.89,2.32,1.18,1.18,35
1037,1037.01,-17.66,-24.52,0.03,5.92,1.82,0.45,0.45,35
1038,1038.00,-17.72,-24.62,0.12,5.11,1.14,0.54,0.54,35
1039,1039.00,-17.71,-24.55,0.07,4.21,1.25,1.68,1.25,35
1040,1040.00,-17.70,-24.52,0.03,3.43,1.92,2.91,1.92,35
1041,1041.00,-17.72,-24.57,0.05,2.89,2.81,4.19,2.81,35
1042,1042.01,-17.69,-24.47,0.10,2.47,3.69,5.39,2.47,35
1043,1043.01,-17.78,-24.79,0.33,2.83,4.98,6.43,2.83,35
1044,1044.01,-17.79,-24.85,0.06,3.25,6.01,7.27,3.25,35
1045,1045.00,-17.76,-24.88,0.04,3.80,6.93,7.92,3.80,35
1046,1046.00,-17.69,-24.93,0.09,4.39,8.03,8.33,4.39,35
1047,1047.00,-17.58,-25.09,0.19,3.76,9.22,8.89,3.76,35
1048,1048.00,-17.44,-25.16,0.16,3.19,10.24,9.57,3.19,35
1049,1049.00,-17.37,-25.10,0.08,2.93,11.20,10.14,2.93,36
1050,1050.00,-17.08,-24.58,0.60,2.55,11.72,9.56,2.55,36
1051,1051.02,-17.00,-24.00,0.58,2.60,12.13,8.41,2.60,36
1052,1052.00,-17.22,-23.41,0.64,2.78,12.47,6.96,2.78,36
1053,1053.01,-17.35,-23.26,0.19,3.48,11.70,5.85,3.48,36
1054,1054.01,-17.38,-23.22,0.05,4.37,10.64,4.79,4.37,36
1055,1055.00,-17.46,-23.18,0.09,5.28,9.62,3.72,3.72,36
1056,1056.00,-17.57,-23.05,0.18,6.11,8.59,2.66,2.66,36
1057,1057.01,-17.82,-22.53,0.57,6.58,6.98,1.60,1.60,36
1058,1058.00,-18.22,-21.96,0.70,7.00,5.37,1.63,1.63,36
1059,1059.00,-18.69,-21.43,0.70,7.33,3.86,2.83,2.83,36
1060,1060.00,-19.18,-20.97,0.68,7.51,2.61,4.29,2.61,36
1061,1061.01,-19.52,-20.71,0.42,6.11,1.55,4.99,1.55,36
1062,1062.00,-19.69,-20.63,0.19,4.92,1.19,4.65,1.19,37
1063,1063.00,-19.26,-20.93,0.53,4.43,0.91,3.72,0.91,37
1064,1064.01,-19.43,-20.65,0.32,3.25,2.06,3.74,2.06,37
1065,1065.00,-19.46,-20.42,0.23,2.21,3.17,4.03,2.21,37
1066,1066.00,-19.23,-19.87,0.60,1.76,4.65,5.06,1.76,37
1067,1067.01,-18.96,-19.61,0.38,1.72,5.85,6.05,1.72,37
1068,1068.01,-18.37,-19.70,0.60,1.81,6.70,7.18,1.81,37
1069,1069.00,-17.81,-20.07,0.68,1.71,5.80,8.18,1.71,37
1070,1070.01,-17.32,-20.41,0.59,1.74,4.59,8.95,1.74,37
1071,1071.02,-17.12,-20.49,0.21,2.24,3.66,8.94,2.24,37
1072,1072.00,-16.73,-20.56,0.41,2.77,2.97,9.21,2.77,37
1073,1073.00,-16.09,-20.76,0.67,3.03,2.71,9.87,2.71,37
1074,1074.00,-15.78,-20.92,0.35,3.18,2.75,10.32,2.75,37
1075,1075.00,-15.66,-21.04,0.17,2.22,3.08,9.97,2.22,38
1076,1076.00,-15.86,-20.52,0.56,2.15,3.07,8.82,2.15,38
1077,1077.01,-15.79,-19.89,0.62,2.51,3.25,8.09,2.51,38
1078,1078.00,-15.57,-19.27,0.66,3.28,3.65,7.65,3.28,38
1079,1079.00,-15.56,-19.28,0.01,3.67,4.36,6.97,3.67,38
1080,1080.00,-15.52,-19.26,0.04,4.27,5.15,6.43,4.27,38
1081,1081.01,-15.45,-19.46,0.21,5.02,6.22,5.81,5.02,38
1082,1082.00,-15.27,-19.50,0.18,6.03,7.23,5.47,5.47,39
1083,1083.00,-15.04,-19.51,0.23,7.10,8.20,5.29,5.29,39
1084,1084.01,-14.64,-19.70,0.44,8.43,9.44,5.17,5.17,39
1085,1085.01,-14.34,-20.17,0.56,9.65,9.30,4.83,4.83,39
1086,1086.00,-14.29,-20.75,0.59,10.73,8.98,4.39,4.39,39
1087,1087.01,-14.36,-21.25,0.50,11.67,8.49,4.33,4.33,39
1088,1088.01,-14.57,-21.70,0.50,11.90,7.96,4.51,4.51,39
1089,1089.00,-14.90,-21.96,0.43,10.64,7.15,4.98,4.98,39
1090,1090.01,-15.40,-21.98,0.50,9.22,6.12,5.62,5.62,39
1091,1091.01,-15.67,-21.80,0.32,7.91,4.98,6.55,4.98,39
1092,1092.00,-15.79,-21.39,0.43,6.74,3.82,7.69,3.82,39
1093,1093.00,-15.80,-21.39,0.01,5.75,3.22,8.64,3.22,39
1094,1094.01,-15.80,-21.41,0.02,4.78,2.83,9.51,2.83,39
1095,1095.00,-15.78,-21.38,0.03,3.83,2.79,10.11,2.79,39
1096,1096.01,-15.58,-21.20,0.27,3.09,3.36,10.30,3.09,40
1097,1097.00,-15.85,-21.14,0.28,2.01,3.73,10.02,2.01,40
1098,1098.00,-16.31,-21.10,0.46,1.20,4.24,9.64,1.20,40
1099,1099.01,-16.04,-20.74,0.45,1.80,5.59,10.04,1.80,40
1100,1100.01,-15.86,-20.23,0.54,2.80,7.01,9.78,2.80,40
1101,1101.01,-15.86,-19.66,0.57,4.01,6.81,8.91,4.01,40
1102,1102.00,-16.15,-19.08,0.64,4.75,6.24,7.94,4.75,40
1103,1103.02,-16.54,-18.70,0.54,4.55,5.48,6.96,4.55,40
1104,1104.01,-16.74,-18.69,0.20,3.99,4.53,6.18,3.99,40
1105,1105.00,-16.73,-18.69,0.01,3.55,3.63,5.72,3.55,40
1106,1106.00,-16.72,-18.66,0.03,3.36,2.77,5.39,2.77,40
1107,1107.00,-16.71,-18.63,0.03,3.47,2.11,5.24,2.11,40
1108,1108.01,-16.74,-18.59,0.05,3.82,1.71,5.25,1.71,40
1109,1109.00,-16.78,-18.53,0.08,4.34,1.72,5.48,1.72,40
1110,1110.00,-17.10,-18.26,0.41,4.83,1.89,6.07,1.89,40
1111,1111.01,-17.62,-18.04,0.56,5.17,2.32,6.70,2.32,40
1112,1112.00,-18.00,-18.01,0.39,5.59,3.09,6.62,3.09,40
1113,1113.01,-18.45,-18.07,0.45,5.89,4.24,6.43,4.24,40
1114,1114.01,-18.68,-18.22,0.27,6.51,5.43,6.21,5.43,40
1115,1115.00,-18.83,-18.52,0.34,7.20,6.71,6.01,6.01,41
1116,1116.00,-18.91,-19.13,0.61,7.01,8.33,5.78,5.78,41
1117,1117.01,-18.78,-19.71,0.59,6.24,8.08,6.04,6.04,41
1118,1118.00,-18.46,-20.29,0.67,5.65,7.62,6.70,5.65,41
1119,1119.00,-18.10,-20.90,0.71,5.12,7.23,7.46,5.12,41
1120,1120.01,-17.75,-21.45,0.64,4.64,6.76,8.20,4.64,41
1121,1121.01,-17.51,-21.93,0.54,3.97,6.29,8.29,3.97,41
1122,1122.00,-17.29,-22.47,0.59,3.43,5.86,8.56,3.43,41
1123,1123.01,-17.00,-23.02,0.62,2.97,5.55,9.16,2.97,41
1124,1124.00,-16.58,-23.49,0.63,2.66,5.15,10.08,2.66,41
1125,1125.00,-16.27,-23.60,0.33,2.10,4.53,10.03,2.10,41
1126,1126.00,-15.81,-23.49,0.47,1.47,3.92,9.48,1.47,41
1127,1127.01,-15.33,-23.40,0.49,0.86,3.70,8.91,0.86,41
1128,1128.00,-15.06,-23.44,0.27,0.59,3.66,8.22,0.59,42
1129,1129.03,-15.11,-23.40,0.06,1.31,3.62,7.17,1.31,42
1130,1130.01,-14.99,-23.48,0.14,0.95,3.96,6.37,0.95,42
1131,1131.01,-15.09,-23.39,0.13,0.55,4.37,5.31,0.55,42
1132,1132.01,-15.35,-23.21,0.32,0.95,4.95,4.07,0.95,42
1133,1133.00,-15.38,-23.16,0.06,1.87,4.32,3.21,1.87,42
1134,1134.01,-15.45,-23.08,0.10,2.73,3.74,2.35,2.35,42
1135,1135.00,-15.56,-23.28,0.23,3.67,3.20,1.61,1.61,42
1136,1136.01,-15.79,-23.57,0.37,4.60,2.98,1.18,1.18,42
1137,1137.01,-16.01,-23.64,0.23,5.44,3.17,1.37,1.37,42
1138,1138.00,-16.48,-23.75,0.48,6.07,3.62,1.68,1.68,42
1139,1139.00,-16.66,-23.71,0.18,6.86,4.36,2.60,2.60,42
1140,1140.01,-17.14,-23.45,0.55,7.32,4.89,3.35,3.35,42
1141,1141.01,-17.41,-23.21,0.36,7.91,5.51,4.29,4.29,42
1142,1142.01,-17.47,-23.11,0.11,8.81,6.39,5.45,5.45,42
1143,1143.00,-17.76,-22.62,0.58,9.28,6.89,6.36,6.36,42
1144,1144.00,-17.90,-22.43,0.23,8.54,7.67,7.13,7.13,42
1145,1145.00,-18.34,-22.38,0.45,7.10,8.63,7.35,7.10,42
1146,1146.00,-19.01,-22.21,0.69,5.50,9.45,6.76,5.50,42
1147,1147.01,-19.67,-22.17,0.66,3.96,10.52,6.16,3.96,42
1148,1148.00,-20.29,-22.38,0.66,2.69,11.75,5.81,2.69,42
1149,1149.00,-20.65,-22.72,0.49,2.10,11.29,6.00,2.10,42
1150,1150.00,-21.02,-23.25,0.65,2.44,10.89,5.68,2.44,42
1151,1151.00,-21.47,-23.83,0.73,3.38,10.62,4.76,3.38,42
1152,1152.00,-21.89,-24.38,0.69,4.54,10.30,4.05,4.05,42
1153,1153.01,-22.21,-24.93,0.64,5.70,10.03,3.68,3.68,42
1154,1154.01,-22.45,-25.58,0.69,6.85,9.77,3.80,3.80,42
1155,1155.00,-22.59,-26.23,0.67,7.95,9.48,4.21,4.21,42
1156,1156.00,-22.66,-26.87,0.64,9.01,9.21,4.78,4.78,42
1157,1157.01,-22.65,-26.83,0.04,9.68,8.29,4.91,4.91,42
1158,1158.00,-22.65,-26.78,0.05,9.11,7.36,5.22,5.22,42
1159,1159.01,-22.64,-26.74,0.05,8.37,6.47,5.70,5.70,42
1160,1160.00,-22.64,-26.69,0.05,7.72,5.68,6.28,5.68,42
1161,1161.00,-22.63,-26.64,0.05,7.16,4.94,6.66,4.94,42
1162,1162.00,-22.63,-26.59,0.05,6.67,4.28,5.96,4.28,42
1163,1163.00,-22.62,-26.54,0.05,6.29,3.82,5.12,3.82,42
1164,1164.00,-22.62,-26.49,0.05,6.06,3.62,4.08,3.62,42
1165,1165.01,-22.59,-26.27,0.22,5.82,3.74,3.02,3.02,42
1166,1166.01,-22.70,-25.72,0.55,5.41,4.04,1.88,1.88,42
1167,1167.01,-22.71,-25.68,0.04,5.63,4.46,1.56,1.56,42
1168,1168.00,-22.70,-25.66,0.02,6.03,5.04,2.00,2.00,42
1169,1169.00,-22.73,-25.58,0.09,6.46,5.69,2.63,2.63,42
1170,1170.02,-22.87,-25.67,0.17,7.11,6.62,3.17,3.17,42
1171,1171.00,-22.87,-25.66,0.00,7.83,7.39,3.86,3.86,42
1172,1172.00,-22.65,-25.24,0.48,6.83,7.78,4.46,4.46,42
1173,1173.00,-22.64,-24.96,0.28,5.92,8.44,5.09,5.09,42
1174,1174.00,-22.71,-24.90,0.10,5.27,9.28,5.81,5.27,42
1175,1175.00,-23.11,-24.81,0.41,4.76,10.28,5.50,4.76,42
1176,1176.01,-23.71,-24.50,0.67,4.54,11.19,4.22,4.22,42
1177,1177.00,-24.27,-24.04,0.73,4.75,11.98,3.17,3.17,42
1178,1178.00,-24.77,-23.57,0.69,5.46,12.74,2.80,2.80,42
1179,1179.01,-25.24,-23.10,0.66,6.49,13.43,3.29,3.29,42
1180,1180.00,-25.70,-22.57,0.70,7.66,14.01,4.40,4.40,42
1181,1181.00,-26.12,-22.11,0.63,8.98,13.09,5.75,5.75,42
1182,1182.01,-26.36,-21.86,0.34,10.21,12.27,6.93,6.93,42
1183,1183.00,-26.50,-21.74,0.19,11.28,11.53,8.04,8.04,43
1184,1184.00,-26.72,-21.48,0.34,12.53,10.82,9.24,9.24,43
1185,1185.00,-26.92,-20.90,0.61,13.57,10.03,10.66,10.03,43
1186,1186.00,-26.87,-20.25,0.65,12.65,9.25,11.49,9.25,43
1187,1187.01,-26.68,-19.98,0.32,11.58,8.59,10.75,8.59,43
1188,1188.00,-26.49,-19.95,0.20,10.38,8.15,9.69,8.15,44
1189,1189.00,-25.82,-19.88,0.67,8.77,7.35,8.20,7.35,44
1190,1190.00,-25.16,-19.94,0.66,7.11,6.69,6.57,6.57,44
1191,1191.00,-24.99,-19.98,0.18,5.93,6.64,5.50,5.50,44
1192,1192.01,-24.60,-20.17,0.43,4.56,6.49,4.38,4.38,44
1193,1193.01,-23.99,-20.36,0.64,2.93,6.23,3.69,2.93,44
1194,1194.00,-23.32,-20.29,0.67,1.33,6.30,3.96,1.33,44
1195,1195.00,-22.96,-20.24,0.37,0.26,6.76,4.47,0.26,44
1196,1196.02,-23.08,-20.36,0.17,1.05,7.44,3.80,1.05,44
1197,1197.00,-22.92,-20.16,0.27,2.04,6.75,3.50,2.04,44
1198,1198.00,-22.49,-19.77,0.57,3.28,6.06,3.70,3.28,44
1199,1199.00,-22.25,-19.64,0.28,4.10,5.31,3.81,3.81,44
1200,1200.00,-21.59,-19.61,0.66,3.74,4.22,4.26,3.74,44
1201,1201.00,-20.90,-19.61,0.69,3.45,3.07,4.11,3.07,44
1202,1202.01,-20.20,-19.59,0.69,3.28,1.99,4.05,1.99,44
1203,1203.00,-19.52,-19.52,0.69,3.09,1.06,4.04,1.06,44
1204,1204.00,-19.20,-19.45,0.33,2.60,1.11,3.82,1.11,44
1205,1205.00,-19.13,-19.38,0.10,2.06,1.87,3.61,1.87,44
1206,1206.01,-19.11,-19.35,0.03,1.88,2.82,3.54,1.88,44
1207,1207.01,-18.81,-19.17,0.35,2.30,3.54,3.95,2.30,44
1208,1208.03,-18.17,-18.92,0.68,2.92,4.26,4.57,2.92,44
1209,1209.00,-17.83,-18.83,0.36,3.44,5.15,5.02,3.44,44
1210,1210.00,-17.83,-18.83,0.00,4.08,6.13,5.54,4.08,44
1211,1211.00,-17.83,-18.83,0.00,4.87,7.18,6.01,4.87,44
1212,1212.01,-17.83,-18.83,0.00,5.75,8.00,5.83,5.75,44
1213,1213.01,-17.83,-18.83,0.00,6.06,6.97,5.68,5.68,44
1214,1214.00,-17.54,-18.98,0.33,4.87,6.18,5.62,4.87,44
1215,1215.00,-17.13,-19.14,0.44,3.76,5.39,6.01,3.76,44
1216,1216.00,-16.72,-19.15,0.41,3.11,4.65,6.91,3.11,44
1217,1217.00,-16.46,-18.95,0.32,3.16,3.62,8.08,3.16,45
1218,1218.03,-16.84,-19.31,0.51,2.79,2.88,8.43,2.79,45
1219,1219.00,-17.44,-19.47,0.64,2.64,1.90,8.57,1.90,45
1220,1220.01,-18.20,-19.50,0.76,2.56,0.76,8.51,0.76,45
1221,1221.00,-18.82,-19.62,0.64,2.62,0.39,7.74,0.39,45
1222,1222.00,-19.46,-19.77,0.66,2.76,1.37,6.80,1.37,45
1223,1223.00,-20.16,-19.87,0.70,2.99,2.38,5.92,2.38,45
1224,1224.00,-20.80,-19.79,0.65,3.25,3.68,5.23,3.25,45
1225,1225.01,-21.45,-19.78,0.65,3.56,4.81,4.38,3.56,45
1226,1226.01,-22.12,-19.93,0.68,3.96,5.83,2.88,2.88,45
1227,1227.00,-22.79,-20.09,0.70,3.46,6.81,1.48,1.48,45
1228,1228.03,-23.45,-20.23,0.65,1.96,7.71,1.07,1.07,45
1229,1229.01,-23.78,-20.27,0.34,0.82,7.15,2.08,0.82,45
1230,1230.00,-23.84,-20.29,0.06,0.72,6.57,3.11,0.72,45
1231,1231.00,-23.87,-20.27,0.04,1.57,6.11,4.08,1.57,45
1232,1232.00,-23.83,-20.26,0.04,2.45,5.70,5.07,2.45,45
1233,1233.01,-23.85,-20.27,0.02,3.43,5.44,6.03,3.43,45
1234,1234.00,-23.85,-20.28,0.01,4.43,5.34,7.01,4.43,45
1235,1235.01,-23.79,-20.30,0.07,5.37,5.36,7.89,5.36,45
1236,1236.00,-23.75,-20.25,0.06,6.34,5.59,8.72,5.59,45
1237,1237.01,-23.76,-20.23,0.03,7.32,5.99,8.15,5.99,45
1238,1238.01,-23.76,-20.20,0.03,8.35,6.50,7.37,6.50,45
1239,1239.01,-23.75,-20.18,0.02,9.30,7.11,6.42,6.42,45
1240,1240.00,-23.75,-20.18,0.01,10.33,7.83,5.52,5.52,45
1241,1241.00,-23.74,-20.18,0.00,10.22,8.62,4.69,4.69,45
1242,1242.00,-23.74,-20.18,0.00,9.23,9.40,4.14,4.14,45
1243,1243.01,-23.75,-20.17,0.01,8.25,10.28,3.88,3.88,45
1244,1244.00,-23.75,-20.18,0.01,7.23,10.93,3.93,3.93,45
1245,1245.01,-23.76,-20.18,0.01,6.26,10.05,4.10,4.10,45
1246,1246.00,-23.79,-20.18,0.03,5.29,9.27,3.56,3.56,45
1247,1247.00,-23.91,-20.19,0.12,4.40,8.52,2.79,2.79,45
1248,1248.01,-24.04,-20.20,0.13,3.57,7.86,2.14,2.14,46
1249,1249.01,-23.82,-20.14,0.23,2.36,7.00,2.20,2.20,46
1250,1250.00,-23.22,-19.78,0.70,0.87,5.68,2.67,0.87,46
1251,1251.01,-22.72,-19.34,0.67,0.80,4.58,2.50,0.80,46
1252,1252.03,-22.58,-19.11,0.25,1.71,4.16,2.29,1.71,46
1253,1253.01,-22.50,-18.83,0.30,2.70,4.14,2.53,2.53,46
1254,1254.00,-22.47,-18.75,0.09,3.66,4.46,2.95,2.95,47
1255,1255.01,-22.50,-19.19,0.44,3.34,4.74,3.16,3.16,47
1256,1256.00,-22.37,-19.87,0.70,2.58,4.76,3.24,2.58,47
1257,1257.00,-22.23,-20.54,0.68,1.95,4.79,3.56,1.95,47
1258,1258.00,-22.16,-21.16,0.63,1.52,4.91,4.10,1.52,47
1259,1259.01,-22.08,-21.52,0.36,1.24,5.30,4.79,1.24,47
1260,1260.00,-21.95,-22.04,0.54,1.63,5.32,5.46,1.63,47
1261,1261.01,-21.92,-22.75,0.70,2.48,4.08,6.62,2.48,47
1262,1262.00,-21.97,-23.18,0.43,3.25,3.43,5.34,3.25,47
1263,1263.00,-22.01,-23.37,0.20,4.04,3.30,4.42,3.30,48
1264,1264.00,-21.94,-23.08,0.30,4.63,3.37,3.39,3.37,48
1265,1265.00,-22.05,-22.52,0.57,5.53,3.62,2.72,2.72,48
1266,1266.00,-22.18,-22.33,0.24,6.59,4.09,2.10,2.10,48
1267,1267.00,-22.61,-22.22,0.44,8.01,4.92,1.92,1.92,48
1268,1268.01,-23.03,-22.18,0.42,9.42,5.86,1.98,1.98,48
1269,1269.01,-23.17,-22.23,0.15,9.04,6.68,2.31,2.31,48
1270,1270.00,-23.66,-22.35,0.51,8.53,7.86,2.35,2.35,48
1271,1271.01,-24.07,-22.37,0.41,7.98,8.95,1.85,1.85,48
1272,1272.00,-24.28,-22.18,0.29,7.26,9.71,1.53,1.53,48
1273,1273.00,-24.30,-22.39,0.21,6.36,10.74,1.95,1.95,49
1274,1274.00,-24.44,-23.01,0.63,5.79,12.22,3.15,3.15,49
1275,1275.00,-24.68,-23.58,0.61,5.45,13.71,3.89,3.89,49
1276,1276.01,-24.91,-24.07,0.54,5.32,14.81,3.71,3.71,49
1277,1277.00,-25.25,-24.51,0.56,5.43,14.49,3.87,3.87,49
1278,1278.00,-25.67,-24.83,0.53,5.64,14.15,4.32,4.32,49
1279,1279.01,-26.12,-24.84,0.45,5.69,13.51,4.88,4.88,49
1280,1280.00,-26.28,-24.53,0.35,5.42,12.53,5.35,5.35,49
1281,1281.01,-26.28,-24.48,0.05,5.47,11.69,6.01,5.47,50
1282,1282.01,-26.00,-24.88,0.49,6.16,11.03,6.56,6.16,50
1283,1283.00,-25.70,-24.91,0.30,5.92,10.11,7.07,5.92,50
1284,1284.00,-25.07,-24.88,0.63,5.56,8.94,7.21,5.56,50
1285,1285.00,-24.48,-24.66,0.64,5.04,7.64,7.48,5.04,50
1286,1286.01,-23.89,-24.30,0.68,4.41,6.35,7.66,4.41,50
1287,1287.00,-23.47,-23.89,0.59,3.87,5.28,6.71,3.87,50
1288,1288.00,-23.41,-23.77,0.13,3.93,4.85,5.74,3.93,50
1289,1289.00,-23.37,-23.70,0.09,4.26,4.63,4.63,4.26,50
1290,1290.00,-23.33,-23.61,0.10,4.78,4.66,3.39,3.39,50
1291,1291.00,-23.24,-23.31,0.31,5.34,4.98,2.22,2.22,50
1292,1292.00,-22.87,-22.79,0.64,5.65,5.29,1.41,1.41,50
1293,1293.00,-22.51,-22.59,0.41,6.21,4.62,1.85,1.85,50
1294,1294.01,-22.19,-22.75,0.36,6.84,3.78,2.71,2.71,51
1295,1295.00,-22.09,-22.82,0.12,7.64,3.44,3.48,3.44,51
1296,1296.00,-22.23,-22.53,0.32,8.71,3.61,3.53,3.53,51
1297,1297.00,-22.17,-22.32,0.22,7.80,3.71,3.64,3.64,51
1298,1298.01,-21.81,-21.95,0.51,6.49,3.60,4.14,3.60,51
1299,1299.01,-21.44,-21.68,0.46,5.23,3.71,4.75,3.71,51
1300,1300.00,-21.42,-21.66,0.03,4.22,4.35,4.87,4.22,51
1301,1301.02,-21.48,-21.66,0.06,3.34,5.17,3.87,3.34,51
1302,1302.00,-21.59,-21.65,0.12,2.52,6.06,2.79,2.52,51
1303,1303.00,-21.56,-21.63,0.04,1.64,6.93,1.82,1.64,51
1304,1304.00,-21.47,-21.55,0.12,1.01,7.75,0.96,0.96,51
1305,1305.01,-21.42,-21.48,0.08,1.23,8.57,0.62,0.62,51
1306,1306.00,-21.22,-21.35,0.23,2.05,9.38,1.32,1.32,51
1307,1307.01,-21.18,-21.40,0.06,3.08,10.34,2.15,2.15,51
1308,1308.01,-21.17,-21.41,0.01,4.04,10.90,3.05,3.05,51
1309,1309.01,-21.17,-21.41,0.00,5.03,9.94,4.00,4.00,51
1310,1310.00,-21.17,-21.41,0.00,5.80,8.96,4.95,4.95,51
1311,1311.01,-21.17,-21.41,0.00,4.85,7.98,5.88,4.85,51
1312,1312.00,-21.17,-21.41,0.00,3.90,7.05,5.46,3.90,51
1313,1313.00,-21.17,-21.41,0.00,2.89,6.12,4.70,2.89,51
1314,1314.01,-21.17,-21.41,0.00,1.98,5.27,3.90,1.98,51
1315,1315.01,-21.17,-21.41,0.00,1.11,4.42,3.19,1.11,51
1316,1316.00,-21.17,-21.41,0.00,0.77,3.68,2.84,0.77,51
1317,1317.00,-21.17,-21.41,0.00,1.40,3.06,3.02,1.40,51
1318,1318.01,-21.17,-21.41,0.00,2.25,2.68,3.57,2.25,51
1319,1319.01,-21.17,-21.41,0.00,3.23,2.63,4.27,2.63,51
1320,1320.00,-21.17,-21.41,0.00,4.22,2.95,4.87,2.95,51
1321,1321.00,-21.17,-21.41,0.00,5.16,3.46,4.91,3.46,51
1322,1322.00,-21.17,-21.41,0.00,6.14,4.18,4.73,4.18,51
1323,1323.00,-21.17,-21.41,0.00,7.16,4.99,4.73,4.73,51
1324,1324.01,-21.17,-21.41,0.00,7.72,5.42,4.93,4.93,51
1325,1325.02,-21.17,-21.41,0.00,6.77,4.58,5.12,4.58,51
1326,1326.00,-21.17,-21.41,0.00,5.76,3.80,4.12,3.80,51
1327,1327.00,-21.17,-21.41,0.00,4.74,3.16,3.17,3.16,51
1328,1328.00,-21.17,-21.41,0.00,3.77,2.75,2.24,2.24,51
1329,1329.01,-21.17,-21.41,0.00,2.80,2.61,1.33,1.33,51
1330,1330.00,-21.17,-21.41,0.00,1.90,2.84,0.79,0.79,51
1331,1331.01,-21.17,-21.41,0.00,1.07,3.33,1.20,1.07,51
1332,1332.00,-21.17,-21.41,0.00,0.78,4.03,2.09,0.78,51
1333,1333.01,-21.17,-21.41,0.00,1.45,4.84,2.98,1.45,51
1334,1334.00,-21.17,-21.41,0.00,2.35,5.72,3.95,2.35,51
1335,1335.01,-21.17,-21.41,0.00,3.32,6.58,4.93,3.32,51
1336,1336.00,-21.17,-21.41,0.00,4.25,7.53,5.90,4.25,51
1337,1337.00,-21.17,-21.41,0.00,5.23,8.50,5.46,5.23,51
1338,1338.01,-21.17,-21.41,0.00,5.63,9.45,4.76,4.76,51
1339,1339.00,-21.17,-21.41,0.00,4.62,10.42,3.92,3.92,51
1340,1340.00,-21.17,-21.41,0.00,3.66,10.85,3.23,3.23,51
1341,1341.00,-21.17,-21.41,0.00,2.72,9.85,2.85,2.72,51
1342,1342.00,-21.17,-21.41,0.00,1.77,8.90,2.99,1.77,51
1343,1343.00,-21.17,-21.41,0.00,0.95,7.96,3.55,0.95,51
1344,1344.00,-21.17,-21.41,0.00,0.84,7.03,4.25,0.84,51
1345,1345.00,-21.17,-21.41,0.00,1.58,6.14,4.85,1.58,51
1346,1347.62,-19.53,-22.09,0.68,2.37,3.64,6.32,2.37,51
1347,1347.63,-19.53,-22.09,0.00,2.37,3.64,6.32,2.37,51
1348,1348.01,-19.53,-22.09,0.00,2.69,3.26,6.40,2.69,51
1349,1349.00,-19.53,-22.09,0.00,3.66,2.34,6.68,2.34,51
1350,1350.00,-19.53,-22.09,0.00,4.67,1.49,6.93,1.49,51
1351,1351.00,-19.53,-22.09,0.00,5.61,0.94,5.91,0.94,51
1352,1352.01,-19.41,-22.14,0.13,5.67,1.10,5.10,1.10,51
1353,1353.00,-19.43,-22.11,0.04,4.69,1.99,4.08,1.99,51
1354,1354.00,-19.13,-22.57,0.55,3.36,2.35,3.54,2.35,51
1355,1355.01,-19.03,-23.13,0.57,2.52,2.80,2.86,2.52,51
1356,1356.00,-19.12,-23.45,0.33,2.16,2.86,1.85,1.85,51
1357,1357.00,-19.22,-23.62,0.20,2.17,1.70,0.94,0.94,51
1358,1358.01,-19.38,-23.79,0.22,2.57,0.82,0.63,0.63,51
1359,1359.00,-19.70,-24.27,0.59,3.49,1.36,1.73,1.36,51
1360,1360.00,-19.81,-24.45,0.21,4.19,2.41,2.69,2.41,52
1361,1361.00,-19.84,-24.41,0.04,4.88,3.27,3.57,3.27,52
1362,1362.00,-19.73,-25.05,0.64,6.23,4.84,3.08,3.08,52
1363,1363.00,-19.65,-25.72,0.68,7.65,6.43,2.39,2.39,52
1364,1364.00,-19.77,-26.31,0.60,8.89,8.05,2.20,2.20,52
1365,1365.00,-19.88,-26.49,0.21,9.80,9.18,2.13,2.13,52
1366,1366.01,-19.85,-25.87,0.61,9.24,9.56,2.00,2.00,52
1367,1367.00,-19.82,-25.84,0.05,8.41,10.55,3.01,3.01,52
1368,1368.01,-19.70,-26.34,0.51,8.06,11.96,4.36,4.36,52
1369,1369.00,-19.73,-26.89,0.55,7.78,13.52,5.53,5.53,52
1370,1370.01,-19.72,-26.63,0.25,6.88,14.28,6.18,6.18,52
1371,1371.01,-19.81,-26.03,0.60,5.65,14.72,6.39,5.65,52
1372,1372.00,-20.14,-25.47,0.66,4.58,14.57,6.40,4.58,52
1373,1373.00,-19.98,-25.73,0.31,4.52,13.89,7.26,4.52,52
1374,1374.01,-19.86,-26.29,0.57,4.91,13.29,8.45,4.91,52
1375,1375.00,-20.06,-26.88,0.63,5.56,12.93,9.28,5.56,52
1376,1376.00,-20.33,-27.35,0.54,6.30,12.48,8.64,6.30,52
1377,1377.01,-20.16,-26.96,0.43,6.23,11.06,7.51,6.23,52
1378,1378.00,-20.13,-26.40,0.57,6.40,9.49,6.21,6.21,52
1379,1379.00,-20.33,-25.74,0.69,6.96,7.90,4.70,4.70,52
1380,1380.00,-20.44,-25.59,0.19,6.77,6.85,3.77,3.77,52
1381,1381.00,-20.30,-26.12,0.55,6.22,6.36,3.69,3.69,52
1382,1382.01,-20.46,-26.70,0.60,6.15,5.97,3.84,3.84,52
1383,1383.01,-20.84,-27.25,0.66,6.43,5.66,4.34,4.34,52
1384,1384.02,-20.85,-27.27,0.02,6.22,4.80,4.49,4.49,52
1385,1385.01,-20.82,-27.24,0.03,6.12,3.85,4.77,3.85,52
1386,1386.00,-20.64,-26.97,0.33,5.91,2.70,4.95,2.70,52
1387,1387.01,-20.64,-26.97,0.01,6.16,1.99,4.66,1.99,52
1388,1388.01,-20.48,-26.44,0.56,6.06,1.52,3.52,1.52,52
1389,1389.00,-20.47,-25.94,0.49,6.15,1.74,2.43,1.74,52
1390,1390.01,-20.49,-25.90,0.05,6.76,2.35,1.70,1.70,52
1391,1391.02,-20.51,-25.85,0.05,7.46,3.11,1.67,1.67,52
1392,1392.01,-20.53,-25.80,0.05,8.21,3.97,2.36,2.36,52
1393,1393.00,-20.54,-25.77,0.03,8.99,4.89,3.35,3.35,52
1394,1394.00,-20.44,-26.27,0.51,9.00,6.25,4.57,4.57,52
1395,1395.00,-20.59,-26.82,0.58,8.61,7.80,5.48,5.48,52
1396,1396.02,-20.95,-27.39,0.65,8.29,9.38,6.09,6.09,52
1397,1397.02,-20.91,-27.32,0.08,7.64,10.17,6.83,6.83,52
1398,1398.01,-20.78,-26.78,0.56,6.59,10.67,7.33,6.59,52
1399,1399.00,-20.92,-26.16,0.64,5.51,11.11,7.56,5.51,52
1400,1400.02,-21.28,-25.55,0.69,4.72,11.62,7.48,4.72,52
1401,1401.00,-21.74,-25.08,0.68,4.53,12.25,5.98,4.53,52
1402,1402.01,-22.28,-24.80,0.60,5.09,13.13,4.62,4.62,52
1403,1403.00,-22.49,-24.67,0.25,5.78,13.94,3.69,3.69,52
1404,1404.01,-22.59,-24.69,0.10,6.59,14.33,3.14,3.14,52
1405,1405.00,-23.14,-24.97,0.62,7.99,13.78,3.28,3.28,52
1406,1406.02,-23.71,-25.20,0.61,9.45,13.30,3.99,3.99,52
1407,1407.01,-24.23,-25.38,0.56,10.80,12.78,4.99,4.99,52
1408,1408.01,-24.71,-25.38,0.47,10.63,12.11,6.05,6.05,52
1409,1409.00,-24.84,-25.18,0.24,9.90,11.19,6.87,6.87,53
1410,1410.01,-24.51,-25.42,0.41,8.84,10.35,7.36,7.36,53
1411,1411.01,-23.98,-25.88,0.70,7.87,9.56,7.75,7.75,53
1412,1412.00,-23.47,-26.37,0.71,7.13,8.84,7.06,7.06,53
1413,1413.00,-22.95,-26.86,0.71,6.74,8.11,5.98,5.98,53
1414,1414.01,-22.59,-27.33,0.59,6.81,7.45,4.98,4.98,53
1415,1415.01,-22.60,-27.20,0.13,6.71,6.50,4.07,4.07,53
1416,1416.00,-22.54,-26.60,0.61,6.25,5.22,2.82,2.82,53
1417,1417.01,-22.30,-25.99,0.66,5.94,4.05,1.82,1.82,53
1418,1418.00,-22.09,-25.43,0.60,5.90,3.27,1.84,1.84,53
1419,1419.00,-22.11,-25.85,0.42,6.90,3.17,2.92,2.92,53
1420,1420.00,-22.16,-25.30,0.55,7.09,3.33,3.31,3.31,53
1421,1421.01,-22.16,-24.78,0.51,7.43,3.32,3.70,3.32,53
1422,1422.00,-22.04,-24.11,0.69,6.13,3.27,4.04,3.27,53
1423,1423.00,-21.83,-23.41,0.72,4.90,3.15,4.43,3.15,53
1424,1424.01,-21.49,-23.02,0.52,3.96,2.98,5.08,2.98,53
1425,1425.01,-21.44,-22.91,0.12,3.14,3.33,5.59,3.14,53
1426,1426.00,-21.13,-23.00,0.32,2.72,3.77,5.00,2.72,53
1427,1427.01,-20.58,-23.06,0.56,2.35,4.33,4.53,2.35,53
1428,1428.00,-19.98,-22.78,0.66,1.73,4.73,3.92,1.73,53
1429,1429.00,-19.43,-22.33,0.71,1.04,5.13,3.34,1.04,53
1430,1430.00,-19.13,-22.11,0.37,1.11,5.87,2.61,1.11,53
1431,1431.01,-18.88,-22.05,0.26,1.74,6.76,2.04,1.74,53
1432,1432.00,-19.18,-21.65,0.50,3.10,7.41,1.45,1.45,53
1433,1433.00,-19.35,-21.36,0.33,4.29,8.11,1.94,1.94,53
1434,1434.00,-19.29,-21.01,0.36,5.34,8.77,2.88,2.88,53
1435,1435.00,-18.85,-20.53,0.66,6.01,9.23,3.91,3.91,53
1436,1436.02,-18.30,-20.09,0.68,4.79,8.92,4.82,4.79,53
1437,1437.00,-17.74,-19.68,0.71,3.81,7.52,5.06,3.81,53
1438,1438.00,-17.19,-19.28,0.68,3.17,6.16,5.27,3.17,53
1439,1439.00,-16.58,-18.93,0.70,3.16,5.00,5.83,3.16,53
1440,1440.01,-16.00,-18.69,0.63,3.73,4.19,6.72,3.73,53
1441,1441.01,-15.31,-18.62,0.69,4.73,3.86,7.93,3.86,53
1442,1442.00,-14.70,-18.79,0.64,5.83,3.99,9.19,3.99,53
1443,1443.01,-14.31,-19.10,0.49,6.89,4.20,10.25,4.20,53
1444,1444.00,-14.20,-19.25,0.19,7.83,4.25,11.17,4.25,53
1445,1445.00,-14.16,-19.32,0.07,8.78,4.41,11.94,4.41,53
1446,1446.00,-14.15,-19.34,0.03,9.69,4.76,12.25,4.76,53
1447,1447.00,-14.14,-19.35,0.01,10.62,5.24,12.09,5.24,53
1448,1448.00,-14.14,-19.35,0.01,11.52,5.89,11.95,5.89,53
1449,1449.00,-14.14,-19.38,0.02,12.13,6.62,11.90,6.62,53
1450,1450.00,-14.15,-19.40,0.03,11.15,7.29,11.92,7.29,53
1451,1451.01,-14.22,-19.46,0.09,10.17,8.06,11.15,8.06,54
1452,1452.00,-14.08,-18.99,0.50,9.45,8.68,10.54,8.68,54
1453,1453.02,-14.08,-19.10,0.11,8.54,7.82,9.71,7.82,54
1454,1454.00,-13.98,-18.63,0.48,7.83,7.35,9.21,7.35,54
1455,1455.00,-13.98,-18.56,0.07,7.02,6.62,8.54,6.62,54
1456,1456.00,-14.03,-18.04,0.52,6.49,6.21,8.16,6.21,54
1457,1457.00,-14.02,-18.07,0.03,5.85,5.51,7.65,5.51,54
1458,1458.00,-14.04,-17.95,0.12,5.44,5.02,7.34,5.02,54
1459,1459.00,-14.06,-17.88,0.07,5.15,4.61,7.13,4.61,54
1460,1460.00,-14.10,-18.06,0.18,4.82,4.32,6.83,4.32,54
1461,1461.00,-14.20,-18.40,0.36,4.52,4.31,6.50,4.31,54
1462,1462.00,-14.50,-18.76,0.47,4.44,4.55,6.19,4.44,54
1463,1463.01,-14.98,-18.96,0.51,4.53,4.95,6.08,4.53,54
1464,1464.00,-15.60,-18.91,0.63,4.14,5.33,6.22,4.14,54
1465,1465.00,-16.22,-18.62,0.69,4.05,5.67,6.67,4.05,54
1466,1466.00,-16.81,-18.30,0.67,3.99,6.13,7.18,3.99,54
1467,1467.02,-17.42,-18.05,0.65,3.90,6.77,7.69,3.90,54
1468,1468.00,-18.10,-17.91,0.70,3.70,6.67,8.06,3.70,54
1469,1469.00,-18.83,-17.80,0.74,3.50,5.62,8.27,3.50,54
1470,1470.01,-19.47,-17.67,0.66,3.36,4.65,8.46,3.36,54
1471,1471.01,-20.15,-17.55,0.68,3.22,3.85,8.19,3.22,54
1472,1472.00,-20.88,-17.49,0.74,3.05,3.45,7.12,3.05,54
1473,1473.01,-21.53,-17.51,0.65,2.89,3.48,6.03,2.89,54
1474,1474.00,-22.22,-17.59,0.70,2.69,3.89,4.88,2.69,54
1475,1475.00,-22.81,-17.72,0.60,2.63,4.43,3.82,2.63,54
1476,1476.02,-23.13,-17.83,0.34,2.95,4.88,3.27,2.95,54
1477,1477.01,-23.31,-17.90,0.19,2.88,5.34,2.98,2.88,55
1478,1478.00,-22.83,-17.77,0.50,2.67,5.47,3.38,2.67,55
1479,1479.01,-22.22,-17.87,0.61,2.58,5.64,3.67,2.58,55
1480,1480.01,-21.65,-18.13,0.62,2.38,5.83,3.79,2.38,55
1481,1481.00,-21.13,-18.53,0.66,2.04,6.10,3.86,2.04,55
1482,1482.00,-21.00,-18.86,0.35,1.71,6.54,4.08,1.71,55
1483,1483.01,-21.06,-19.06,0.21,1.88,7.36,4.60,1.88,56
1484,1484.01,-21.10,-19.19,0.13,2.55,7.32,5.28,2.55,56
1485,1485.00,-21.42,-19.76,0.65,3.31,5.94,5.88,3.31,56
1486,1486.00,-21.84,-20.33,0.71,4.43,4.88,6.80,4.43,56
1487,1487.00,-22.13,-20.66,0.43,5.62,4.26,6.89,4.26,56
1488,1488.00,-21.59,-20.22,0.69,6.24,3.56,6.09,3.56,56
1489,1489.02,-20.98,-19.89,0.69,6.81,2.76,5.27,2.76,56
1490,1490.01,-20.33,-19.65,0.70,7.37,1.91,4.80,1.91,56
1491,1491.00,-19.67,-19.44,0.70,6.84,1.24,4.97,1.24,56
1492,1492.00,-19.44,-19.36,0.24,5.72,1.55,5.46,1.55,56
1493,1493.00,-19.22,-19.25,0.24,4.73,2.20,6.27,2.20,56
1494,1494.00,-19.08,-19.28,0.14,3.70,3.16,7.00,3.16,56
1495,1495.01,-18.78,-19.59,0.43,2.49,4.42,7.67,2.49,56
1496,1496.00,-18.83,-19.53,0.08,2.01,5.32,7.97,2.01,56
1497,1497.01,-19.03,-19.09,0.48,2.17,5.93,7.65,2.17,56
1498,1498.00,-18.99,-19.49,0.41,2.03,7.34,7.22,2.03,56
1499,1499.02,-18.95,-18.86,0.62,3.01,7.67,7.26,3.01,56
1500,1500.00,-18.99,-18.75,0.12,3.66,7.51,7.14,3.66,56
1501,1501.00,-19.08,-18.92,0.19,4.35,6.71,6.49,4.35,56
1502,1502.00,-18.78,-18.31,0.68,5.62,5.04,6.24,5.04,56
1503,1503.02,-18.81,-18.32,0.03,6.42,4.10,5.59,4.10,56
1504,1504.00,-18.91,-18.49,0.21,7.21,3.28,4.89,3.28,56
1505,1505.00,-18.85,-18.24,0.26,7.02,2.01,4.77,2.01,56
1506,1506.00,-18.68,-17.95,0.34,6.34,0.75,4.99,0.75,56
1507,1507.00,-19.28,-18.08,0.61,4.95,0.89,4.78,0.89,56
1508,1508.00,-19.62,-18.30,0.41,3.82,1.50,4.93,1.50,56
1509,1509.00,-19.67,-18.35,0.07,3.13,2.21,5.42,2.21,56
1510,1510.01,-19.69,-18.45,0.09,2.63,2.99,6.04,2.63,56
1511,1511.00,-19.63,-18.55,0.12,2.47,3.82,6.68,2.47,56
1512,1512.00,-19.37,-18.98,0.50,2.29,4.32,6.33,2.29,56
1513,1513.00,-18.79,-19.20,0.62,2.46,5.00,5.58,2.46,56
1514,1514.01,-18.21,-19.45,0.64,2.60,5.77,5.02,2.60,56
1515,1515.00,-17.58,-19.82,0.73,2.68,6.47,4.92,2.68,56
1516,1516.01,-17.00,-20.16,0.67,2.83,6.29,5.53,2.83,56
1517,1517.00,-16.67,-20.38,0.40,3.30,5.17,6.47,3.30,56
1518,1518.00,-16.87,-20.29,0.22,4.40,4.24,7.31,4.24,56
1519,1519.01,-16.77,-20.30,0.10,3.87,3.38,8.32,3.38,56
1520,1520.00,-16.85,-20.27,0.09,3.05,2.54,9.00,2.54,56
1521,1521.00,-16.85,-20.26,0.01,2.35,1.92,9.42,1.92,56
1522,1522.00,-17.52,-20.27,0.67,1.92,0.99,8.62,0.99,56
1523,1523.01,-17.74,-20.36,0.24,1.43,1.43,8.24,1.43,56
1524,1524.01,-18.15,-20.72,0.54,1.02,2.58,7.82,1.02,56
1525,1525.01,-18.20,-20.89,0.18,1.62,3.72,7.93,1.62,56
1526,1526.01,-18.25,-21.04,0.16,2.46,4.89,7.29,2.46,56
1527,1527.00,-18.16,-21.43,0.40,3.66,6.26,6.51,3.66,56
1528,1528.01,-17.93,-21.95,0.57,5.01,7.80,5.85,5.01,56
1529,1529.00,-17.80,-22.24,0.32,6.26,9.05,5.12,5.12,56
1530,1530.01,-17.66,-22.48,0.28,7.47,10.33,4.31,4.31,56
1531,1531.00,-17.42,-22.72,0.35,8.73,11.55,3.66,3.66,56
1532,1532.00,-17.03,-23.23,0.64,10.29,11.92,3.18,3.18,56
1533,1533.00,-16.88,-23.78,0.57,9.97,11.54,2.42,2.42,56
1534,1534.01,-16.87,-24.38,0.59,9.29,11.12,1.68,1.68,56
1535,1535.00,-17.01,-24.66,0.31,8.43,10.38,0.79,0.79,56
1536,1536.00,-17.05,-24.69,0.06,7.45,9.46,0.53,0.53,57
1537,1537.00,-17.45,-24.99,0.49,6.48,8.68,1.07,1.07,57
1538,1538.00,-18.00,-25.11,0.57,5.35,7.81,0.94,0.94,57
1539,1539.01,-18.59,-24.97,0.60,4.20,6.66,0.60,0.60,57
1540,1540.01,-19.20,-24.62,0.70,3.27,5.40,0.31,0.31,57
1541,1541.00,-19.69,-24.30,0.59,3.02,4.19,0.91,0.91,57
1542,1542.01,-19.96,-24.12,0.32,3.41,3.15,1.94,1.94,57
1543,1543.00,-20.20,-23.96,0.29,4.20,2.31,2.84,2.31,57
1544,1544.00,-19.85,-24.27,0.47,4.72,1.55,4.27,1.55,57
1545,1545.00,-19.71,-24.43,0.21,5.42,0.96,5.35,0.96,57
1546,1546.01,-19.59,-24.66,0.26,6.14,0.91,6.07,0.91,57
1547,1547.00,-19.41,-25.08,0.47,5.41,1.21,6.74,1.21,57
1548,1548.01,-19.42,-24.93,0.15,4.63,1.19,7.09,1.19,57
1549,1549.00,-19.63,-24.28,0.69,3.87,1.05,7.21,1.05,57
1550,1550.00,-19.60,-24.51,0.24,3.44,0.97,7.96,0.97,57
1551,1551.00,-19.73,-24.97,0.47,3.62,2.19,7.58,2.19,57
1552,1552.01,-20.14,-25.49,0.66,4.25,3.73,6.67,3.73,57
1553,1553.01,-20.56,-25.82,0.54,4.83,5.16,5.80,4.83,57
1554,1554.00,-20.25,-25.36,0.56,4.71,5.55,4.71,4.71,57
1555,1555.00,-20.12,-24.69,0.68,4.68,5.83,3.39,3.39,57
1556,1556.00,-20.12,-24.41,0.28,5.12,6.56,2.29,2.29,57
1557,1557.00,-20.23,-25.00,0.60,6.34,8.11,2.25,2.25,57
1558,1558.00,-20.63,-25.63,0.74,7.47,9.81,2.79,2.79,57
1559,1559.01,-20.72,-25.64,0.09,8.22,10.78,3.10,3.10,57
1560,1560.01,-20.75,-25.17,0.47,8.53,11.34,3.44,3.44,57
1561,1561.01,-20.81,-25.15,0.06,7.65,12.33,4.27,4.27,57
1562,1562.00,-21.20,-24.95,0.44,6.47,13.17,4.81,4.81,57
1563,1563.01,-21.73,-24.60,0.63,5.22,13.99,4.53,4.53,57
1564,1564.00,-21.68,-24.70,0.11,4.73,13.81,3.53,3.53,57
1565,1565.00,-21.71,-24.67,0.05,4.26,12.78,2.39,2.39,57
1566,1566.01,-21.83,-24.48,0.22,3.88,11.71,1.32,1.32,57
1567,1567.00,-21.57,-24.64,0.31,3.95,10.80,0.49,0.49,57
1568,1568.00,-21.54,-24.74,0.10,4.22,9.89,1.62,1.62,57
1569,1569.00,-21.32,-25.22,0.53,4.81,9.33,3.00,3.00,57
1570,1570.01,-21.20,-25.81,0.60,5.56,8.90,4.23,4.23,57
1571,1571.00,-21.26,-26.38,0.57,6.47,8.53,5.01,5.01,57
1572,1572.00,-21.11,-25.93,0.47,6.70,7.07,5.57,5.57,57
1573,1573.00,-21.22,-25.34,0.60,7.32,5.69,5.79,5.69,57
1574,1574.00,-21.55,-24.77,0.66,7.99,4.57,5.86,4.57,57
1575,1575.01,-21.87,-24.37,0.51,7.42,3.85,6.14,3.85,57
1576,1576.01,-21.69,-24.82,0.49,6.51,3.36,6.11,3.36,57
1577,1577.00,-21.67,-25.32,0.50,6.00,3.06,5.64,3.06,57
1578,1578.00,-21.82,-25.92,0.62,5.92,3.02,5.35,3.02,57
1579,1579.01,-22.09,-26.50,0.64,6.15,3.12,5.15,3.12,57
1580,1580.00,-22.21,-26.67,0.21,6.13,3.35,4.80,3.35,57
1581,1581.00,-21.99,-26.08,0.63,5.43,3.33,3.88,3.33,57
1582,1582.00,-22.09,-25.43,0.66,4.90,3.63,3.26,3.26,57
1583,1583.01,-22.23,-25.02,0.42,4.74,4.09,3.44,3.44,57
1584,1584.00,-22.23,-24.93,0.09,5.03,4.67,4.03,4.03,57
1585,1585.00,-22.23,-24.92,0.01,5.58,5.27,4.75,4.75,57
1586,1586.00,-22.29,-24.84,0.10,6.09,6.14,5.65,5.65,57
1587,1587.00,-22.86,-25.20,0.67,6.91,7.57,6.51,6.51,57
1588,1588.01,-22.91,-25.24,0.07,7.22,8.50,5.83,5.83,57
1589,1589.01,-22.91,-25.24,0.00,6.52,9.34,4.83,4.83,57
1590,1590.01,-22.91,-25.24,0.00,5.94,10.24,3.75,3.75,57
1591,1591.00,-22.91,-25.24,0.00,5.44,11.21,2.57,2.57,57
1592,1592.01,-22.91,-25.24,0.00,5.10,12.10,1.58,1.58,57
1593,1593.00,-23.20,-25.43,0.35,5.22,13.36,1.33,1.33,57
1594,1594.01,-23.62,-25.56,0.44,5.64,14.57,1.59,1.59,57
1595,1595.02,-24.15,-25.60,0.53,6.34,15.78,1.81,1.81,57
1596,1596.00,-24.74,-25.47,0.61,7.22,15.57,1.81,1.81,57
1597,1597.00,-24.75,-25.41,0.05,7.85,14.59,2.67,2.67,57
1598,1598.00,-25.24,-25.07,0.60,8.87,13.60,3.21,3.21,57
1599,1599.01,-25.45,-24.59,0.52,9.77,12.51,3.65,3.65,57
1600,1600.00,-25.36,-24.25,0.35,10.48,11.35,4.33,4.33,57
1601,1601.01,-25.18,-23.85,0.44,11.14,10.16,3.80,3.80,57
1602,1602.01,-24.92,-23.22,0.68,11.04,8.76,2.72,2.72,57
1603,1603.00,-24.85,-22.65,0.58,10.05,7.73,1.97,1.97,57
1604,1604.00,-25.08,-22.08,0.62,9.33,7.15,2.22,2.22,57
1605,1605.00,-25.46,-21.61,0.60,8.81,7.06,3.36,3.36,57
1606,1606.01,-25.98,-21.30,0.61,8.39,7.42,4.90,4.90,57
1607,1607.00,-26.51,-21.24,0.54,7.98,7.97,6.39,6.39,57
1608,1608.01,-26.76,-21.30,0.26,7.31,8.32,7.58,7.31,57
1609,1609.01,-26.93,-21.49,0.25,6.54,8.63,8.68,6.54,57
1610,1610.00,-26.94,-21.47,0.01,5.68,8.92,9.62,5.68,57
1611,1611.00,-26.88,-21.42,0.08,4.76,9.29,10.52,4.76,57
1612,1612.00,-26.81,-21.35,0.09,3.90,9.09,10.95,3.90,57
1613,1613.00,-26.62,-21.50,0.24,3.16,8.49,10.01,3.16,58
1614,1614.01,-26.65,-21.41,0.09,2.72,8.29,9.14,2.72,58
1615,1615.01,-26.77,-20.96,0.46,2.24,8.36,8.30,2.24,58
1616,1616.00,-26.64,-20.31,0.67,1.59,8.22,7.39,1.59,58
1617,1617.00,-26.36,-19.95,0.46,1.52,7.89,6.30,1.52,58
1618,1618.00,-25.87,-19.62,0.59,1.76,7.39,5.41,1.76,58
1619,1619.00,-25.24,-19.43,0.66,2.08,6.81,4.77,2.08,58
1620,1620.00,-25.32,-19.69,0.27,3.12,7.13,4.30,3.12,58
1621,1621.00,-25.15,-19.32,0.40,4.03,7.18,4.61,4.03,58
1622,1622.01,-24.80,-18.83,0.61,4.89,7.05,4.23,4.23,58
1623,1623.01,-24.27,-18.41,0.67,5.57,6.91,3.90,3.90,58
1624,1624.00,-23.62,-18.15,0.70,6.14,6.83,3.66,3.66,58
1625,1625.00,-22.97,-18.05,0.65,6.65,6.98,3.67,3.67,58
1626,1626.00,-22.30,-18.05,0.68,7.05,7.28,3.90,3.90,58
1627,1627.01,-21.64,-18.02,0.66,7.48,7.86,4.01,4.01,58
1628,1628.02,-21.32,-18.05,0.32,8.16,7.31,3.86,3.86,58
1629,1629.01,-21.30,-18.03,0.03,9.14,6.42,3.75,3.75,58
1630,1630.00,-21.23,-17.82,0.23,8.93,5.32,4.09,4.09,58
1631,1631.01,-21.05,-17.30,0.54,8.22,4.01,4.96,4.01,58
1632,1632.00,-20.59,-17.02,0.54,7.17,2.78,5.68,2.78,58
1633,1633.00,-20.36,-16.88,0.27,6.33,2.08,6.32,2.08,58
1634,1634.01,-20.20,-17.04,0.23,5.35,1.88,6.67,1.88,58
1635,1635.00,-20.00,-17.47,0.47,4.22,1.85,6.85,1.85,58
1636,1636.01,-19.97,-17.70,0.24,3.46,2.31,7.37,2.31,58
1637,1637.00,-19.98,-17.84,0.15,3.02,2.98,7.71,2.98,58
1638,1638.00,-20.02,-17.86,0.04,3.02,3.84,7.33,3.02,58
1639,1639.01,-20.01,-17.80,0.06,3.41,4.84,6.99,3.41,58
1640,1640.00,-20.05,-17.83,0.05,3.90,5.78,6.64,3.90,58
1641,1641.00,-20.06,-17.83,0.01,4.59,6.65,6.49,4.59,58
1642,1642.00,-20.07,-17.84,0.01,5.32,7.64,6.57,5.32,58
1643,1643.00,-20.06,-17.84,0.01,6.20,8.59,6.87,6.20,58
1644,1644.01,-20.06,-17.83,0.01,5.77,8.12,7.32,5.77,58
1645,1645.01,-20.07,-17.85,0.02,4.98,7.14,7.77,4.98,58
1646,1646.00,-20.12,-17.83,0.06,4.20,6.22,8.15,4.20,58
1647,1647.00,-20.13,-17.82,0.01,3.57,5.29,7.63,3.57,58
1648,1648.00,-20.12,-17.79,0.03,3.16,4.43,7.12,3.16,58
1649,1649.01,-20.12,-17.77,0.02,3.02,3.51,6.71,3.02,58
1650,1650.00,-20.12,-17.76,0.02,3.21,2.73,6.35,2.73,58
1651,1651.00,-20.11,-17.75,0.01,3.68,2.04,6.06,2.04,58
1652,1652.01,-20.12,-17.78,0.03,4.27,1.74,5.41,1.74,58
1653,1653.00,-20.11,-17.83,0.04,5.00,1.97,4.92,1.97,58
1654,1654.02,-20.17,-17.80,0.06,5.86,2.61,4.58,2.61,58
1655,1655.00,-20.18,-17.79,0.01,6.77,3.42,4.47,3.42,58
1656,1656.00,-20.17,-17.76,0.03,7.72,4.29,4.60,4.29,58
1657,1657.00,-20.17,-17.74,0.02,8.61,5.16,4.94,4.94,58
1658,1658.01,-20.15,-17.72,0.03,7.96,6.11,5.43,5.43,58
1659,1659.01,-20.15,-17.72,0.01,7.06,7.04,6.00,6.00,58
1660,1660.00,-20.16,-17.73,0.01,6.16,6.54,6.64,6.16,58
1661,1661.01,-20.15,-17.74,0.01,5.34,5.61,7.42,5.34,58
1662,1662.01,-20.14,-17.75,0.02,4.52,4.65,7.89,4.52,58
1663,1663.00,-20.13,-17.82,0.07,3.76,3.78,7.44,3.76,58
1664,1664.01,-20.15,-17.78,0.04,3.31,2.95,7.06,2.95,58
1665,1665.01,-20.17,-17.77,0.03,3.03,2.23,6.73,2.23,58
1666,1666.00,-20.16,-17.77,0.01,3.08,1.81,6.55,1.81,58
1667,1667.02,-20.16,-17.76,0.00,3.43,1.89,6.61,1.89,58
1668,1668.01,-20.16,-17.76,0.00,3.97,2.44,6.90,2.44,58
1669,1669.00,-20.16,-17.75,0.00,4.68,3.20,7.31,3.20,58
1670,1670.00,-20.16,-17.75,0.00,5.48,4.08,7.77,4.08,58
1671,1671.00,-20.15,-17.74,0.01,6.33,4.97,8.17,4.97,58
1672,1672.01,-20.14,-17.75,0.02,5.53,5.89,7.70,5.53,58
1673,1673.00,-20.13,-17.82,0.07,4.75,6.73,7.10,4.75,58
1674,1674.00,-20.15,-17.80,0.03,4.02,7.70,6.66,4.02,58
1675,1675.01,-20.18,-17.78,0.04,3.45,8.69,6.30,3.45,58
1676,1676.00,-20.17,-17.75,0.02,3.10,8.15,6.02,3.10,58
1677,1677.02,-20.16,-17.73,0.02,3.06,7.19,5.44,3.06,58
1678,1678.00,-20.16,-17.72,0.02,3.34,6.30,4.98,3.34,58
1679,1679.01,-20.15,-17.72,0.00,3.85,5.37,4.66,3.85,58
1680,1680.01,-20.15,-17.74,0.02,4.48,4.41,4.52,4.41,58
1681,1681.01,-20.15,-17.75,0.02,5.26,3.51,4.61,3.51,58
1682,1682.01,-20.13,-17.82,0.07,6.03,2.63,4.85,2.63,58
1683,1683.00,-20.15,-17.80,0.03,6.93,2.04,5.30,2.04,58
1684,1684.01,-20.18,-17.77,0.04,7.91,1.80,5.92,1.80,58
1685,1685.00,-20.17,-17.75,0.02,8.69,2.00,6.57,2.00,58
1686,1686.00,-20.16,-17.73,0.03,7.81,2.60,7.37,2.60,58
1687,1687.01,-20.16,-17.72,0.01,6.88,3.38,7.92,3.38,58
1688,1688.01,-20.15,-17.73,0.01,5.96,4.29,7.55,4.29,58
1689,1689.00,-20.14,-17.75,0.03,5.13,5.20,7.12,5.13,58
1690,1690.00,-20.13,-17.83,0.07,4.30,6.24,6.69,4.30,58
1691,1691.01,-20.16,-17.77,0.06,3.72,7.19,6.55,3.72,58
1692,1692.00,-20.19,-17.75,0.04,3.25,6.52,6.61,3.25,58
1693,1693.00,-20.17,-17.72,0.04,3.06,5.54,6.90,3.06,58
1694,1694.01,-20.16,-17.69,0.03,3.19,4.58,7.35,3.19,58
1695,1695.01,-20.15,-17.66,0.04,3.59,3.62,7.84,3.59,58
1696,1696.00,-20.15,-17.66,0.00,4.18,2.81,8.23,2.81,58
1697,1698.02,-19.96,-22.09,2.20,6.52,4.78,5.87,4.78,58
1698,1698.02,-19.96,-22.09,nan,6.52,4.78,5.87,4.78,58
1699,1699.00,-19.44,-21.98,0.53,7.55,3.58,6.54,3.58,58
1700,1700.00,-18.78,-21.66,0.74,7.02,2.15,7.40,2.15,58
1701,1701.00,-18.36,-21.35,0.52,6.36,0.90,7.60,0.90,58
1702,1702.01,-18.57,-21.59,0.32,5.28,0.06,6.46,0.06,58
1703,1703.03,-18.66,-21.70,0.14,4.22,0.85,5.42,0.85,58
1704,1704.00,-18.33,-21.12,0.69,3.35,2.41,4.85,2.41,58
1705,1705.01,-17.85,-20.64,0.67,2.86,3.97,4.54,2.86,58
1706,1706.00,-17.23,-20.34,0.69,2.65,5.38,4.51,2.65,58
1707,1707.01,-16.62,-20.23,0.61,2.51,6.63,4.54,2.51,58
1708,1708.01,-16.05,-20.35,0.59,2.34,6.10,4.42,2.34,58
1709,1709.00,-15.55,-20.66,0.59,2.03,5.25,4.20,2.03,58
1710,1710.00,-15.06,-21.15,0.69,1.65,4.51,3.84,1.65,58
1711,1711.00,-14.68,-21.70,0.67,1.20,4.13,3.41,1.20,58
1712,1712.00,-14.37,-22.26,0.64,0.96,4.24,3.02,0.96,58
1713,1713.00,-14.24,-22.49,0.26,0.97,4.59,3.41,0.97,58
1714,1714.00,-14.14,-22.62,0.16,0.64,5.14,4.17,0.64,58
1715,1715.00,-14.11,-22.66,0.06,1.52,5.75,5.19,1.52,58
1716,1716.00,-14.06,-22.65,0.04,2.55,6.45,6.33,2.55,58
1717,1717.01,-14.06,-22.63,0.01,3.49,7.19,7.57,3.49,58
1718,1718.01,-14.03,-22.63,0.04,4.49,7.99,8.73,4.49,58
1719,1719.00,-14.02,-22.62,0.01,5.54,8.84,9.87,5.54,58
1720,1720.01,-13.99,-22.63,0.03,6.51,9.69,10.82,6.51,58
1721,1721.01,-13.97,-22.64,0.03,7.52,10.56,11.57,7.52,58
1722,1722.01,-13.95,-22.63,0.02,8.56,11.51,11.77,8.56,58
1723,1723.01,-13.88,-22.59,0.08,9.63,12.40,11.94,9.63,58
1724,1724.01,-13.86,-22.60,0.02,10.58,11.71,12.14,10.58,58
1725,1725.00,-13.87,-22.60,0.00,11.58,10.82,12.39,10.82,58
1726,1726.00,-13.87,-22.59,0.00,12.59,9.92,12.37,9.92,58
1727,1727.01,-13.87,-22.59,0.00,12.77,9.09,11.29,9.09,58
1728,1728.00,-13.87,-22.59,0.01,11.80,8.23,10.36,8.23,58
1729,1729.00,-13.87,-22.58,0.01,10.79,7.44,9.45,7.44,58
1730,1730.00,-13.87,-22.58,0.01,9.83,6.72,8.49,6.72,58
1731,1731.01,-13.87,-22.58,0.01,8.85,6.13,7.57,6.13,58
1732,1732.00,-13.87,-22.57,0.01,7.82,5.48,6.65,5.48,58
1733,1733.02,-13.87,-22.57,0.00,6.81,5.05,5.78,5.05,58
1734,1734.00,-13.87,-22.57,0.00,5.83,4.81,4.95,4.81,58
1735,1735.00,-13.87,-22.56,0.01,4.89,4.76,4.16,4.16,58
1736,1736.01,-13.86,-22.56,0.01,3.89,4.96,3.51,3.51,58
1737,1737.01,-13.85,-22.56,0.01,2.90,5.33,3.13,2.90,58
1738,1738.00,-13.84,-22.61,0.05,1.98,5.82,3.63,1.98,58
1739,1739.00,-13.81,-22.60,0.04,1.12,6.49,4.42,1.12,58
1740,1740.00,-13.80,-22.55,0.05,0.71,6.03,5.45,0.71,58
1741,1741.00,-13.70,-22.41,0.17,0.88,5.63,6.67,0.88,58
1742,1742.00,-13.66,-22.40,0.04,1.36,5.25,7.93,1.36,58
1743,1743.00,-13.63,-22.60,0.21,2.20,5.02,9.13,2.20,58
1744,1744.00,-13.61,-22.64,0.04,3.21,5.04,10.19,3.21,58
1745,1745.00,-13.62,-22.62,0.01,4.16,5.23,11.18,4.16,58
1746,1746.00,-13.60,-22.60,0.02,5.13,5.62,11.89,5.13,58
1747,1747.01,-13.59,-22.59,0.02,6.11,6.16,12.12,6.11,58
1748,1748.00,-13.57,-22.61,0.03,7.15,6.81,12.25,6.81,58
1749,1749.00,-13.56,-22.62,0.02,8.19,7.44,12.43,7.44,58
1750,1750.00,-13.55,-22.63,0.00,9.13,8.27,12.68,8.27,58
1751,1751.00,-13.55,-22.63,0.00,10.17,9.12,12.63,9.12,58
1752,1752.00,-13.54,-22.65,0.02,11.14,9.99,11.67,9.99,58
1753,1753.00,-13.54,-22.65,0.00,12.13,10.83,10.81,10.81,58
1754,1754.01,-13.55,-22.65,0.00,13.08,11.75,9.79,9.79,58
1755,1755.00,-13.55,-22.65,0.00,12.87,12.62,8.82,8.82,58
1756,1756.03,-13.55,-22.65,0.00,11.85,11.86,7.93,7.93,58
1757,1757.01,-13.55,-22.65,0.00,10.92,10.98,6.99,6.99,58
1758,1758.00,-13.47,-22.77,0.14,10.01,10.23,6.20,6.20,58
1759,1759.00,-13.49,-22.75,0.03,9.02,9.33,5.30,5.30,58
1760,1760.01,-13.49,-22.75,0.00,8.00,8.55,4.54,4.54,58
1761,1761.00,-13.49,-22.75,0.00,7.06,7.75,3.83,3.83,58
1762,1762.00,-13.49,-22.75,0.00,6.05,7.07,3.28,3.28,58
1763,1763.01,-13.57,-22.59,0.18,4.96,6.24,3.82,3.82,58
1764,1764.02,-13.98,-22.30,0.49,3.52,5.21,4.39,3.52,58
1765,1765.01,-14.43,-22.35,0.46,2.10,4.44,4.88,2.10,58
1766,1766.03,-14.77,-22.58,0.41,0.86,3.92,5.59,0.86,58
1767,1767.00,-15.00,-22.82,0.34,0.38,3.64,6.44,0.38,58
1768,1768.00,-15.06,-23.05,0.24,1.32,3.69,7.53,1.32,58
1769,1769.01,-15.17,-23.45,0.41,1.05,3.81,8.56,1.05,58
1770,1770.01,-15.08,-24.09,0.65,1.29,4.11,9.59,1.29,58
1771,1771.00,-14.85,-24.51,0.47,2.36,4.61,10.54,2.36,58
1772,1772.00,-14.89,-24.37,0.14,3.08,4.23,10.85,3.08,58
1773,1773.01,-14.85,-24.56,0.20,4.12,3.97,11.20,3.97,58
1774,1774.01,-14.83,-24.55,0.03,5.08,3.99,11.55,3.99,58
1775,1775.00,-14.84,-24.56,0.01,6.01,4.23,11.93,4.23,58
1776,1776.00,-14.83,-24.56,0.01,6.97,4.70,12.02,4.70,58
1777,1777.01,-14.83,-24.56,0.00,7.98,5.32,11.04,5.32,58
1778,1778.00,-14.83,-24.56,0.00,8.93,6.06,10.04,6.06,58
1779,1779.00,-14.82,-24.55,0.01,9.94,6.82,9.10,6.82,58
1780,1780.01,-14.83,-24.56,0.01,10.86,7.70,8.16,7.70,58
1781,1781.01,-14.83,-24.56,0.00,11.85,8.54,7.09,7.09,58
1782,1782.01,-14.83,-24.56,0.01,12.83,9.46,6.11,6.11,58
1783,1783.00,-14.83,-24.56,0.00,12.19,10.33,5.13,5.13,58
1784,1784.00,-14.83,-24.55,0.00,11.22,11.29,4.14,4.14,58
1785,1785.00,-14.83,-24.56,0.01,10.22,12.25,3.16,3.16,58
1786,1786.00,-14.83,-24.56,0.00,9.23,13.17,2.23,2.23,58
1787,1787.01,-14.83,-24.56,0.00,8.30,14.06,1.37,1.37,58
1788,1788.00,-14.83,-24.56,0.00,7.30,13.22,1.97,1.97,58
1789,1789.00,-14.83,-24.56,0.00,6.31,12.25,2.85,2.85,58
1790,1790.00,-14.83,-24.55,0.01,5.36,11.35,3.93,3.93,58
1791,1791.00,-14.83,-24.55,0.00,4.41,10.39,5.17,4.41,58
1792,1792.02,-14.83,-24.56,0.01,3.53,9.49,6.45,3.53,58
1793,1793.02,-14.83,-24.56,0.00,2.68,8.60,7.63,2.68,58
1794,1794.01,-14.85,-24.51,0.05,1.91,7.69,8.76,1.91,58
1795,1795.00,-14.84,-24.49,0.02,1.48,6.81,9.77,1.48,58
1796,1796.01,-14.82,-24.55,0.06,1.69,6.06,10.57,1.69,58
1797,1797.01,-14.83,-24.55,0.00,1.53,5.37,10.93,1.53,58
1798,1798.00,-14.82,-24.55,0.00,1.89,4.72,11.20,1.89,58
1799,1799.00,-14.84,-24.57,0.02,2.58,4.23,11.53,2.58,58
1800,1800.00,-14.80,-24.66,0.11,3.51,4.05,11.97,3.51,58
